FactSet Entity ID,Institution_name,AI_Targeting vs. Profile Page
06SKJ2-E,Clearlake Capital Group LP,
000TNX-E,"T. Rowe Price Associates, Inc. (Investment Management)",
073S3G-E,Capital Research & Management Co. (Global Investors),
06NPXD-E,Capital Research & Management Co. (World Investors),
000KLZ-E,Fidelity Management & Research Co.,
009T0F-E,Mubadala Development Co. PJSC (Private Equity),
060S25-E,"Berkshire Hathaway, Inc. (Investment Management)",
0D5G47-E,Capital Research & Management Co. (International Investors),
000PHW-E,Massachusetts Financial Services Co.,
000YS6-E,Wellington Management Co. LLP,
0011M0-E,Dodge & Cox,
001NP4-E,PRIMECAP Management Co.,
002K8G-E,Baillie Gifford & Co.,
06KMJB-E,BlackRock Investment Management (UK) Ltd.,
002HXG-E,"Charles Schwab Investment Management, Inc.",
05J6LL-E,Legal & General Investment Management Ltd.,
05QBT3-E,"Nikko Asset Management Co., Ltd.",
000WWX-E,State Farm Investment Management Corp.,
05K2L2-E,Aberdeen Standard Investments (Australia) Ltd.,
077CYS-E,"Bank of America, NA (Private Banking)",
0BHPV4-E,"Charles Schwab Investment Advisory, Inc.",
06BJ1G-E,ClearBridge Investments LLC,
05F9M2-E,"Franklin Advisers, Inc.",
000LH7-E,Harris Associates LP,
05FW98-E,Lyxor International Asset Management SAS,
0GB4MX-E,Morgan Stanley Smith Barney LLC (Invt Mgmt),
075GP8-E,Muzinich & Co. Ltd.,
004189-E,First Eagle Investment Management LLC,
000KJ7-E,Fisher Asset Management LLC,
002HL1-E,"Invesco Advisers, Inc.",
05TP21-E,Invesco Capital Management LLC,
05F9JR-E,Mellon Investments Corp.,
05KFYG-E,Norges Bank Investment Management,
05J6S2-E,The Bank of New York Mellon Corp. (Investment Management),
08GP1D-E,BlackRock Advisors (UK) Ltd.,
002DJT-E,Eagle Capital Management LLC,
07KBRX-E,Edward D. Jones & Co. LP (Investment Management),
001MVX-E,Franklin Mutual Advisers LLC,
002HTK-E,Henderson Global Investors Ltd.,
05M7YH-E,MFS International (UK) Ltd.,
071N8T-E,Magellan Asset Management Ltd.,
0HMD9K-E,Newport Trust Co.,
002HWS-E,Parnassus Investments,
05FGHP-E,Principal Global Investors LLC,
001ZHV-E,"TD Asset Management, Inc.",
001BC5-E,"UBS Financial Services, Inc.",
000Q6S-E,"JPMorgan Investment Management, Inc.",
067LK5-E,Longview Partners LLP,
000P8J-E,"Loomis, Sayles & Co. LP",
05FDPL-E,Parametric Portfolio Associates LLC,
09X55R-E,Sanders Capital LLC,
0D8XX0-E,Schweizerische Nationalbank (Investment Portfolio),
05GVFN-E,Swedbank Robur Fonder AB,
002VK6-E,Walter Scott & Partners Ltd.,
05F9FS-E,AllianceBernstein LP,
002JRV-E,Atlanta Capital Management Co. LLC,
089DR7-E,"BlackRock Financial Management, Inc.",
08D3XB-E,BlackRock Fund Advisors,
09Q5CD-E,Columbia Management Investment Advisers LLC,
001MJX-E,Davis Selected Advisers LP,
001FKZ-E,Jennison Associates LLC,
000HGT-E,Macquarie Investment Management Business Trust,
009SF1-E,Managed Account Advisors LLC,
002GDT-E,Polen Capital Management LLC,
0613Y6-E,SBI Funds Management Pvt Ltd.,
05J8D9-E,"SSgA Funds Management, Inc.",
002HP5-E,Teachers Advisors LLC,
002FYS-E,"The Vanguard Group, Inc.",
002BSH-E,Eaton Vance Management,
002187-E,"Fiduciary Management, Inc.",
0BFS1Y-E,Fundsmith LLP,
0DCFD3-E,Goldman Sachs & Co. LLC (Private Banking),
06WRQY-E,National Pension Service of Korea,
002B3Q-E,New York State Common Retirement Fund,
001NBV-E,"PNC Bank, NA (Investment Management)",
002HPC-E,TIAA-CREF Investment Management LLC,
000D7G-E,The California Public Employees Retirement System,
05HHTN-E,Alecta Pension Insurance Mutual,
002C2Z-E,"American Century Investment Management, Inc.",
001L2N-E,Artisan Partners LP,
0024SV-E,"BAMCO, Inc.",
05H9LL-E,"BMO Asset Management, Inc.",
000CM9-E,"Barrow, Hanley, Mewhinney & Strauss LLC",
0B8HZ2-E,Betterment LLC,
002HQY-E,"Beutel, Goodman & Co. Ltd.",
064HJF-E,"Boston Partners Global Investors, Inc.",
0H6JNC-E,Credit Suisse Asset Management (Schweiz) AG,
005GJD-E,"Diamond Hill Capital Management, Inc.",
0B1W7T-E,Fiera Capital Corp. (Investment Management),
009ZBY-E,Financial Engines Advisors LLC,
05K75W-E,Findlay Park Partners LLP,
002K0M-E,Goldman Sachs Asset Management LP,
002HTG-E,Great-West Capital Management LLC,
05V28X-E,ICICI Prudential Asset Management Co. Ltd.,
0BT985-E,MFS International Singapore Pte. Ltd.,
0CFF4J-E,"Merrill Lynch, Pierce, Fenner & Smith, Inc. (Invt Mgmt)",
06327D-E,Mitsubishi UFJ Trust & Banking Corp. (Investment Management),
0FM5MX-E,NN Investment Partners BV,
061N0V-E,Reliance Nippon Life Asset Management Ltd. (Invt Mgmt),
005JLG-E,Tortoise Capital Advisors LLC,
05FWL8-E,UBS AG (Investment Management),
05GDRG-E,Union Investment Privatfonds GmbH,
0DLBGG-E,Vanguard Global Advisers LLC,
002HYD-E,"Wells Capital Management, Inc.",
0D7C6T-E,"Wells Fargo Bank, NA (Private Banking)",
002XD5-E,Akre Capital Management LLC,
05FW5F-E,Allianz Global Investors GmbH (France),
0CKQWQ-E,Aristotle Capital Management LLC,
002L8H-E,"CIBC Private Wealth Advisors, Inc.",
002DRR-E,California State Teachers' Retirement System,
005HGK-E,Cantillon Capital Management LLC,
002XR7-E,Chevy Chase Trust Co.,
002J6M-E,Edgewood Management LLC,
002J4D-E,Fayez Sarofim & Co.,
002J0Z-E,Gardner Russo & Gardner LLC,
003QSJ-E,GuideStone Capital Management LLC,
07MY7Y-E,Korea Investment Corp. (Investment Management),
002GB5-E,Manulife Asset Management (US) LLC,
0DB9DH-E,Manulife Asset Management Ltd.,
07NMMQ-E,Neuberger Berman Investment Advisers LLC,
000R9G-E,New York State Teachers Retirement System,
05J871-E,"Northern Trust Investments, Inc.(Investment Management)",
0D9L9X-E,"Raymond James & Associates, Inc. (Invt Mgmt)",
0031SR-E,RhumbLine Advisers LP,
05G7NS-E,Robeco Institutional Asset Management BV,
002H12-E,Sands Capital Management LLC,
05JK9P-E,Sjunde AP-fonden,
000WPQ-E,"Southeastern Asset Management, Inc.",
05K28L-E,State Street Global Advisors Ltd.,
000WX0-E,State of Wisconsin Investment Board,
002TPV-E,Strategic Advisers LLC,
002XTV-E,UBS Asset Management (UK) Ltd.,
002D91-E,"Vontobel Asset Management, Inc.",
002H1F-E,WCM Investment Management LLC,
05HDM8-E,Aditya Birla Sun Life AMC Ltd.,
000HPH-E,BNY Mellon Investment Adviser Inc.,
09ZTH9-E,Brown Advisory LLC,
05G53H-E,Candriam Belgium SA,
0024N0-E,Capital Research & Management Co.,
006VY9-E,Champlain Investment Partners LLC,
000JTR-E,First Pacific Advisors LP,
001XC9-E,"Greenhaven Associates, Inc.",
05M9G5-E,"JPMorgan Chase Bank, NA (Investment Management)",
0031GD-E,"Jarislowsky, Fraser Ltd.",
002D5Y-E,"Jensen Investment Management, Inc.",
05FW7K-E,La Banque Postale Asset Management SA,
05VHVJ-E,Lazard Asset Management LLC,
0DWKTN-E,"Letko, Brosseau & Associates Inc.",
05LLL3-E,Lindsell Train Ltd.,
05J82J-E,Loews Corp. (Investment Portfolio),
05HT6V-E,New Jersey Division of Investment,
000SX3-E,"OppenheimerFunds, Inc.",
002BRP-E,State Board of Administration of Florida Retirement System,
05PZV5-E,Sustainable Growth Advisers LP,
05F805-E,T. Rowe Price International Ltd.,
005GT1-E,The London Company of Virginia LLC,
000D1Q-E,UBS Asset Management (Americas) Inc.,
00DXXK-E,USAA Asset Management Co.,
05FYG9-E,Vontobel Asset Management AG,
00GFHN-E,Aberdeen Standard Capital Ltd.,
002GKD-E,Brown Capital Management LLC,
05H6R0-E,Burgundy Asset Management Ltd.,
05K7XR-E,CAPFI DELEN Asset Management SA,
0090BK-E,Energy Income Partners LLC,
08756C-E,Fidelity (Canada) Asset Management ULC,
001XP1-E,Harding Loevner LP,
0DMMKB-E,Jackson Square Partners LLC,
05KCJS-E,Lazard Asset Management Pacific Co.,
09Y9MP-E,Morgan Stanley Asia Ltd.,
0CK66Z-E,Morgan Stanley Asia Ltd. (Investment Management),
05G79W-E,Nordea Investment Management AB (Denmark),
0011QK-E,"PPM America, Inc.",
06M2R5-E,Pictet Asset Management SA,
0CPSFB-E,Rothschild HDF Investment Solutions SA,
05Z5C4-E,Standard Life Investments (USA) Ltd.,
0DHGV8-E,Storebrand Asset Management AS,
05QLZ4-E,Templeton Asset Management Ltd.,
002P34-E,The Caisse de dépôt et placement du Québec,
05KQW8-E,The Retirement Systems of Alabama,
05FK9V-E,UTI Asset Management Co. Ltd. (Investment Management),
0616QL-E,Unicorp Patrimonio Sociedad de Valores SA,
00121D-E,Van Eck Associates Corp.,
002J5L-E,Waddell & Reed Investment Management Co.,
0DS4KY-E,AFP Integra SA (Investment Management),
094VV1-E,ANIMA Sgr SpA,
05LKNS-E,"APG Asset Management US, Inc.",
09N7PK-E,Allianz Global Investors U.S. LLC,
000C8Y-E,Ariel Investments LLC,
06PKY7-E,AustralianSuper Pty Ltd.,
073RD0-E,Banca d'Italia (Investment Portfolio),
002HJB-E,BlackRock Advisors LLC,
08DLP8-E,BlackRock Asset Management Canada Ltd.,
06L8XD-E,BlackRock Investment Management LLC,
05G6C9-E,C WorldWide Asset Management Fondsmæglerselskab A/S,
09YDZ6-E,Cincinnati Financial Corp. (Investment Portfolio),
0C7CGL-E,"Creative Planning, Inc.",
001PBJ-E,"Eagle Asset Management, Inc.",
061S4H-E,Generation Investment Management LLP,
06GQJC-E,ICICI Prudential Life Insurance Co. Ltd. (Invt Port),
05PCMH-E,Impax Asset Management Ltd.,
0034MV-E,Invesco Canada Ltd.,
00B346-E,LPL Financial LLC,
002GJ2-E,Marathon Asset Management LLP,
0049MN-E,Principal Real Estate Investors LLC,
002K96-E,Putnam Investment Management LLC,
06F5NK-E,RBC Capital Markets LLC (Investment Management),
00GLD1-E,Roundwood Asset Management LLC,
002J7T-E,Schroder Investment Management Ltd.,
0F1YTS-E,Swan Global Management LLC,
0CK7WP-E,Tesco Pension Investment Ltd.,
002JWC-E,Winslow Capital Management LLC,
060XWW-E,ASR Nederland NV (Investment Company),
05FWLG-E,Aberdeen Standard Investments (Asia) Ltd.,
0H9DCJ-E,Adventist Health System Sunbelt Healthcare Corp. (Invt Mgmt),
000TGV-E,"Amundi Pioneer Asset Management, Inc.",
05SG74-E,"Asset Management One Co., Ltd.",
09QWRD-E,BNP PARIBAS ASSET MANAGEMENT Belgium (Germany),
002G6D-E,"Bahl & Gaynor, Inc.",
000DPG-E,Brave Warrior Advisors LLC,
00FBTX-E,Broad Run Investment Management LLC,
05FW75-E,Comgest SA,
001M0W-E,Cooke & Bieler LP,
0DCX79-E,DWS Investment GmbH,
002GYZ-E,"Disciplined Growth Investors, Inc.",
0645TX-E,"Envestnet Asset Management, Inc.",
05YQZJ-E,"Epoch Investment Partners, Inc.",
05FWKC-E,FIL Investment Advisors (UK) Ltd.,
0049LH-E,Geode Capital Management LLC,
0JJTR6-E,H&H International Investment LLC,
06SHF5-E,Harvest Fund Advisors LLC,
002HB7-E,Hotchkis & Wiley Capital Management LLC,
069ZFJ-E,Legg Mason Asset Management (Australia) Ltd.,
0DH2NF-E,MML Investment Advisers LLC,
05J8GQ-E,Macquarie Investment Management Europe SA,
0089SY-E,"Matson Money, Inc.",
003NJ3-E,Mawer Investment Management Ltd.,
002JSD-E,Newton Investment Management Ltd.,
05L9XV-E,PGGM Vermogensbeheer BV,
002HH2-E,Provident Trust Co.,
06YXZ7-E,Pzena Investment Management LLC,
0BJ0LD-E,"RBC Global Asset Management, Inc.",
002HN1-E,RE Advisers Corp.,
002CH3-E,Select Equity Group LP,
000XKH-E,TCW Asset Management Co. LLC,
05WNM1-E,Veritas Asset Management LLP,
002KM8-E,"Victory Capital Management, Inc.(Investment Management)",
001QN6-E,AEW Capital Management LP,
079DBF-E,Architas Multi-Manager Ltd.,
09RQPM-E,Axis Asset Management Co. Ltd.,
09QWTV-E,BNP Paribas Asset Management Belgium SA,
08BZBV-E,"BlackRock Japan Co., Ltd.",
075X2R-E,Cambridge Investments Ltd. (UK),
0749Y2-E,"Capital International, Inc. (Investment Management Singapore)",
002N8C-E,Churchill Management Corp.,
05X3CL-E,Coho Partners Ltd.,
00FC49-E,Cortland Advisers LLC,
05TW3B-E,DSP Investment Managers Pvt Ltd.,
0G1KQH-E,Degroof Petercam Asset Management SA,
09MYSF-E,DoubleLine Capital LP,
0HDYF9-E,Evenlode Investment Management Ltd.,
06DB7L-E,FIAM LLC,
05K9CZ-E,FIL Investment Management (Australia) Ltd.,
002CDB-E,First Trust Advisors LP,
00FC5V-E,Green Valley Investors LLC,
06BHZM-E,HDFC Standard Life Insurance Co. Ltd. (Investment Portfolio),
05HHYP-E,Hamblin Watsa Investment Counsel Ltd.,
05K8XH-E,Hamlin Capital Management LLC,
0013BS-E,Hermes Investment Management Ltd.,
001LNL-E,Hershey Trust Co.,
06LG12-E,"IA Clarington Investments, Inc.",
0FQXHV-E,ICM Investment Management Ltd.,
05NSK3-E,Itaú Unibanco SA,
00B25F-E,"JPMorgan Private Investments, Inc.",
05MBX1-E,"KeyBank, NA (Investment Management)",
05TW73-E,Kotak Mahindra Asset Management Co. Ltd.,
000NVY-E,Luther King Capital Management Corp.,
009TKS-E,Mar Vista Investment Partners LLC,
002J2D-E,Markel-Gayner Asset Management Corp.,
05FWG7-E,Morgan Stanley Investment Management Ltd.,
009TC5-E,Nationwide Fund Advisors,
001TCP-E,"NewSouth Capital Management, Inc.",
05G9FD-E,ODIN Forvaltning AS,
05FW8N-E,Oddo BHF Asset Management SAS,
002F4J-E,Perkins Investment Management LLC,
002XG1-E,Riverbridge Partners LLC,
002H7Y-E,Russell Investment Management LLC,
004GLH-E,SPF Beheer BV,
0DL9TZ-E,SailingStone Capital Partners LLC,
06069X-E,Sarasin & Partners LLP,
002J4G-E,"Schafer Cullen Capital Management, Inc.",
00B025-E,"Smead Capital Management, Inc.",
002HHG-E,Strategic Investment Management LLC,
001JWR-E,SunAmerica Asset Management LLC,
002H17-E,Templeton Global Advisors Ltd.,
0DYG4K-E,The Northwestern Mutual Life Insurance Co. (Invt Port),
0CSZGL-E,The Prudential Assurance Co. Ltd. (Life & Pension Funds),
05HYKX-E,Troy Asset Management Ltd.,
000ZBK-E,"Tweedy, Browne Co. LLC",
003G7H-E,"US Bancorp Asset Management, Inc.",
07FKDK-E,VGI Partners Pty Ltd. (Investment Management),
05H63X-E,"Van Berkom & Associates, Inc.",
00C8HT-E,Vulcan Value Partners LLC,
0HHTF9-E,Wealthfront Strategies LLC,
0FJXBY-E,William Blair Investment Management LLC,
0FSDDK-E,ACR Alpine Capital Research LLC,
06JVMR-E,"ALPS Advisors, Inc.",
081XP2-E,Aberdeen Standard Investments (Japan) Ltd.,
0C2NT4-E,Allianz Investment Management LLC,
0JDPYZ-E,Altaba Inc (Investment Company),
05PG7S-E,Aperio Group LLC,
05G2Z0-E,BBVA Asset Management SA SGIIC,
05FYY3-E,BNP Paribas Investment Partners SGR SpA,
0D4XBB-E,CPH Capital Fondsmaeglerselskab A/S,
005CJ2-E,Chickasaw Capital Management LLC,
05G643-E,Credit Suisse AG,
05G9B7-E,Danske Capital AS,
000HJ9-E,Dimensional Fund Advisors LP,
001YF6-E,"Donald Smith & Co., Inc.",
0BR0JV-E,Fairpointe Capital LLC,
05KBWD-E,Fideuram Asset Management (Ireland) DAC,
009S80-E,"First Republic Investment Management, Inc.",
05XF2G-E,Flossbach von Storch AG,
00577F-E,Gabelli Funds LLC,
00DD7S-E,Gallagher Fiduciary Advisors LLC,
002GTP-E,Gateway Investment Advisers LLC,
05G784-E,HSBC Global Asset Management (UK) Ltd.,
05VGC6-E,Handelsbanken Fonder AB,
001MCT-E,Iridian Asset Management LLC,
05FW7Z-E,JPMorgan Asset Management (UK) Ltd.,
001RLW-E,"John W. Bristol & Co., Inc. (New York)",
0607RV-E,KLS Professional Advisors Group LLC,
09KH7Z-E,L&T Investment Management Ltd.,
0C98F5-E,MFS Institutional Advisors Inc. (Australia),
002YWR-E,MFS Investment Management Canada Ltd.,
05J0NR-E,MIV Asset Management AG,
05JXQP-E,Maple-Brown Abbott Ltd.,
00716H-E,Morningstar Investment Services LLC,
05G6NV-E,Nordea Investment Management AB,
0DLWQM-E,Old Republic International Corp. (Investment Management),
05PDRZ-E,Operadora Inbursa de Fondos de Inversión SA de CV,
0CXXXG-E,Personal Capital Advisors Corp.,
05JM1R-E,"Quadravest Capital Management, Inc.",
0H87MQ-E,Rothschild Asset Management SCS,
002JLB-E,Royal London Asset Management Ltd.,
05J6KB-E,"SPARX Asset Management Co., Ltd.",
009Z7J-E,"Scheer, Rowlett & Associates Investment Management Ltd.",
05WPSP-E,Schroder Investment Management (Japan) Ltd.,
078CJJ-E,Shareholder Value Management AG,
002M1L-E,Silchester International Investors LLP,
0CW4TM-E,Silvercrest Asset Management Group LLC,
05T0CT-E,State Street Global Advisors Asia Ltd.,
001T5F-E,State Teachers Retirement System of Ohio,
00BZKF-E,TD Ameritrade Investment Management LLC,
00250F-E,Templeton Investment Counsel LLC,
0DV7BY-E,The Magnolia Group LLC,
05GSG8-E,Threadneedle Asset Management Ltd.,
002HHL-E,"Timucuan Asset Management, Inc.",
00BQ8J-E,Triple Frond Partners LLC,
0H1SJS-E,VP Fund Solutions (Liechtenstein) AG (Investment Management),
002H53-E,Voya Investment Management Co. LLC,
0010RD-E,Westfield Capital Management Co. LP,
05GZ5L-E,AMF Pensionsförsäkring AB,
06MV32-E,Allianz Global Investors GmbH,
05MZ1Y-E,"American Capital Management, Inc.",
0DFPJT-E,Andbank Wealth Management SGIIC SAU,
05HLL2-E,BLI - Banque de Luxembourg Investments SA,
0B5W6Z-E,Bellatrix Asset Management SA,
002JMH-E,"Boston Trust Investment Management, Inc.",
05KSHP-E,Callan LLC,
0B4DPV-E,Carnegie Fonder AB,
0C88Z6-E,Clarkston Capital Partners LLC,
002J01-E,Congress Asset Management Co. LLP,
062YG9-E,DNCA Finance SA,
001HBR-E,First Manhattan Co.,
0DQXNL-E,Foord Asset Management (Singapore) Pte Ltd.,
002J0Q-E,"Fort Washington Investment Advisors, Inc.",
05H2NN-E,Franklin Bissett Investment Management,
001ZY1-E,Frontier Capital Management Co. LLC,
000KVL-E,"GAMCO Asset Management, Inc.",
0CSDC8-E,GLC Asset Management Group Ltd.,
05HQ7S-E,Guardian Capital LP,
002JM1-E,Hardman Johnston Global Advisors LLC,
076CB3-E,Heartwood Wealth Management Ltd.,
05HL2P-E,"Industrial Alliance Investment Management, Inc.",
000N8F-E,Janus Capital Management LLC,
002HTZ-E,Kayne Anderson Rudnick Investment Management LLC,
05J6LR-E,Liontrust Investment Partners LLP,
07FLWG-E,Liontrust Investments Ltd.,
002HGH-E,"Mairs & Power, Inc.",
0BTH0V-E,Mensarius AG,
002GTQ-E,"New England Asset Management, Inc.",
05K6NQ-E,Nikko Asset Management Australia Ltd.,
00566B-E,Northern Trust Global Investments Ltd.,
001YT0-E,Ohio Public Employees Retirement System,
0DLC8B-E,Paradice Investment Management LLC,
06LRGY-E,Platypus Asset Management Pty Ltd.,
05FQ8V-E,Polaris Capital Management LLC,
075SG7-E,"Robert W. Baird & Co., Inc. (Private Banking)",
002WCB-E,Santa Barbara Asset Management LLC,
00CF6T-E,Saratoga Research & Investment Management,
05K304-E,Schroder Investment Management Australia Ltd.,
000WMY-E,Snyder Capital Management LP,
001M89-E,"Sound Shore Management, Inc.",
001ZTT-E,SouthernSun Asset Management LLC,
05HMTP-E,Sprucegrove Investment Management Ltd.,
001MYB-E,St. Denis J. Villere & Co. LLC,
002HGT-E,"SunTrust Banks, Inc. (Wealth Management)",
007RXL-E,"TD Waterhouse Private Investment Counsel, Inc.",
05V3BF-E,Tata Asset Management Ltd.,
05K31K-E,The Norinchukin Bank (Investment Management),
00104F-E,"Thornburg Investment Management, Inc.",
0020GL-E,Vanguard Fiduciary Trust Co.,
0D04VK-E,VinaCapital Investment Management Ltd. (Invt Mgmt),
0032WK-E,"Wedgewood Partners, Inc.",
0010BP-E,"Weitz Investment Management, Inc.",
085HDR-E,AG2R LA MONDIALE GESTION d'ACTIFS SA,
000BPX-E,APG Asset Management NV,
085TCH-E,ArrowMark Colorado Holdings LLC,
05LV4J-E,"Bares Capital Management, Inc.",
0DKF4G-E,Bill & Melinda Gates Foundation Trust (Investment Management),
0DX2LP-E,Charles-Lim Capital Ltd.,
001CVY-E,"Cohen & Steers Capital Management, Inc.",
001MJ6-E,Colorado Public Employees' Retirement Association,
0071ZN-E,"Commonwealth Equity Services, Inc.",
003KS4-E,Conestoga Capital Advisors LLC,
05FWD3-E,Covéa Finance SAS,
002GBT-E,"D. F. Dent & Co., Inc.",
00482K-E,DSM Capital Partners LLC,
0GNHJ3-E,Douglas Lane & Associates LLC,
0DYG3Z-E,Factory Mutual Insurance Co. (Investment Portfolio),
001LWQ-E,"Fenimore Asset Management, Inc.",
00128H-E,Fiduciary Trust Co. International,
06MCL2-E,Fondsmæglerselskabet Maj Invest A/S,
00356P-E,Franklin Templeton Investments Corp.,
05H5ZH-E,Fédéral Finance Gestion SA,
0K94J5-E,Generali Investments Partners SpA SGR (Germany),
05H8J8-E,Goldman Sachs Asset Management International,
072XMR-E,GuardCap Asset Management Ltd.,
073403-E,HS Management Partners LLC,
05H00X-E,HSBC Global Asset Management (Canada) Ltd.,
0D6ST5-E,Hosking Partners LLP,
0684JQ-E,Invus Public Equities Advisors LLC,
0H042R-E,Jordan Park Group LLC,
0C17X6-E,Kiltearn Partners LLP,
000P8M-E,"Lord, Abbett & Co. LLC",
066BY9-E,Lyxor Asset Management SAS,
0DKM72-E,Michigan Department of Treasury (Investment Management),
05K8LL-E,Millburn Ridgefield Corp.,
00367N-E,Miller Value Partners LLC,
0C3RQJ-E,Momentum Asset Management Pty Ltd.,
0CQD0W-E,Montag & Caldwell LLC,
05VRRL-E,Morant Wright Management Ltd.,
0B0TWH-E,Motilal Oswal Asset Management Co. Ltd.,
002H3S-E,"Nomura Asset Management Co., Ltd.",
002FRN-E,Oakmont Corp.,
06H10T-E,Oldfield Partners LLP,
000F6K-E,"Omega Advisors, Inc.",
05M9DN-E,Packer & Co. Ltd.,
05K91T-E,Pareto Asset Management AS,
0084HS-E,ProShare Advisors LLC,
05FWFG-E,Rathbone Unit Trust Management Ltd.,
0D8QQB-E,"Raymond James Financial Services Advisors, Inc.",
0606NV-E,Resolution Capital Ltd.,
05HNL1-E,State Street Global Advisors France SA,
005GB2-E,Tesuji Partners LLC,
002JYR-E,The Haverford Trust Co.,
002GVY-E,"Thrivent Investment Management, Inc.",
067BN5-E,Tilney Investment Management Services Ltd.,
0CSJB1-E,USS Investment Management Ltd.,
05J24Y-E,WWK Investment SA,
05HCR0-E,1832 Asset Management LP,
0G10MK-E,AURETAS family trust GmbH,
05WFV9-E,Aditya Birla Sun Life Insurance Co. Ltd.,
09X83T-E,Alphinity Investment Management Pty Ltd.,
05F2TR-E,Blackstone Corporate Private Equity,
0BYRGS-E,CBRE Clarion Securities LLC,
002YBS-E,Capital Counsel LLC,
002H99-E,"Check Capital Management, Inc.",
05QPVM-E,"China Asset Management Co., Ltd.",
05Q47Z-E,Comgest Far East Ltd.,
0088SD-E,Cullen Capital Management LLC,
05SG6R-E,Daiwa Asset Management Co. Ltd.,
002KQD-E,Davenport & Co. LLC,
05MX1B-E,Dragon Capital Management Co. Ltd.,
002SZ7-E,EARNEST Partners LLC,
05G4L2-E,Fideuram Investimenti SGR SpA,
05HMYF-E,Folketrygdfondet,
0735Y5-E,International Value Advisers LLC,
05G31Z-E,Investec Asset Management Ltd.,
07N61S-E,KBC Asset Management SA,
05GSFD-E,KLP Kapitalforvaltning AS,
08GD59-E,Mediolanum Asset Management Ltd.,
0DLJ19-E,Mizuho Bank Ltd. (Private Banking),
06QBDB-E,Mn Services Vermogensbeheer BV,
000RBG-E,"Nicholas Co., Inc.",
001X1H-E,"Private Management Group, Inc.",
05G3L9-E,Raiffeisen Kapitalanlage-Gesellschaft mbH,
00B7JP-E,Railway Pension Investments Ltd.,
001PRH-E,Royce & Associates LP,
006LK6-E,SCS Capital Management LLC,
06CN9W-E,Satrix Managers (RF) Pty Ltd.,
05GH73-E,Saturna Capital Corp.,
05FWJ8-E,Schroder Investment Management (Hong Kong) Ltd.,
0DLGLZ-E,Scotia Inverlat Casa de Bolsa SA de CV (Investment Management),
05VXVB-E,"Shinkin Asset Management Co., Ltd.",
05W9CN-E,Shiozumi Asset Management Co. Ltd.,
008F0Y-E,Stonebridge Advisors LLC,
06FMJ8-E,Stonehage Fleming Investment Management Ltd.,
05ZYFF-E,T. Rowe Price International Ltd. (Japan),
05TN5C-E,"TMB Asset Management Co., Ltd.",
002HFK-E,The Dow Chemical Co. Pension Fund,
0D8K7R-E,Towers Watson Investment Management Ltd.,
05G5BQ-E,UBS Asset Management (Singapore) Ltd.,
001PKW-E,"Wasatch Advisors, Inc.",
0GXBHN-E,Woodford Investment Management Ltd.,
05V81C-E,ACTIAM NV,
05DYPD-E,"AGF Investments, Inc.",
05HP6D-E,AMP Capital Investors Ltd.,
002LLQ-E,Acadian Asset Management LLC,
06LPCY-E,Allianz Suisse Versicherungs-Gesellschaft AG,
08B3YW-E,Amitim Senior Pension Funds,
0FNFL0-E,Antipodes Partners Ltd.,
0DZ7ZM-E,Aristotle Capital Boston LLC,
06T9G9-E,Atlanticomnium SA,
0DK3L3-E,Australian Foundation Investment Co. Ltd. (Invt Mgmt),
001Y7Z-E,"Becker Capital Management, Inc.",
0CVX5Y-E,"BlackRock Capital Management, Inc.",
06PMGQ-E,BlackRock Investment Management (Australia) Ltd.,
00CQY0-E,BlackRock México Operadora SA de CV SOFI,
05HLLV-E,Caixabank Asset Management SGIIC SA,
060K8R-E,Calamos Advisors LLC,
05HPFF-E,Canada Pension Plan Investment Board,
05Q0M6-E,"Cardinal Capital Management, Inc.",
05GRNK-E,"ClearArc Capital, Inc.",
05J6Y6-E,Commerce Bank (Investment Management),
06126X-E,Cornelian Asset Managers Ltd.,
006F31-E,DWS International GmbH,
001XT4-E,"DWS Investment Management Americas, Inc.",
001LWP-E,Everett Harris & Co.,
002HKC-E,Fairholme Capital Management LLC,
06D7ZW-E,"Fidelity National Financial, Inc. (Investment Management)",
0C8L2V-E,"Giverny Capital, Inc.",
05HF0J-E,"Greystone Managed Investments, Inc.",
000VD2-E,"HSBC Global Asset Management (USA), Inc.",
003XVC-E,Hahn Capital Management LLC,
07HQ1Z-E,HighTower Advisors LLC,
00DLS5-E,Krane Funds Advisors LLC,
000P57-E,"Lilly Endowment, Inc.",
09X3QH-E,"MD Financial Management, Inc.",
001150-E,Manning & Napier Advisors LLC,
05F6G5-E,Matthews International Capital Management LLC,
061WXY-E,"Mitsubishi UFJ Financial Group, Inc.",
00BYT4-E,Montanaro Asset Management Ltd.,
05SL92-E,PIMCO Europe Ltd.,
06JD60-E,"Presima, Inc.",
06VZ1N-E,RB&Co. Holdings LLC,
006SNJ-E,Research Affiliates LLC,
075R81-E,RiverFront Investment Group LLC,
0D21DW-E,RobecoSAM AG,
002XSZ-E,"Rothschild & Co. Asset Management US, Inc.",
0044WZ-E,SEI Investments Management Corp.,
001M67-E,"Sasco Capital, Inc.",
002GVK-E,Scharf Investments LLC,
001NJZ-E,"Schroder Investment Management North America, Inc.",
002HNP-E,"Security Capital Research & Management, Inc.",
001GM8-E,Shapiro Capital Management LLC,
006W46-E,"Stack Financial Management, Inc.",
06S7H6-E,Standard & Poor's Investment Advisory Services LLC (Inv Mgmt),
05K57N-E,Tennessee Consolidated Retirement System,
06NY70-E,Teslin Capital Management BV,
002HQM-E,The Ayco Co. LP,
00122J-E,Third Avenue Management LLC,
002DKP-E,Towle & Co.,
09TY9R-E,"Value Partners Investments, Inc.",
0606CR-E,Vanguard Investments Australia Ltd.,
00724F-E,Wells Fargo Advisors Financial Network LLC,
083P6C-E,zCapital AG,
077WXJ-E,AFP ProVida SA (Investment Management),
00DQBP-E,AXA Equitable Funds Management Group LLC,
001ZF3-E,Aberdeen Asset Managers Ltd.,
002CBF-E,Adelante Capital Management LLC,
005DWD-E,Alesco Advisors LLC,
05K6Q5-E,Allan Gray (Pty) Ltd.,
05KNGR-E,Arisaig Partners (Asia) Pte Ltd.,
002P06-E,Atalanta Sosnoff Management LLC,
05FW5R-E,Aviva Investors France SA,
05G6QK-E,Aviva Investors Global Services Ltd.,
07DND3-E,BLS Capital Fondsmæglerselskab A/S,
09ZT5F-E,BNP Paribas Asset Management UK Ltd.,
001XKH-E,"Beck, Mack & Oliver LLC",
05MSWB-E,Bernzott Capital Advisors,
08C7YJ-E,BlackRock Asset Management Deutschland AG,
0012LW-E,Brandywine Global Investment Management LLC,
05SRLT-E,Brookfield Asset Management PIC Canada LP,
06YMQ7-E,Cacti Asset Management LLC,
002G25-E,Cambiar Investors LLC,
001D27-E,Cardinal Capital Management LLC,
002H9D-E,"Compass Capital Management, Inc.",
001091-E,Cramer Rosenthal McGlynn LLC,
002LP3-E,"Crawford Investment Counsel, Inc.",
05ZP00-E,DFA Australia Ltd.,
05RSLQ-E,DJE Kapital AG,
05J57J-E,DZ PRIVATBANK SA,
002HDF-E,David Vaughan Investments LLC,
05HHKR-E,Delen Private Bank NV,
002H9M-E,Duff & Phelps Investment Management Co.,
0090L4-E,Edelman Financial Services LLC,
002Y4P-E,Ensemble Capital Management LLC,
05LM8Y-E,Equity Investment Corp.,
000BQ0-E,"Fred Alger Management, Inc.",
07G01N-E,"GBM Administradora de Activos, SA de CV SOSI",
0DK8PG-E,"General American Investors Co., Inc. (Investment Management)",
09Y6NM-E,Global Thematic Partners LLC,
0H29NP-E,Green Court Capital Management Ltd.,
002P47-E,"Greenleaf Asset Management, Inc.",
067NMK-E,Hang Seng Investment Management Ltd.,
002GRZ-E,"Harvard Management Co., Inc.",
001YN3-E,Heitman Real Estate Securities LLC,
00D1DK-E,Hemenway Trust Co. LLC,
09LG9C-E,Hermes European Equities Ltd.,
0FSL2F-E,ING Belgium SA/NV (Private Banking),
07WHGF-E,Independent Franchise Partners LLP,
060SGZ-E,Industrivärden AB (Investment Company),
0FNVPR-E,Intermede Investment Partners Ltd.,
05FWFW-E,Jupiter Asset Management Ltd.,
0FFZ67-E,Jyske Bank A/S (Investment Management),
0DD9T3-E,Kopernik Global Investors LLC,
002HGF-E,LSV Asset Management,
0D1JF6-E,Lincluden Investment Management Ltd.,
0H1GXQ-E,MFS International Australia Pty Ltd.,
06MXD6-E,Menora Mivtachim Insurance Ltd.,
0CK9YR-E,Milliman Financial Risk Management LLC,
006WF6-E,Minneapolis Portfolio Management Group LLC,
0BTK0H-E,Morningstar Investment Management Europe Ltd.,
05V0KZ-E,Neptune Investment Management Ltd.,
002GXF-E,Newfleet Asset Management LLC,
077QV4-E,ODDO BHF Trust GmbH,
0G7T3Q-E,"Prudential Gibraltar Financial Life Insurance Co., Ltd. (IP)",
002K02-E,"R. M. Davis, Inc.",
06PFZW-E,RBC Global Asset Management (UK) Ltd.,
05HSWF-E,Ruffer LLP,
0C6SVF-E,Sundaram Asset Management Co. Ltd.,
0FM08J-E,Söderberg & Partners Asset Management SA,
076GXP-E,Thames River Multi-Capital LLP,
0DJF4L-E,The Scottish Investment Trust Plc (Invt Mgmt),
0CZGT6-E,Veritas Investment Management LLP,
002HCG-E,"W.H. Reaves & Co., Inc.",
002GLY-E,"Wafra, Inc.",
001LWB-E,Welch & Forbes LLC,
05K7GZ-E,Wellington Management International Ltd.,
002KLD-E,Westwood Management Corp. (Texas),
076622-E,1607 Capital Partners LLC,
0DL98H-E,AdvicePeriod LLC,
05G9FG-E,Alfred Berg Kapitalforvaltning AS,
05GDK9-E,"Allianz Global Investors Japan Co., Ltd.",
0D7FVR-E,Allianz Popular Asset Management SGIIC SA,
06NG37-E,American Money Management Corp.,
05K3M3-E,Antares Capital Partners Ltd.,
001Y8B-E,Brandes Investment Partners LP,
0FKQLP-E,Brederode SA (Investment Management LU),
001JZX-E,Brown Brothers Harriman & Co. (Investment Management),
002L86-E,C. S. McKee LP,
05H4CW-E,"CI Investments, Inc.",
0019KF-E,"CIBC Asset Management, Inc.",
0C8MBZ-E,CORDA Investment Management LLC,
05M4QM-E,Canara Robeco Asset Management Co. Ltd.,
05HPTV-E,CapitalatWork SA,
05Q21W-E,Cicero Fonder AB,
0D6XNS-E,"Cidel Asset Management, Inc.",
0CN24P-E,City National Rochdale LLC,
002H5S-E,"Connor, Clark & Lunn Investment Management Ltd.",
0KMSQC-E,Continental Grain Company Corp. (Investment Management),
0BTDX9-E,Coöperatieve Media Pensioen Diensten UA,
05RZLY-E,DELEN PRIVATE BANK (LUXEMBOURG) SA,
05FYYC-E,Deka Investment GmbH,
05PN7C-E,Douglass Winthrop Advisors LLC,
05ZBT5-E,"E Fund Management Co., Ltd.",
09G4ML-E,East Capital AB,
0618KM-E,Employees Retirement System of Texas,
05G2J8-E,Eurizon Capital SGR SpA,
002H2R-E,"Fuller & Thaler Asset Management, Inc.",
0GB1FK-E,GQG Partners LLC,
05J826-E,Honeywell Capital Management LLC,
09Q7VZ-E,"Huatai-PineBridge Fund Management Co., Ltd.",
05L80N-E,Investors Mutual Ltd.,
002GMC-E,"J. V. Bruni & Co., Inc.",
001S4W-E,Kahn Brothers Advisors LLC,
07D2FX-E,Kinnevik AB (Investment Company),
09HLPM-E,"Kotak Mahindra Life Insurance Co., Ltd.",
0G78ZR-E,Kovitz Investment Group Partners LLC,
05FWHS-E,LGM Investments Ltd.,
09LYKD-E,La Française Asset Management SAS,
002HLB-E,Lazard Asset Management Ltd.,
0090MJ-E,Lyrical Asset Management LP,
00D132-E,Madison Investment Advisors LLC,
008KTT-E,Mariner LLC,
07NVQX-E,Mercier Vanderlinden Asset Management NV,
006840-E,"Morgan Stanley Investment Management, Inc.",
003BXT-E,Nichols & Pratt Advisers LLP,
069464-E,Northcape Capital Pty Ltd.,
00C84T-E,Nuance Investments LLC,
001J5M-E,Oak Associates Ltd.,
05V6VD-E,PM Capital Ltd.,
002GB3-E,Prio Wealth LP,
06027M-E,Rathbone Investment Management Ltd.,
002G8H-E,Sadoff Investment Management LLC,
0D5MM5-E,Salt Funds Management Ltd.,
06PXW2-E,Sauren Finanzdienstleistungen GmbH & Co. KG,
002GFH-E,"Stacey Braun Associates, Inc.",
06DQ8L-E,Stephens Investment Management Group LLC,
0CH3WD-E,"Sumitomo Mitsui Trust Bank, Ltd. (Investment Management)",
076780-E,Tata AIA Life Insurance Co. Ltd.,
069SKD-E,The Bollard Group LLC,
005HHB-E,The Golub Group LLC,
074N5C-E,"Turtle Creek Asset Management, Inc.",
009ZY2-E,Turtle Creek Management LLC,
00189R-E,"UMB Bank, NA (Investment Management)",
0C970H-E,"Uniplan Investment Counsel, Inc.",
0C7JDM-E,Vantage Investment Partners LLC,
073SCQ-E,Welzia Management SGIIC SA,
002P7T-E,"Williams, Jones & Associates LLC",
0088TN-E,"Willis Investment Counsel, Inc.",
0DX2Q6-E,APCM Wealth Management for Individuals LLC,
05TR4S-E,Abax Investments (Pty) Ltd.,
05F1DG-E,Alaska Permanent Capital Management Co.,
009TDH-E,Allan Gray Australia Pty Ltd.,
003LBD-E,Altrinsic Global Advisors LLC,
0BKBY6-E,Apollo Capital Management LP,
002JGG-E,"Arvest Investments, Inc.",
001LHH-E,Avenir Corp.,
0GK52S-E,"BB&T Institutional Investment Advisers, Inc.",
07NG7K-E,BBVA Bancomer Gestión S.A. de C.V. SOFI,
0BTD27-E,"BDO Unibank, Inc. (Investment Management)",
05HTL1-E,BFT Investment Managers SA,
000KN8-E,BMO Asset Managers Ltd.,
06WSS6-E,Banco Santander SA,
05V7SP-E,Barclays Bank Plc (Private Banking),
05FWKV-E,Baring Asset Management Ltd.,
009Z41-E,Birch Hill Investment Advisors LLC,
009XY7-E,Boston Management & Research,
05TZ2D-E,British Airways Pension Investment Management Ltd.,
0DRH69-E,COMMERZBANK AG (Investment Management),
0024MZ-E,Capital Guardian Trust Co.,
003HTZ-E,Causeway Capital Management LLC,
0DGV71-E,Central Securities Corp. (Investment Management),
05ZBBN-E,"China Southern Asset Management Co., Ltd.",
001MTF-E,Comerica Bank (Investment Management Texas),
002JD4-E,Community Trust & Investment Co.,
00BDK5-E,Confluence Investment Management LLC,
0079KS-E,Cornerstone Investment Partners LLC,
007BH7-E,Cushing Asset Management LP,
05GSK4-E,DNB Asset Management AS,
0071ZZ-E,DRW Securities LLC,
05G975-E,Danske Bank A/S (Investment Management),
003BWQ-E,"Davidson Investment Advisors, Inc.",
0CHF7N-E,Dynamo Internacional Gestão de Recursos Ltda.,
002H5F-E,E.S. Barr & Co.,
0BD4SB-E,ETHENEA Independent Investors SA,
0DX2JJ-E,Edgehill Endowment Partners LLC,
002G6N-E,ExxonMobil Corp. Pension Trust,
005VPR-E,Federated Equity Management Company of Pennsylvania,
05P5CR-E,Federated Investment Management Co.,
05JJ9M-E,Fjärde AP-fonden,
05N8B0-E,Fürst Fugger Privatbank AG,
002HFZ-E,GW&K Investment Management LLC,
0011MX-E,Glenmede Investment Management LP,
07MMJ7-E,Greencape Capital Pty Ltd.,
05G36K-E,Gulf International Bank (UK) Ltd.,
07M6S8-E,HSBC Global Asset Management (México) SA de CV,
05HM8Y-E,Ibercaja Gestión SGIIC SA,
06X6B8-E,Investment AB Latour (Investment Company),
07C34C-E,"J.J.B. Hilliard, W.L. Lyons LLC (Investment Management)",
05FWFP-E,J.O. Hambro Capital Management Ltd.,
006WKL-E,JMG Financial Group Ltd.,
0DDLFQ-E,Janney Montgomery Scott LLC (Investment Management),
0D5PXL-E,Jasper Ridge Partners LP,
05J8FY-E,Kemper Corp. (Investment Portfolio),
000NWQ-E,"Klingenstein, Fields & Co. LLC",
05HJDG-E,Kohlberg Kravis Roberts & Co. LP,
002J22-E,Longview Asset Management LLC,
002J23-E,"Loring, Wolcott & Coolidge Fiduciary Advisors LLP",
0CQ7ZQ-E,Madison International Realty Holdings LLC,
05KFKK-E,Marriott Asset Management Pty Ltd.,
09N2MH-E,McInroy & Wood Ltd.,
002HVY-E,Meyer Handelman Co. LLC,
060DTF-E,"Mirae Asset Global Investments Co., Ltd.",
0605XC-E,Mondrian Investment Partners Ltd.,
002HLZ-E,NISA Investment Advisors LLC,
05V7ZM-E,NS Partners Ltd.,
05K9Q7-E,National Mutual Insurance Fed. of Agricultural Cooperatives,
05J862-E,Neuberger Berman BD LLC,
000R62-E,Neumeier Poma Investment Counsel LLC,
05LGTQ-E,"Nikko Asset Management Americas, Inc.",
0C2S4B-E,Portfolio Solutions LLC,
000TRW-E,Private Capital Management LLC,
05T63P-E,Prosperity Capital Management (RF) Ltd.,
05K9CX-E,Prudential Investment Managers (South Africa) (Pty) Ltd.,
071H88-E,RARE Infrastructure Ltd. (Investment Management),
002HHQ-E,"RBC Global Asset Management (US), Inc.",
0683HK-E,River Road Asset Management LLC,
002HH8-E,"Roffman Miller Associates, Inc.",
0GRD0C-E,SB Investment Advisers (UK) Ltd.,
06W19P-E,SBI Life Insurance Co. Ltd. (Investment Portfolio),
05R5ZW-E,"Samsung Asset Management Co., Ltd.",
002JHW-E,Sterling Capital Management LLC,
0DMSKN-E,"Stifel Nicolaus & Co., Inc. (Investment Management)",
003J08-E,"Summit Equities, Inc.",
00CTKX-E,"TPG Group Holdings (SBS) Advisors, Inc.",
002T43-E,TimesSquare Capital Management LLC,
001P6G-E,Torray LLC,
00B0MR-E,"Truepoint, Inc.",
008K0W-E,United Capital Financial Advisers LLC,
00BYF5-E,"Wallace Capital Management, Inc.",
06SXYX-E,Wellcome Trust Ltd. (Direct Investments),
00FF6N-E,XL Group Investments LLC,
0C7L47-E,YCG LLC,
001KSQ-E,Yacktman Asset Management LP,
06T5YJ-E,Zürcher Kantonalbank (Investment Management),
0HFK4M-E,Ålandsbanken Fondbolag AB (Sweden),
05G027-E,1919 Investment Counsel LLC,
05RQXG-E,ACATIS Investment Kapitalverwaltungsgesellschaft mbH,
00FKRN-E,ARK Investment Management LLC,
05FW81-E,AXA Investment Managers UK Ltd.,
000BL3-E,"Advisory Research, Inc.",
05G6QL-E,Alfred Berg Kapitalförvaltning AB,
0950ZW-E,Amundi (UK) Ltd.,
0G7PZK-E,Arca Fondi SGR SpA,
061863-E,Arizona State Retirement System,
0862V4-E,AzValor Asset Management SGIIC SA,
05LMXJ-E,"BNP Paribas Asset Management USA, Inc.",
05MMPK-E,Bain Capital Private Equity LP,
05FWK3-E,Banque Pictet & Cie SA,
0B6RFM-E,Barclays Capital Luxembourg SARL,
0H5YP2-E,Bardin Hill Investment Partners LP,
0090Q4-E,Barton Investment Management LLC,
05Q8VT-E,Bordier & Cie (UK) Plc,
002JMT-E,"Bradley, Foster & Sargent, Inc.",
0035ZH-E,"Bridges Investment Management, Inc.",
07LNLK-E,Brookfield Asset Management (Infrastructure),
09KLWX-E,Brookfield Public Securities Group LLC,
09M1BL-E,CSOP Asset Management Ltd.,
06P053-E,Cambridge Associates LLC,
05G7J1-E,Carmignac Gestion SA,
05WXLN-E,Cedar Rock Capital Ltd.,
05TPY0-E,Channing Capital Management LLC,
0693ZZ-E,Colonial First State Asset Management (Australia) Ltd.,
0011V4-E,"Cortland Associates, Inc. (Missouri)",
0C5X4Z-E,DT Investment Partners LLC,
079G80-E,EULAV Asset Management,
05PHWT-E,Epsilon Associati SGR SpA,
00BF2W-E,Eventide Asset Management LLC,
088GN2-E,Evercore Wealth Management LLC,
068FD9-E,FIL Investments International (Germany),
07HKTT-E,Federated Global Investment Management Corp.,
002J0K-E,Fiduciary Trust Co.,
007058-E,First Long Island Investors LLC,
05Q0XH-E,Flagship Pioneering,
0022CW-E,"Foresters Investment Management Co., Inc.",
0D3W7P-E,Foundry Partners LLC (Minnesota),
007GKK-E,Franklin Templeton Institutional LLC,
0GFD5C-E,General Electric Co. (Investment Company),
002G44-E,"Gillespie, Robinson & Grimm, Inc.",
07MS12-E,Global Alpha Capital Management Ltd.,
05NFMF-E,HDFC Asset Management Co. Ltd. (Invt Mgmt),
05LRG4-E,Heathbridge Capital Management Ltd.,
002HDZ-E,"Henry H. Armstrong Associates, Inc.",
0071DR-E,Hillcrest Asset Management LLC,
002PWD-E,Horizon Kinetics Asset Management LLC,
06PTFZ-E,"Horizons ETFs Management (Canada), Inc.",
0C92YD-E,"Howard Capital Management, Inc.",
06T541-E,Huber Capital Management LLC,
05HLXC-E,Insight Venture Management LLC,
05FW6C-E,Invesco Asset Management Ltd.,
06LD0N-E,Invesco Hong Kong Ltd.,
002GTZ-E,"Johnson Investment Counsel, Inc.",
05G2B9-E,Kames Capital Plc,
0GX6W6-E,Kotak Mahindra Asset Management (Singapore) Pte Ltd.,
0085KN-E,Levin Capital Strategies LP,
000PC4-E,MacKay Shields LLC,
05HCRJ-E,"Montrusco Bolton Investments, Inc.",
0FX685-E,NF Trinity Capital (Hong Kong) Ltd.,
002H7B-E,Natixis Advisors LP,
006KLJ-E,Natural Gas Partners LLC,
05J6JS-E,Nissay Asset Management Corp.,
0CWMB3-E,"OFI Steelpath, Inc.",
0CZGC6-E,Oddo BHF Asset Management GmbH,
0BBZXN-E,Operadora Actinver SA de CV,
05LT39-E,Pacific Heights Asset Management LLC,
00BQPP-E,Poplar Forest Capital LLC,
0BMCZ8-E,Primavera Capital Group Ltd.,
09Q6FZ-E,Prosperity Capital Management Ltd.,
0HN7NC-E,Public Investment Fund (Private Equity),
0C96NK-E,Q3 Asset Management Corp.,
05HDH0-E,"QV Investors, Inc.",
002J4B-E,RREEF America LLC,
00CXY4-E,"RWWM, Inc.",
05L8J6-E,Schroder Real Estate Investment Management Ltd.,
09Y0R8-E,Silver Lake Management Co. LLC,
00120G-E,Skyline Asset Management LP,
0648GK-E,"TCMI, Inc.",
002J55-E,"TWIN Capital Management, Inc.",
07DRL7-E,Thoma Bravo LLC,
000P1Y-E,Thomas H. Lee Partners LP,
001JWZ-E,"Van Den Berg Management I, Inc.",
0012X3-E,Warburg Pincus LLC,
05P2KM-E,Waverton Investment Management Ltd.,
0D3J68-E,Wells Fargo Clearing Services LLC,
002H8L-E,Westwood Management Corp. (Illinois),
00D1HH-E,Wharton Business Group LLC,
05GNGN-E,"Wilmington Trust Investment Advisors, Inc.",
0GMCDL-E,Winder Investment Pte Ltd.,
064VS0-E,Windward Capital Management Co.,
07YY1R-E,AH Capital Management LLC,
06Q0FM-E,AIA Singapore Pte Ltd.,
05WS3T-E,AMI Asset Management Corp.,
06L32Q-E,Aberdeen Standard Investments (Hong Kong) Ltd.,
000BKX-E,Advent International Corp.,
06LJ1K-E,Aegon PTE SA,
0DHDVY-E,Allianz Global Investors GmbH (UK),
002PJ9-E,Alta Capital Management LLC,
0032R9-E,Argent Capital Management LLC,
0FG27B-E,"Associated Trust Co., N.A. (Wisconsin)",
0G3LL6-E,Atairos Management LP,
05ZYV1-E,B. Metzler seel. Sohn & Co. KGaA,
0H6SCK-E,BC Partners Advisors LP,
05G875-E,BI Asset Management Fondsmæglerselskab A/S,
05KRKB-E,Berkshire Partners LLC,
005GBS-E,"Bingham, Osborn & Scarborough LLC",
061L26-E,"Black Creek Investment Management, Inc.",
05K84F-E,Bridgewater Associates LP,
07J1XX-E,Brouwer & Janachowski LLC,
0041CH-E,Cambridge Trust Co.,
002GBN-E,"Capital Investment Services of America, Inc.",
0G0LPF-E,Capital Research & Management Co. (Fixed Income Investors),
0HLGT3-E,CenterSquare Investment Management LLC,
0DLCMS-E,Ceredex Value Advisors LLC,
002PYP-E,Cohen Klingenstein LLC,
0HZW02-E,ConocoPhillips (Investment Management),
0DVBQ0-E,Construction & Building Unions Superannuation Fund,
0GX28T-E,Crestwood Advisors Group LLC,
004042-E,"Cullinan Associates, Inc.",
0GK9D1-E,D.A. Davidson & Co. (Investment Management),
0020WJ-E,"DePrince, Race & Zollo, Inc.",
00479N-E,Dearborn Partners LLC,
05FWHG-E,ERSTE-SPARINVEST Kapitalanlagegesellschaft mbH,
05PP2T-E,"Emery & Howard Portfolio Management, Inc.",
05FW6N-E,Etoile Gestion SA,
08249T-E,FIL Investments International (Italy),
002J6Q-E,"Farr, Miller & Washington LLC",
002J8Z-E,"First Fiduciary Investment Counsel, Inc.",
000JVD-E,First Reserve Management LP,
009ZC0-E,Focused Investors LLC,
0FTH0P-E,Fort Pitt Capital Group LLC,
088YTW-E,Franklin Templeton Investimentos (Brasil) Ltda.,
0029XN-E,General Atlantic LLC,
001PFN-E,Genesis Investment Management LLP,
0F1LJG-E,Hartford Life Insurance Co. (Investment Portfolio),
003J5G-E,"Hefren-Tillotson, Inc.",
002J6Y-E,Heritage Investors Management Corp.,
05ZBC6-E,"HuaAn Fund Management Co., Ltd.",
080ZKR-E,Index Ventures UK LLP,
06KJXH-E,Indigo Partners LLC,
060WLM-E,Investor AB (Investment Company),
00C18P-E,KKR Investment Management LLC,
001JJ6-E,"Kornitzer Capital Management, Inc.",
05GVDG-E,Länsförsäkringar Fondförvaltning AB,
006VKP-E,Macquarie Capital Investment Management LLC,
05PTCC-E,MainFirst Bank AG (Investment Management),
05K9BD-E,Majedie Asset Management Ltd.,
002HBL-E,Martingale Asset Management LP,
05HWBN-E,"Mizuho Financial Group, Inc.",
0DP9GL-E,Morneau Shepell Asset & Risk Management Ltd.,
06F90L-E,Métropole Gestion SA,
06TMWC-E,Natixis Investment Managers International SA,
05LZ44-E,"Nexus Investment Management, Inc.",
05HQ77-E,Nordea Bank SA,
00103D-E,"Northeast Investment Management, Inc.",
05FW6J-E,OFI Asset Management SA,
0080GH-E,"Parsec Financial Management, Inc.",
05KBVS-E,Polar Capital LLP,
05V80J-E,Pyrford International Ltd.,
0DM02D-E,Riverstone Investment Group LLC,
0BZ084-E,SURA Investment Management México SA de CV,
05LV5B-E,Sage Advisory Services Ltd. Co.,
0709V9-E,"Sage Financial Group, Inc.",
05K5TW-E,Sanlam Investment Management (Pty) Ltd.,
0B82BW-E,Santander Private Banking Gestion SA SGIIC,
0798S3-E,Savills Fund Management GmbH,
001R5D-E,"Schwerin Boyle Capital Management, Inc.",
0FC2MH-E,Shanda Interactive Entertainment Ltd. (Investment Management),
0CY6QP-E,SigFig Wealth Management LLC,
07NGPL-E,St. James Investment Co. LLC,
002TPL-E,"Staley Capital Advisers, Inc.",
05SZQP-E,Stone Point Capital LLC,
06KDZ4-E,"Sullivan, Bruyette, Speros & Blayney LLC",
0KM4Q8-E,Summit Financial LLC,
09T0KR-E,"Sun Life Global Investments (Canada), Inc.",
002GVN-E,Synovus Trust Co. NA (Investment Management),
004F37-E,Texas Permanent School Fund,
001ZP6-E,The Robert Wood Johnson Foundation,
002JPM-E,The Washington Trust Co. of Westerly (Investment Management),
009K4X-E,"Thompson, Siegel & Walmsley LLC",
002H8D-E,"Tirschwell & Loewy, Inc.",
002G53-E,Tocqueville Asset Management LP,
05H8W9-E,Toews Corp.,
05HD1S-E,Unicorn Asset Management Ltd.,
05RK9D-E,Utah Retirement Systems,
05X6XR-E,Veritable LP,
0GCW3X-E,Waddell & Associates LLC,
0034Y0-E,"Waters, Parkerson & Co. LLC",
002HYS-E,"ZWJ Investment Counsel, Inc.",
0CGSG4-E,AMP Capital Investors (UK) Ltd.,
0DDBDK-E,Acorns Advisers LLC,
05KHS7-E,Adams Asset Advisors LLC,
0DF533-E,"Adams Natural Resources Funds, Inc. (Invt Mgmt)",
0B5XFF-E,Alatus Capital SA,
0CG5SB-E,"Ally Financial, Inc. (Investment Management)",
00D6GY-E,"American National Registered Investment Advisor, Inc.",
06LLR8-E,Ampega Investment GmbH,
068560-E,Aozora Investment Co. Ltd.,
05WMY6-E,Apo Asset Management GmbH,
0FZQPP-E,Arctic Fund Management AS,
004CGL-E,Avalon Advisors LLC,
0DFMYG-E,BMO Asset Management Corp.,
081WGM-E,"BOKF, NA",
05HM7D-E,Bankinter Gestión de Activos SA SGIIC,
00D17R-E,"Baskin Financial Services, Inc.",
065PXL-E,Bell Asset Management Ltd. (Investment Management),
001Y83-E,Bessemer Investment Management LLC,
09ZC0Q-E,BlackRock México SA de CV Asesor en Inversiones Independiente,
002Q32-E,Brighthouse Investment Advisers LLC,
0085C3-E,"Bruce & Co., Inc.",
06F75W-E,CCMP Capital Advisors LP,
0BXJBG-E,CHOM CAPITAL GmbH,
00DBT0-E,"CI Global Investments, Inc.",
05FWG8-E,Canada Life Asset Management Ltd.,
06LW5H-E,Catalyst Capital Advisors LLC,
061J3N-E,Cerberus Capital Management LP,
002HXS-E,"Chas. P. Smith & Associates, PA, CPAs",
0801JP-E,Cliffwater LLC,
00DJTG-E,Cove Street Capital LLC,
0FMLSW-E,ETF Managers Group LLC,
0035FV-E,Eagle Global Advisors LLC,
0C9345-E,Efficient Advisors LLC,
07FBKM-E,Eika Kapitalforvaltning AS,
0080CC-E,Emerald Mutual Fund Advisers Trust,
00CGQF-E,Evermore Global Advisors LLC,
002PM8-E,"Financial Counselors, Inc.",
0JYC91-E,Generali Investments Partners SpA SGR,
00B4HZ-E,Global X Management Co. LLC,
001K6F-E,Gofen & Glossberg LLC,
001XW9-E,Ingalls & Snyder LLC,
001XF9-E,Inverness Counsel LLC,
001K96-E,Investment Counselors of Maryland LLC,
05KJKZ-E,KEPLER-FONDS Kapitalanlagegesellschaft m.b.H.,
001TNS-E,"Karpus Management, Inc.",
0CYWYH-E,Kutxabank Gestión SGIIC SA,
00C7HH-E,Lincoln Investment Advisors Corp.,
002TK0-E,MFP Investors LLC,
0GW43H-E,Main Management ETF Advisors LLC,
067XV1-E,Managed Asset Portfolios LLC,
07FWP8-E,Manulife Asset Management Services Bhd.,
004P03-E,MatlinPatterson Global Advisers LLC,
001JK7-E,"Matrix Asset Advisors, Inc.",
0DFPMX-E,Mirabaud Asset Management (Suisse) SA,
0684CV-E,"Mitsubishi UFJ Kokusai Asset Management Co., Ltd.",
0B0JF8-E,NewAlpha Asset Management SAS,
0HHJV9-E,North Island Manageco LLC,
0BCNBH-E,Nuveen Asset Management LLC,
05LRRY-E,ORIX USA Corp.,
0C8W2J-E,Oakview Capital Management LP,
05J87Y-E,Peapack-Gladstone Bank (Investment Management),
002HMM-E,Peregrine Capital Management LLC,
002MYG-E,Pinnacle Associates Ltd.,
002J7N-E,Quest Investment Management LLC,
0C8Q2P-E,Raub Brock Capital Management LP,
00804Q-E,Regis Management Co. LLC,
002HX7-E,"Rice, Hall, James & Associates LLC",
0C36DZ-E,SQ Advisors LLC,
002M4R-E,Salient Partners LP,
002H7Z-E,"Schaper, Benz & Wise Investment Counsel, Inc.",
002H13-E,"Schwartz Investment Counsel, Inc.",
001YX3-E,"Securian Asset Management, Inc.",
05HY34-E,Sequoia Capital,
0DYND6-E,Shelter Mutual Insurance Co. (Investment Portfolio),
0DQRFF-E,Shigeta Yasumitsu (Investment Portfolio),
05JYY6-E,Skagen AS (Investment Management),
05LVNC-E,"Smith, Graham & Co. Investment Advisors LP",
05LVY7-E,South Texas Money Management Ltd.,
00CZN8-E,State Street Global Advisors Ireland Ltd.,
0CH436-E,"Sumitomo Mitsui Trust Asset Management Co., Ltd.",
06H1MX-E,TIAA Endowment & Philanthropic Services LLC,
05HW11-E,Tekla Capital Management LLC,
002KNN-E,Templeton Asset Management Ltd. (Hong Kong),
002H3G-E,Terry McDaniel & Co.,
00DD7M-E,The Mather Group LLC,
003PK2-E,Trilogy Global Advisors LP,
06JN25-E,Trinity Street Asset Management LLP,
05G6H3-E,Universal-Investment-Gesellschaft mbH (Invt Mgmt),
0GFLHR-E,VCU Investment Management Co.,
002KBP-E,Vaughan Nelson Investment Management LP,
07LZ88-E,Vunani Fund Managers Pty Ltd.,
0KXH8S-E,"Wealthnavi, Inc. (Investment Management)",
0GHVVY-E,Worm Capital LLC,
004GM6-E,"1st Source Corporation Investment Advisors, Inc.",
09R82Y-E,AMF Fonder AB,
0090TB-E,AMG National Trust Bank,
05FWLH-E,"Aberdeen Standard Investments, Inc.",
05VMQ4-E,Absa Asset Management Pty Ltd. (Investment Management),
0611JK-E,"Addenda Capital, Inc.",
002JPV-E,Allstate Investment Management Co.,
004B51-E,American Assets Investment Management LLC,
0DYG40-E,Amica Mutual Insurance Co. (Investment Portfolio),
002H8W-E,Anchor Capital Advisors LLC,
05KQS8-E,Artemis Investment Management LLP,
06ZJ8W-E,Aspiriant LLC,
0089LJ-E,BKD Wealth Advisors LLC,
06S97F-E,"BTS Asset Management, Inc.",
002HQQ-E,Bainco International Investors LLC,
008ND1-E,Ballentine Partners LLC,
0BXF85-E,Bankia Fondos SGIIC SA,
002JV7-E,Berkshire Asset Management LLC,
05HLDM-E,Bestinver Gestión SA SGIIC,
002LQK-E,Boston Financial Management LLC,
073N5H-E,Busey Trust Co.,
0GMWYQ-E,Calvert Research & Management,
0DMS5B-E,Capital Bank & Trust Co. (Investment Management),
05HKHN-E,Cavendish Asset Management Ltd.,
003L6Z-E,"Chesley, Taft & Associates LLC",
002G2B-E,Chilton Capital Management LLC,
0717BB-E,Clifford Swan Investment Counsel LLC,
002HJR-E,Cobblestone Capital Advisors LLC,
0C8WQP-E,"Conservest Capital Advisors, Inc.",
005H6X-E,"DeRoy & Devereaux Private Investment Counsel, Inc.",
0C238L-E,Donaldson Capital Management LLC,
0C5GP3-E,Dundas Partners LLP,
00DQT4-E,Duquesne Family Office LLC,
05HS5S-E,EDM Gestión SA SGIIC,
001LYX-E,"Emerald Advisers, Inc.",
005Y5W-E,EnCap Investments LP,
0088NV-E,Evensky & Katz LLC,
002FQB-E,F.L. Putnam Investment Management Co.,
05G5RC-E,FIL Investments (Japan) Ltd.,
002HFV-E,Fairview Capital Investment Management LLC,
0FY175-E,Fidelity Management & Research (Japan) Ltd.,
0CCZ27-E,FineMark National Bank & Trust,
05J8NW-E,"Foyston, Gordon & Payne, Inc.",
002KB0-E,G. W. Henssler & Associates Ltd.,
06ZPG1-E,GVO Asset Management AG,
0035DT-E,GW & Wade LLC,
002HSX-E,Gamble Jones Investment Counsel,
0050Z3-E,George Kaiser Family Foundation,
002K0L-E,"Godsey & Gibb, Inc.",
05H9CP-E,Goldman Sachs Asset Management Co. Ltd. (Japan),
0011WH-E,"Granahan Investment Management, Inc.",
002J93-E,"Hallmark Capital Management, Inc.",
00DW7Z-E,Hartford Funds Management Co. LLC,
003Z9P-E,Highland Capital Management LP,
07312G-E,"Hikari Tsushin, Inc. (Investment Management)",
07L5ZK-E,"Homrich & Berg, Inc.",
0D5LY3-E,Invesco Asset Management (India) Pvt Ltd.,
05FW6B-E,Invesco Asset Management SA,
05LYWX-E,"J. L. Bainbridge & Co., Inc.",
05VFK1-E,JM Financial Asset Management Ltd.,
0DFGR3-E,Janney Capital Management LLC,
065H07-E,Janus Henderson Investors (Singapore) Ltd.,
0GN5WX-E,Keeley-Teton Advisors LLC,
05G86V-E,Kempen Capital Management NV,
002KQR-E,LaSalle Investment Management Securities LLC,
061T2H-E,Leucadia National Corp. (Asset Management),
006WZK-E,"Linscomb & Williams, Inc.",
00306H-E,"Logan Capital Management, Inc.",
002FTH-E,M&G Investment Management Ltd.,
06W8BD-E,"MLP Investment Holdings, Inc.",
002CCB-E,"Marshfield Associates, Inc.",
002H3C-E,Martin Currie Investment Management Ltd.,
05FW1K-E,Matthew 25 Management Corp.,
002GG9-E,McKinley Capital Management LLC,
00DFPF-E,MetLife Investment Management LLC,
0CRZPS-E,Miracle Mile Advisors LLC,
07GKRS-E,Mittleman Investment Management LLC,
061HDT-E,Moneta Asset Management SAS,
0DLGK2-E,Motley Fool Wealth Management LLC,
002H3Q-E,Mutual of America Capital Management LLC,
05TJZB-E,NEA Management Co. LLC,
05ZXWR-E,NN Investment Partners (C.R.) as,
05SJMM-E,"Nan Shan Life Insurance Co., Ltd.",
001DP2-E,New York Life Investment Management LLC,
0C90JQ-E,Nixon Peabody Financial Advisors LLC,
0BJL96-E,Norron AB,
05LQG8-E,North Carolina Retirement Systems,
002P4K-E,"North Star Asset Management, Inc.",
05GXG4-E,OP Asset Management Ltd.,
0D83Y5-E,Ownership Capital BV,
086TRK-E,PNC Capital Advisors LLC,
00BQTG-E,Palladium Partners LLC,
001N0P-E,"Peter B. Cannell & Co., Inc.",
05Q92M-E,Pramerica SGR SpA,
05VGSC-E,Principal PNB Asset Management Co. Pvt Ltd.,
004L62-E,"Punch & Associates Investment Management, Inc.",
002LGB-E,R. H. Bluestein & Co.,
002HLW-E,"Regions Investment Management, Inc.",
002L9Y-E,"Reinhart Partners, Inc.",
07M5ZC-E,Renaissance Asset Management Pty Ltd.,
09PJ9Y-E,"Robert W. Baird & Co., Inc. (Fixed Income)",
002J1Y-E,SGKBB Ltd.,
06P0F6-E,SRB Corp.,
0CV1WT-E,SVA Plumb Wealth Management LLC,
00D17K-E,Salient Capital Advisors LLC,
00C17P-E,"Sarbit Advisory Services, Inc.",
0C2F1Y-E,"Sather Financial Group, Inc.",
002TMZ-E,Sawgrass Asset Management LLC,
05J48R-E,Schoellerbank AG,
06HCFW-E,Schroder & Co. Ltd.,
081D4D-E,Schweizerische Rückversicherungs-Gesellschaft AG (Invt Port),
0BNJ2G-E,Scotia Fondos SA de CV,
003KZY-E,Seizert Capital Partners LLC,
005DH0-E,Snow Capital Management LP,
09CG0R-E,Sparinvest SA (Denmark),
007WCY-E,Spinnaker Trust,
05P5HT-E,Suncoast Equity Management LLC,
063J38-E,Syz Asset Management (Europe) Ltd.,
05WQH4-E,"T&D Asset Management Co., Ltd.",
002LK1-E,"TDAM USA, Inc.",
006X6W-E,Taurus Asset Management LLC,
001GB0-E,The Banc Funds Co LLC,
05J6V0-E,The Bryn Mawr Trust Co.,
05F349-E,The Carlyle Group LP (Corporate Private Equity),
002H63-E,The First National Bank of Omaha (Investment Management),
06RP12-E,The Glenview Trust Co.,
00CF7K-E,The Ithaka Group LLC,
002WVW-E,The Philadelphia Trust Co.,
066ZJJ-E,Tributary Capital Management LLC,
009LL2-E,"Twele Capital Management, Inc.",
05HXZL-E,Value Partners Ltd.,
05HJ60-E,"Vestar Capital Partners, Inc.",
001YWB-E,Virginia Retirement Systems,
00CGT8-E,"Vista Capital Partners, Inc.",
06PXYG-E,Vitruvian Partners LLP,
07RQC0-E,WHEB Asset Management LLP,
002HYJ-E,Wilmington Trust Investment Management LLC,
0J7T96-E,AJ Bell Asset Management Ltd.,
0H2G9Y-E,Aberdeen Investment Solutions Ltd.,
05FWDY-E,Aberforth Partners LLP,
0C2NSS-E,Abundance Wealth Counselors LLC,
07191G-E,Advance Asset Management Ltd.,
008K3J-E,Alaska Retirement Management Board,
05G26B-E,Amundi Ireland Ltd.,
0CBQDC-E,Attestor Capital LLP,
09DW8G-E,Aviva Investors Poland Towarzystwo Funduszy Inwestycyjnych SA,
0D2CW0-E,BB&T Securities LLC,
007NNS-E,BBR Partners LLC,
0C2KHH-E,BCI Asset Management Administradora General de Fondos SA,
05FW5X-E,BNP Paribas Asset Management France SAS,
0B7VRZ-E,BNP Paribas Asset Management India Pvt Ltd.,
007K11-E,"BNP Paribas Asset Management, Inc.",
066XWF-E,Bank of Nova Scotia Trust Co.,
002FZ2-E,"Beach Investment Counsel, Inc.",
05VD99-E,Bethmann Bank AG,
002GYB-E,"Blackhill Capital, Inc.",
05K1Y6-E,CCLA Investment Management Ltd.,
006RHS-E,Cabot-Wellington LLC,
06RZ5H-E,Cadiz Asset Management (Pty) Ltd.,
0CKMWR-E,"Cambridge Investment Research Advisors, Inc.",
05GSNX-E,Chai Trust Co LLC,
0035V5-E,Charles D. Hyman & Co.,
001LLJ-E,City of London Investment Management Co. Ltd.,
06GSPM-E,Clal Pension & Provident Funds Ltd.,
000YND-E,Columbia Wanger Asset Management LLC,
002GHH-E,"Connors Investor Services, Inc.",
0H5V27-E,Contact Asset Management Pty Ltd.,
00CF49-E,Contrarius Investment Management Ltd.,
002Y8N-E,"Cornerstone Capital, Inc.",
0DQVX5-E,Counterpoint Boutique (Pty) Ltd.,
00F4B3-E,Crestview Advisors LLC,
05G65Y-E,Deka Vermögensmanagement GmbH,
00143D-E,"Delphi Financial Group, Inc.",
07KRZF-E,"Desjardins Global Asset Management, Inc.",
05ZP03-E,Dimensional Fund Advisors Ltd.,
0CYQWV-E,Dragoneer Investment Group LLC,
0BQCLM-E,Elk Creek Partners LLC,
05Z3B4-E,FOCAM AG,
003C3L-E,Fidelity Investments Canada ULC,
05PY4X-E,First State Investments (Hong Kong) Ltd.,
002DFH-E,"Flippin, Bruce & Porter, Inc.",
0085RQ-E,Fund Evaluation Group LLC,
06L3KR-E,Global Investment House KPSC (Investment Management),
05PW4T-E,Grandfield & Dodd LLC,
05TDZL-E,HSBC Asset Management (India) Pvt Ltd.,
05KPSG-E,HSBC Global Asset Management (Deutschland) GmbH,
002KYX-E,HSBC Global Asset Management (Hong Kong) Ltd.,
05HMGS-E,Hargreaves Lansdown Fund Managers Ltd.,
003K71-E,Harvey Investment Co. LLC,
064NPL-E,"Hirtle, Callaghan & Co. LLC",
05MFWB-E,Huntington National Bank (Investment Management),
0032V2-E,Impax Asset Management LLC,
05F5KQ-E,Institutional Venture Partners,
0D58B0-E,Invesco Investment Advisers LLC,
003F4Q-E,J.M. Hartwell LP,
003SXD-E,Kimelman & Baird LLC,
06SW1N-E,Lampe Asset Management GmbH,
002KQS-E,Lateef Investment Management LP,
002LPL-E,"Lee, Danner & Bass, Inc.",
002G84-E,Lodestar Investment Counsel LLC,
002LXV-E,MIT Investment Management Co.,
006KWB-E,Madison Asset Management LLC,
0FMNQQ-E,Magallanes Value Investors SA SGIIC,
002L32-E,Markston International LLC,
002THY-E,Marsico Capital Management LLC,
00D0W5-E,Martin Investment Management LLC,
0083Z0-E,Maryland Capital Management LLC,
0C3PHK-E,McCutchen Group LLC,
002GL5-E,"McDonald Capital Investors, Inc.",
0C95FJ-E,"McGowanGroup Asset Management, Inc.",
0DDBDX-E,Metropolitan Life Insurance Co. (Investment Portfolio),
06L3KD-E,Miton Asset Management Ltd.,
085TFY-E,Motley Fool Asset Management LLC,
002J1N-E,NNIP Advisors BV,
07GDM0-E,Nalanda Capital Pte Ltd.,
07HF58-E,Nordea Investment Management AB (Finland),
002LH1-E,"Norris, Perne & French LLP",
05RDPK-E,North Growth Management Ltd.,
0034W4-E,North Point Portfolio Managers Corp.,
001Y1P-E,Oak Ridge Investments LLC,
0DXT33-E,Obermeyer Wood Investment Counsel LLLP,
061J5H-E,Partners Group AG,
07BYPL-E,Pendal Group Ltd. (Investment Management),
05ZRDD-E,"Penghua Fund Management Co., Ltd.",
0FVNSG-E,Port Capital LLC,
0C97M8-E,PrairieView Partners LLC,
082KCY-E,Quantum Capital Management LLC,
05P7T5-E,RINET Co. LLC,
05FQ92-E,Rafferty Asset Management LLC,
0DV74Z-E,Red Cedar Investment Management LLC,
0G82LS-E,Relative Value Partners Group LLC,
0JJVHD-E,"Ruane, Cunniff & Goldfarb LP",
002M0F-E,"S & Co., Inc.",
05G6HN-E,SEB Investment Management AB,
002HNZ-E,SKBA Capital Management LLC,
0BLL9W-E,Sageview Capital LP (Investment Management),
001207-E,Segall Bryant & Hamill LLC,
05GDR0-E,Siemens Fonds Invest GmbH,
002HCR-E,"Sigma Investment Counselors, Inc.",
05KB6J-E,"Sionna Investment Managers, Inc.",
00B01D-E,Spears Abacus Advisors LLC,
002G63-E,"Speece Thorson Capital Group, Inc.",
061DXL-E,"State Street Global Advisors, Australia, Ltd.",
002ZWQ-E,Steginsky Capital LLC,
00C0K9-E,"Tanglewood Wealth Management, Inc.",
05KDT2-E,Taquanta Asset Managers Pty Ltd.,
0CSMC3-E,The Investment House LLC,
006WND-E,"The Milestone Group, Inc.",
00BF77-E,The Welch Group LLC,
06WG9Y-E,Tikehau Investment Management SAS,
0B3321-E,Turim 21 Investimentos Ltda.,
0BZM7P-E,UBS AG (Private Banking UK),
081G8L-E,Union Bancaire Gestion Institutionnelle France SAS,
00849H-E,Westwood Global Investments LLC,
05J8HG-E,White Mountains Advisors LLC,
003KXL-E,"Woodley Farra Manion Portfolio Management, Inc.",
002DBD-E,Zazove Associates LLC,
002HJ2-E,Amalgamated Bank (Investment Management),
0DX2M6-E,American Assets Capital Advisers LLC,
05G72B-E,Amundi Iberia SGIIC SA,
061L8B-E,Annex Advisory Services LLC,
05KNR7-E,ArcLight Capital Holdings LLC,
003K1N-E,Arrowstreet Capital LP,
05NLNX-E,BC Investment Management Corp.,
09QHGJ-E,BNP PARIBAS ASSET MANAGEMENT Asia Ltd.,
06JN4W-E,BNP Paribas Arbitrage SNC,
004ZNB-E,Baker Bros. Advisors LP,
0681H8-E,Bank Nagelmackers NV,
002T15-E,Banque Lombard Odier & Cie SA (Investment Management),
0DV73D-E,Bowie Capital Management LLC,
0810X7-E,Bram Bradesco Asset Management S/A DTVM,
002V15-E,"Bridgeway Capital Management, Inc.",
0DDQPS-E,Brooks Macdonald Funds Ltd.,
05G74P-E,C WorldWide Asset Management AS,
06YJ08-E,C Worldwide Asset Management Fondsmæglerselskab A/S (Sweden),
002H5M-E,"Campbell Newman Asset Management, Inc.",
0C8WV8-E,CapWealth Advisors LLC,
0GVBQD-E,Chescapmanager LLC,
05ZDWZ-E,"China Merchants Fund Management Co., Ltd.",
05KTRJ-E,Clayton Dubilier & Rice LLC,
002P6Z-E,Columbus Circle Investors,
002HRC-E,"Crossmark Global Investments, Inc.",
0G6YP5-E,Cynosure Management LLC,
05LLK7-E,"Dana Investment Advisors, Inc.",
0FRMD4-E,Davide Leone & Partners Investment Co. Ltd.,
07QRSW-E,Deutsche Asset Management SA,
076R6L-E,Emirates NBD Asset Management Ltd.,
072Z3C-E,Evli Fund Management Co. Ltd.,
002HSL-E,"Ferguson Wellman Capital Management, Inc.",
060CGS-E,Foord Asset Management Pty Ltd.,
0048RH-E,"Foundation Resource Management, Inc.",
0C88LK-E,Franklin Templeton Fund Management Ltd.,
00BCZY-E,Frost Investment Advisors LLC,
0BJ0FZ-E,GO ETF Solutions LLP,
05HM4S-E,Gescooperativo SA SGIIC,
05WT7N-E,Gibson Capital LLC,
07NKLV-E,Gothaer Asset Management AG,
0C3WTG-E,Grandeur Peak Global Advisors LLC,
05FW6P-E,HSBC Global Asset Management (France) SA,
0C39C1-E,"Hanson McClain, Inc.",
004Q0M-E,Hargreave Hale Ltd.,
05FVRY-E,"Hennessy Advisors, Inc. (Investment Management)",
05MCD4-E,Horan Capital Management LLC,
002JCG-E,"Howard Capital Management, Inc. (California)",
05XF3L-E,Irish Life Investment Managers Ltd.,
002GWP-E,"JLB & Associates, Inc.",
001Z1L-E,Jay A. Fishman Ltd.,
0032CN-E,"Joel R. Mogy Investment Counsel, Inc.",
0B4RZ5-E,KBI Global Investors Ltd.,
002LL2-E,Kanawha Capital Management LLC,
06FQWK-E,Khosla Ventures LLC,
06TZQT-E,LähiTapiola Varainhoito Oy,
002J58-E,"MUFG Union Bank, NA",
000RGG-E,Mason Street Advisors LLC,
0FM3M5-E,Milestone Resources Group Ltd.,
0FSC2H-E,Moerus Capital Management LLC,
002PL7-E,Moody National Bank (Trust Division),
076Z88-E,Morningstar Investment Management LLC,
002GL7-E,New Mexico Educational Retirement Board,
05YN66-E,Night Owl Capital Management LLC,
006MBK-E,Nordea Investment Funds SA,
05FP7K-E,Nordea Investment Management AB (Norway),
001XJ8-E,OMERS Administration Corp.,
0C2Z2F-E,Ocean Dial Asset Management Ltd.,
0025QG-E,Old National Bank (Investment Management),
002TL9-E,Olstein Capital Management LP,
0FDLZF-E,Operadora Valmex de Fondos de Inversión SA de CV,
0DJQBS-E,"Oppenheimer & Co., Inc. (Wealth Management)",
0056DD-E,Overbrook Management Corp.,
0769NL-E,PT Schroder Investment Management Indonesia,
0CVCK1-E,"Pacer Advisors, Inc.",
0090PS-E,"Patriot Wealth Management, Inc.",
007ZXP-E,Phillips Financial Management LLC,
0056DF-E,"Piedmont Investment Advisors, Inc.",
007JJD-E,Private Wealth Partners LLC,
002GQX-E,"Professional Advisory Services, Inc.",
006WTM-E,QMA LLC,
008K3R-E,Quantitative Advantage LLC,
003JY3-E,"RBC Private Counsel (USA), Inc.",
0D9273-E,Redpoint Investment Management Pty Ltd.,
0C82ST-E,"Rezny Wealth Management, Inc.",
06348L-E,"Rheos Capital Works, Inc. (Investment Management)",
078SQY-E,Sandhill Capital Partners LLC,
0DSPXP-E,Sandia Holdings LLC,
0CTH04-E,Sanlam Private Investments (UK) Ltd.,
074J0C-E,Santander Asset Management SA AGF,
0CKJFD-E,Seafarer Capital Partners LLC,
0CVMMB-E,ShawSpring Partners LLC,
0048PD-E,Shell Asset Management Company BV,
05KMM1-E,Singapore Technologies Telemedia Pte Ltd.,
06149J-E,South Dakota Investment Council,
05K46W-E,"Spectrum Asset Management, Inc.",
0C7RVZ-E,Strategic Wealth Partners Group LLC,
0GCW2M-E,"SunTrust Advisory Services, Inc.",
003C5M-E,TCW Investment Management Co LLC,
0G8HBN-E,TRG Investments LLC,
0D3CKB-E,"Taikang Asset Management (Hong Kong) Co., Ltd.",
05WFHQ-E,"Tandem Investment Advisors, Inc.",
0G4H1R-E,Tavistock Life Sciences Co. (Investment Management),
002HXZ-E,Teachers Retirement System of the State of Kentucky,
0C79BZ-E,"The Arkansas Financial Group, Inc.",
05VYNJ-E,The Empire Life Insurance Co. (Investment Portfolio),
05GPWC-E,The Oregon Investment Council,
00FC64-E,Tiverton Asset Management LLC,
05W9HD-E,Vista Equity Partners Management LLC,
002HDL-E,"WesBanco Bank, Inc. (Investment Management)",
004ZPS-E,Whittier Trust Co.,
0FYZK3-E,Xact Kapitalförvaltning AB,
002J5V-E,"Zacks Investment Management, Inc.",
009ZYB-E,Zuckerman Investment Group LLC,
0C2PFW-E,12th Street Asset Management LLC,
05KQ8P-E,AIP LLC,
0DGV6N-E,ASA Gold & Precious Metals Ltd. (Mutual Fund Manager),
0090Q2-E,Argyll Research  LLC,
0HRLY0-E,Arnhold LLC,
00FYD6-E,Astor Investment Management LLC,
002W55-E,Axiom International Investors LLC,
0DBT0C-E,BTG Pactual Chile SA Administradora General de Fondos,
002K53-E,"Badgley, Phelps & Bell, Inc.",
09X66N-E,Balentine LLC,
05TNJM-E,"Baltimore-Washington Financial Advisors, Inc.",
0HQYQK-E,BancorpSouth Bank (Investment Management),
002JFG-E,Bank of Hawaii (Asset Management),
0BR93Q-E,Barrett Asset Management LLC,
002ZVM-E,"Beacon Wealthcare, Inc.",
07343H-E,Bislett Management LLC,
00GJ6D-E,Bluescape Energy Partners LLC,
0CM7Y5-E,Bridge Fund Managers (Pty) Ltd.,
06N0RJ-E,Brooks Macdonald Asset Management Ltd.,
05G7DQ-E,Caixagest Técnicas de Gestão de Fundos SA,
0C8SH5-E,"Campbell Wealth Management, Inc. (Virginia)",
060TJM-E,"Capital International, Inc. (Singapore)",
05PJCP-E,Capital Investment Advisors LLC,
0DKGBH-E,Carmignac Gestion Luxembourg SA (UK),
003C2W-E,Carnegie Capital Asset Management LLC,
002J07-E,Choate Investment Advisors LLC,
05H41S-E,"Chou Associates Management, Inc.",
06DYV7-E,ClariVest Asset Management LLC,
0D0898-E,CliftonLarsonAllen Wealth Advisors LLC,
002HRQ-E,"Coldstream Capital Management, Inc.",
0DZ621-E,Compass Bank (Investment Management),
09GHQR-E,Coronation Asset Management (Pty) Ltd.,
0076G4-E,Covington Capital Management,
0D159D-E,Cryder Capital Partners LLP,
07PLRH-E,Diversified Trust Co.,
0035RC-E,Dowling & Yahnke LLC,
0C7G1Q-E,EFG Asset Management (UK) Ltd.,
09YXXM-E,EnerVest Ltd.,
00563M-E,Evergreen Capital Management LLC,
003KDW-E,First National Trust Co.,
002N25-E,First State Investment Management (UK) Ltd.,
0GDJN5-E,FirstGlobal Asset Management (Pty) Ltd.,
002HSV-E,"Foster Dykema Cabot & Co., Inc.",
0GY1RK-E,Foundation Investment Management Ltd.,
0CDMBB-E,Franklin Templeton Investments (ME) Ltd.,
000KS1-E,Freeman Spogli Management Co. LP,
002HPL-E,Front Barnett Associates LLC,
0KRXXX-E,"Fulton Bank, Na (Investment Management)",
00309R-E,Fulton Breakefield Broenniman LLC,
05HNG5-E,GIIC Fineco SA SGIIC,
0CMC1F-E,GenTrust LLC,
003QZ9-E,"Goelzer Investment Management, Inc.",
0DQ0H0-E,Griffin Capital Advisor LLC,
009T5B-E,Guinness Asset Management Ltd.,
006LLD-E,"H.D. Vest Advisory Services, Inc.",
002KFZ-E,"Halsey Associates, Inc.",
000LLN-E,"Heartland Advisors, Inc.",
05FWJT-E,Helaba Invest Kapitalanlagegesellschaft mbH,
06NQ0K-E,"Highland Associates, Inc.",
0631M3-E,IFM Investors Pty Ltd.,
000LXL-E,Icahn Associates Holding LLC,
00493V-E,"Income Research & Management, Inc.",
002GQ5-E,Jacobs & Co. (California),
09S988-E,James Hambro & Partners LLP,
002XCH-E,KCM Investment Advisors LLC,
05LQ04-E,Kentucky Retirement Systems,
0072NF-E,LBMC Investment Advisors LLC,
05GW2Y-E,La Française Asset Management GmbH,
002HGC-E,"Lawrence W. Kelly & Associates, Inc.",
05G684-E,Lazard Frères Gestion SAS,
05HLSQ-E,"Leon Frazer & Associates, Inc.",
0CXZ78-E,Lone Star Global Acquisitions Ltd.,
0C7NN6-E,Lourd Capital LLC,
06P2J6-E,MAI Capital Management LLC,
05JZ8Y-E,Mariner Wealth Advisors-Cincinnati LLC,
05LKTL-E,Maveron LLC,
001YCG-E,Mid-Continent Capital LLC,
002HGQ-E,"Middleton & Co., Inc.",
002GSB-E,"Miller/Howard Investments, Inc.",
002NZ9-E,"Mountain Pacific Investment Advisers, Inc.",
00D1BH-E,NFC Investments LLC,
0FK05D-E,"NextCapital Advisers, Inc.",
002JSF-E,North American Management Corp.,
09YJRD-E,Operadora de Fondos Banorte Ixe SA de CV,
05TY95-E,Pacifica Capital Investments LLC,
002H43-E,"PanAgora Asset Management, Inc.",
00713F-E,Park Avenue Securities LLC,
0CXW6X-E,Peavine Capital LLC,
0639C0-E,Pershing Square Capital Management LP,
06LXNF-E,Phocas Financial Corp.,
002HWY-E,"Pittenger & Anderson, Inc.",
004L87-E,Polunin Capital Partners Ltd.,
05MDFB-E,"Provident Investment Management, Inc.",
003K57-E,RBO & Co. LLC,
0049MP-E,RegentAtlantic Capital LLC,
008ZXF-E,Reik & Co. LLC,
00D17J-E,Rocky Mountain Advisers LLC,
0034J4-E,Rutabaga Capital Management LLC,
07MCCD-E,Santa Lucía Asset Management SGIIC SA,
0041LW-E,"Scout Investments, Inc.",
002GGR-E,Sentry Investment Management LLC,
06JLLD-E,Sequoia Capital China Advisors (Hong Kong) Ltd.,
0C2SCM-E,Sequoia Financial Advisors LLC,
05NY1C-E,Signature Estate & Investment Advisors LLC,
0KVPYV-E,Simmons Bank (Investment Management),
05ZT40-E,Spiltan Fonder AB,
0DDYQZ-E,St. Galler Kantonalbank AG (Private Banking),
0034WY-E,Standard Life Investments Ltd.,
002HCT-E,Stewart & Patten Co. LLC,
077XXB-E,"Teton Advisors, Inc. (Investment Management)",
002HDD-E,The Bank of New York Mellon Corp. (Wealth Management),
002M15-E,Trillium Asset Management LLC,
0033N2-E,ValueAct Capital Management LP,
0C2N5T-E,"Vanguard Advisers, Inc.",
00B01H-E,Wallington Asset Management LLC,
0C7GFP-E,Wealth Enhancement Advisory Services LLC,
07JL06-E,Weberbank AG,
073D40-E,"Wilsey Asset Management, Inc.",
002GXQ-E,Yorktown Partners LLC,
008JVS-E,myCIO Wealth Partners LLC,
0CSH3J-E,ACON Equity Management LLC,
05FW5Q-E,AXA Investment Managers (Paris) SA,
05FWLZ-E,Aberdeen Asset Investments Ltd.,
05HW0Z-E,Acacia Inversión SGIIC SA,
05FF40-E,Accel Partners LLC,
0GKB9B-E,Achmea Investment Management BV,
09YRKG-E,Administradora General de Fondos Security SA,
06JZJ9-E,Alberta Investment Management Corp.,
002HYZ-E,"Allen Holding, Inc.",
0CV77X-E,Alpha Cubed Investments LLC,
002JBM-E,"Appleton Partners, Inc.",
0D8JPV-E,Argent Trust Co. (Tennessee),
05J7PX-E,Argenta Banque d'Epargne SA,
06KH8Z-E,Ashfield Capital Partners LLC,
06QZ43-E,Aureus Asset Management LLC,
0BHDKZ-E,BDT Capital Partners LLC,
00903J-E,BLB&B Advisors LLC,
05HJL4-E,"BMO Private Investment Counsel, Inc.",
003LHZ-E,BP Investment Management Ltd.,
05JK39-E,BWM AG,
05R5VY-E,Balasa Dinverno Foltz LLC,
0D6P2W-E,Bank J. Safra Sarasin AG (Investment Management),
002J4C-E,"Bank of the West (San Francisco, CA Investment Management)",
05PMRR-E,Battery Ventures,
0CPKV4-E,Bentley Reid & Co. (UK) Ltd.,
0C86D7-E,"Berkshire Money Management, Inc.",
0DZXVN-E,Boston Private Wealth LLC,
003LJ0-E,"Bragg Financial Advisors, Inc.",
008JSX-E,Bridgecreek Investment Management LLC,
07L84Q-E,Brighton Jones LLC,
0C7SBR-E,Brightworth LLC,
05FWJK-E,"Brown, Shipley & Co. Ltd.",
05FW8P-E,CPR Asset Management SA,
0CDFG2-E,Capricorn Venture Partners NV (Investment Management),
002H07-E,Charter Trust Co.,
0010SV-E,Chemical Bank (Investment Management),
06D1MP-E,"China Universal Asset Management Co., Ltd.",
06QCRP-E,"Clearstead Advisors, LLC",
001T29-E,"Conning, Inc.",
009P4M-E,Country Trust Bank (Investment Management),
0034LR-E,Courier Capital LLC,
005PMG-E,Cutler Investment Counsel LLC,
05HLN3-E,Deutsche Asset Management SGIIC SA,
002JC3-E,Dudley & Shanley LLC,
09W02N-E,FFT Wealth Management LLC,
06GN3Q-E,FIG LLC (Private Equity),
05H7CB-E,Fondita Fund Management Co. Ltd.,
05K456-E,Franklin Templeton Investments Australia Ltd.,
06M6KX-E,Fukoku Mutual Life Insurance Co. (Investment Portfolio),
05QMVD-E,"Fullgoal Fund Management Co., Ltd.",
009JC8-E,"GHP Investment Advisors, Inc.",
00C2JB-E,GSO / Blackstone Debt Funds Management LLC,
002GTR-E,Geneva Capital Management LLC,
05HSHM-E,Gerrard Investment Management Ltd.,
05G4XV-E,Gutmann KAG,
002HKT-E,"Guyasuta Investment Advisors, Inc.",
002H2Z-E,Hartford Investment Management Co.,
004G3D-E,Hollencrest Securities LLC,
0D2L88-E,Hood River Capital Management LLC,
060M16-E,Hyperion Asset Management Ltd.,
07FL61-E,Investmentaktiengesellschaft für langfristige Investoren TGV,
002XGG-E,J. M. Forbes & Co. LLP,
05FWKL-E,JPMorgan Asset Management (Asia Pacific) Ltd.,
0C2Z34-E,Jackson Wealth Management LLC,
002TFS-E,Joho Capital LLC,
001H78-E,"Kennedy Capital Management, Inc.",
05HHWP-E,Kingwest & Co.,
0C2BXW-E,Klingman & Associates LLC,
002GG4-E,"Leavell Investment Management, Inc.",
05H7VP-E,Leonard Green & Partners LP,
002HLD-E,Lockheed Martin Investment Management Co.,
05GR2P-E,Lombard Odier (Hong Kong) Ltd.,
00BF4H-E,"MFS Institutional Advisors, Inc.",
089DR2-E,"MacGuire, Cheswick & Tuttle Investment Counsel LLC",
05HDMF-E,Mackenzie Investments Europe Ltd.,
05MS7R-E,Main Street Research LLC,
07NFWP-E,Man Group Investments Ltd.,
0HHLNB-E,Mattioli Woods Plc (Investment Management),
09HPBN-E,Milford Asset Management Ltd.,
002JCS-E,"Minis & Co., Inc.",
0C2NZD-E,Mission Wealth Management LP,
002HGW-E,"Neville, Rodie & Shaw, Inc.",
002P1V-E,"Opus Investment Management, Inc.",
0DDXTY-E,Orgel Wealth Management LLC,
00CWRD-E,PIMCO Canada Corp.,
0DG5NY-E,PPFAS Asset Management Private Ltd.,
05W3R7-E,Palatine Asset Management SA,
000T3H-E,Palisade Capital Management LLC,
002H7K-E,"Parsons Capital Management, Inc.",
002SMR-E,Parthenon LLC,
002LPV-E,"Patten & Patten, Inc.",
002WC7-E,"Penn Davis McFarland, Inc.",
002SMY-E,Pillar Pacific Capital Management LLC,
0C3HL8-E,Planning Alternatives Ltd.,
05FN3G-E,Privatbank Von Graffenried AG,
05MNWG-E,ProVise Management Group LLC,
05SG78-E,Psagot Mutual Funds Ltd.,
05HX1N-E,Putnam Investments Ltd.,
07BK9B-E,"Reynders, McVeigh Capital Management LLC",
09R2TH-E,Rice Management Co.,
071J4B-E,Rocaton Investment Advisors LLC,
0DH18G-E,Rockshelter Capital Management LLC,
002HXB-E,Rothschild Investment Corp.,
0C9RVZ-E,Ruffer (Asia) Ltd.,
0745D9-E,Sageworth Trust Co.,
001NGD-E,"Salem Investment Counselors, Inc.",
0HJ1C0-E,Salient Private Client LLC,
0040LY-E,"Sander Capital Advisors, Inc.",
06D2PY-E,"Securities America Advisors, Inc.",
0DK7D6-E,Seneca Investment Managers Ltd.,
05M3B8-E,"Shenkman Capital Management, Inc.",
002D6G-E,"Sit Investment Associates, Inc.",
0DW24G-E,Spirit of America Management Corp.,
002LJZ-E,Stewart Capital Advisors LLC,
05J6KH-E,Sumitomo Life Insurance Co. (Investment Portfolio),
0663GT-E,Summit Creek Advisors LLC,
075Z9Y-E,Swiss Life Asset Management (France) SA,
0FLRQ6-E,TCI Fund Management Ltd.,
008KB7-E,"TIFF Advisory Services, Inc.",
002M3D-E,The Boston Family Office LLC,
003BLT-E,The Trust Company of Virginia,
06XJML-E,Third Rock Ventures LLC,
05LC8Q-E,Third Security LLC,
0BQC95-E,Thrivent Asset Management LLC,
00CF05-E,Tiedemann Advisors LLC,
003S58-E,Timothy Partners Ltd.,
05FW79-E,Tocqueville Finance SA,
05M4WB-E,"Tower Bridge Advisors, Inc.",
05JJC3-E,Tredje AP-fonden,
05HS53-E,UBS Gestión SGIIC SA,
06VDJP-E,United States Commodity Funds LLC,
009119-E,"ValMark Advisers, Inc.",
00448S-E,W.L. Ross & Co. LLC,
0H29C1-E,Wealthstreet Investment Advisors LLC,
05MKJ0-E,"Winslow Asset Management, Inc.",
05HP67-E,AMP Capital Investors (New Zealand) Ltd.,
00D6TS-E,ARGI Investment Services LLC,
001TRV-E,"Academy Capital Management, Inc.",
0GZDH9-E,AdamCapital Gestão de Recursos Ltda.,
002NRG-E,Advent Capital Management LLC,
007TG6-E,Advisors Capital Management LLC,
076DS0-E,"Aegon-Industrial Fund Management Co., Ltd.",
05GXDN-E,Aktia Asset Management Ltd.,
002J89-E,Albion Management Group Ltd.,
00FGCN-E,Alexandria Capital LLC,
0FK3FB-E,Amerigo Asset Management,
002LLT-E,"Atwood & Palmer, Inc.",
0090BC-E,Azimuth Capital Management LLC,
05HNRD-E,BNP Paribas Gestión de Inversiones SGIIC SA,
071FR5-E,Banchile Administradora General de Fondos SA,
05J6J5-E,Bellevue Asset Management AG,
0C4005-E,BetaShares Capital Ltd.,
0B5L0Z-E,"Bohai International Trust Co., Ltd.",
002GW3-E,"Boys, Arnold & Co., Inc.",
0035J2-E,Brandywine Trust Co. LLC,
0CFP9Z-E,"Bristol Gate Capital Partners, Inc.",
0CXR55-E,CPWM LLC,
008ZYD-E,"CVentures, Inc.",
0C89QW-E,"Cahaba Wealth Management, Inc.",
0080F7-E,Caledonia (Private) Investments Pty Ltd.,
068YNL-E,Capco Asset Management LLC,
0FY6LM-E,Chiron Investment Management LLC,
0GVZSD-E,Cobas Asset Management SGIIC SA,
06C0VV-E,Copper Rock Capital Partners LLC,
06VXMJ-E,Courtiers Investment Services Ltd.,
0HHQBY-E,Cresset Asset Management LLC,
0G6YL7-E,Cynosure Advisors LLC,
06MXD1-E,DSM Pension Services BV,
002B7K-E,Daruma Capital Management LLC,
05RQFN-E,Deer Management Co. LLC,
002JV9-E,"Derby & Co., Inc.",
0FF8S9-E,Die Sparkasse Bremen AG (Investment Management),
06DTG8-E,Dividend Assets Capital LLC,
0C3DF3-E,EP Wealth Advisors LLC,
00BQGT-E,Eagle Ridge Investment Management LLC,
0C3PSQ-E,East Coast Asset Management LLC,
05H6SQ-E,Eastspring Investments (Singapore) Ltd.,
0HDSJ3-E,Eaton Vance Advisers International Ltd.,
0JZDD7-E,Edge Capital Group LLC,
0DW4X4-E,Empirical Financial Services LLC,
07NMBT-E,Eyb & Wallwitz Vermögensmanagement GmbH,
099NQD-E,FIL Pensions Management,
00DY12-E,FPR Partners LLC,
07K0FK-E,Feri Trust GmbH,
061VCS-E,First American Bank (Asset Management),
002L3J-E,First Financial Bank N.A. - Trust Division,
002YD0-E,First Foundation Advisors,
002GWD-E,"Folger Nolan Fleming Douglas Capital Management, Inc.",
0C81DF-E,Foresite Capital Management LLC,
003L7H-E,"Foster & Motley, Inc.",
0FDKM9-E,Franklin Templeton Asset Management México SA de CV,
05LVBC-E,Frontier Investment Management Co.,
00D12F-E,Gateway Advisory LLC,
0D7LVS-E,Global Atlantic Investment Advisors LLC,
0C8G50-E,Goldstein Munger + Associates,
09TVNP-E,Granite Investment Partners LLC,
003DK9-E,"Greylin Investment Management, Inc.",
002GCJ-E,"Griffin Asset Management, Inc.",
009ZJB-E,HPS Investment Partners LLC,
0C368V-E,HT Partners LLC,
00CFMZ-E,Halbert Hargrove Global Advisors LLC,
0GX7NY-E,Hi-Line Capital Management LLC,
002GG1-E,Howland Capital Management LLC,
076MP4-E,IM Asset Management Ltd.,
0C2Z96-E,InterOcean Capital LLC,
0620Y0-E,J.Chahine Capital SA,
003KYY-E,Joel Isaacson & Co. LLC,
002XHS-E,Kensico Capital Management Corp.,
060DRG-E,"Korea Investment Management Co., Ltd.",
084PMC-E,LBBW Asset Management Investmentgesellschaft mbH,
09HNVM-E,LGT Capital Partners AG (Investment Management),
0BN47F-E,LIC Mutual Fund Asset Management Ltd.,
05J5P6-E,LOYS AG,
0090QM-E,LaFleur & Godfrey LLC,
0080MN-E,Lathrop Investment Management Corp.,
0644CQ-E,London & Capital Asset Management Ltd.,
06CCRX-E,Louisiana State Employees' Retirement System,
002HLG-E,"Lowe, Brockenbrough & Co., Inc.",
068CY7-E,"MU Investments Co., Ltd.",
0C2FN6-E,"Mader & Shannon Wealth Management, Inc.",
05FWHR-E,Meditor Capital Management Ltd.,
009HC1-E,Miller Investment Management LP,
002J2V-E,"Moody, Lynn & Lieberson LLC",
002GVB-E,"Murphy Capital Management, Inc.",
05VHWZ-E,"Muzinich & Co., Inc.",
05J85M-E,"NBT Bank, NA",
067MH8-E,NBW Capital LLC,
05V7KJ-E,NFU Mutual Investment Services Ltd.,
0DH1C3-E,NYL Investors LLC,
05STRN-E,"Norinchukin Zenkyoren Asset Management Co., Ltd.",
0CTQYV-E,"Novo Ventures (US), Inc.",
0011Z0-E,"Osterweis Capital Management, Inc.",
05HM2B-E,Ostrum Asset Management Asia Ltd.,
001W3Q-E,"PAR Capital Management, Inc.",
0072FL-E,"PFS Investments, Inc.",
0074HR-E,PNC Investments LLC,
05FDPK-E,Pacific Investment Management Co. LLC,
0C23SM-E,Paracle Advisors LLC,
0CS4DJ-E,Performa Limited (US) LLC,
08BKYG-E,PineBridge Investments Europe Ltd.,
05FVVM-E,ProFund Advisors LLC,
05G42V-E,RBC Investment Management (Asia) Ltd.,
06S7J0-E,RiverNorth Capital Management LLC,
0B95F0-E,Route One Investment Co. LP,
05G42W-E,Royal Bank of Canada (Channel Islands) Ltd.,
07B8M8-E,Röcker & Walz Vermögensverwaltung GmbH,
0C984D-E,SEDCO Capital Co.,
0BRVV5-E,SIRIS Capital Group LLC,
06QVC8-E,Sanlam FOUR Investments UK Ltd.,
001N4W-E,Schneider Capital Management Corp.,
05FWJ9-E,Schroder Investment Management (Singapore) Ltd.,
0C2W40-E,Sensible Financial Planning & Management LLC,
0CTN67-E,Skandinaviska Enskilda Banken AB (Denmark),
061JS9-E,Société Générale Private Banking (Suisse) SA,
06QKWF-E,Sp-Fund Management Co. Ltd.,
069DWF-E,"Spectrum Financial, Inc.",
05HTD1-E,StarCapital AG,
05V81Q-E,State Street Global Advisors (Japan) Co. Ltd.,
0C2K0X-E,"Steigerwald, Gordon & Koch, Inc.",
0011RH-E,Stock Yards Bank & Trust Co.,
001KPM-E,Summit Partners LP,
001XPP-E,The Cape Cod Five Cents Savings Bank,
06QY2T-E,"The Financial Advisory Group, Inc.",
001J5S-E,The Park National Bank (Investment Management),
005HYK-E,The PrivateBank & Trust Co. (Investment Management),
00D15P-E,"The Retirement Planning Group, Inc.",
003LH5-E,Tiger Global Management LLC,
00DD8X-E,Titan Capital Management LLC (California),
07M25W-E,Todd Asset Management LLC,
05VFKM-E,Trimaran Capital Partners LLC,
05G5BR-E,UBS Asset Management (Australia) Ltd.,
05SYKJ-E,UBS Asset Management (Hong Kong) Ltd.,
080WG1-E,UBS Asset Management France SA,
0GGXNT-E,"Unigestion Asset Management (Canada), Inc.",
05G696-E,Union Investment Institutional GmbH,
006CHZ-E,"United American Securities, Inc.",
0J76BL-E,Velanne Asset Management Ltd.,
009Z61-E,"Vision Capital Management, Inc.",
0C8VVT-E,"Wall Capital Group, Inc.",
0D06R4-E,Warren Averett Asset Management LLC,
0CWF3N-E,"WealthPLAN Partners, Inc.",
008LV9-E,Wealthcare Capital Management LLC,
0KMSQT-E,Wealthfront Advisers LLC,
0080JW-E,WestEnd Advisors LLC,
074MNH-E,"World Asset Management, Inc.",
00C50B-E,"YHB Investment Advisors, Inc.",
0G55Q4-E,AE Wealth Management LLC,
007LCD-E,AKO Capital LLP,
05GDRC-E,ALTE LEIPZIGER Trust Investment-Gesellschaft mbH,
003LBB-E,AQR Capital Management LLC,
05TBBK-E,"Aberdeen Asset Management (Thailand) Co., Ltd.",
05PFFZ-E,Acropolis Investment Management LLC,
06VVSM-E,Add Value Fund Management BV,
006ZH9-E,"Advisors Asset Management, Inc.",
0CJZVD-E,Aegon USA Investment Management LLC,
09RWL0-E,Alley Co. LLC,
069LCN-E,Allianz Polska TFI SA,
05Q43K-E,Alpha Asset Management A.E.D.A.K,
081DHB-E,Altimeter Capital Management LP,
08H904-E,Amati Global Investors Ltd.,
05KQBK-E,American Securities LLC,
05G4QT-E,Amundi Austria GmbH,
0C2NHQ-E,Arbor Investment Advisors LLC,
001R2G-E,"Ashford Capital Management, Inc.",
0699FZ-E,"AssetMark, Inc.",
05WTHV-E,Autus Asset Management LLC,
09NF3J-E,BG Fund Management Luxembourg SA,
05HL46-E,BNP Paribas Asset Management Brasil Ltda.,
0C7L96-E,"BTC Capital Management, Inc.",
05TGK5-E,Bain Capital Credit LP,
05SP7S-E,Banque Cantonale Vaudoise (Investment Management),
067FFL-E,Banque Eric Sturdza SA,
061XTX-E,Blue Harbour Group LP,
07N39J-E,BlueSky Wealth Advisors LLC,
05ZBV7-E,"Bosera Asset Management Co., Ltd.",
002BS9-E,"Bowen Hanes & Co., Inc.",
002HJZ-E,CCM Investment Advisers LLC,
002HJJ-E,Cadinha & Co. LLC,
0C89Y2-E,Callan Capital LLC,
0DYNM9-E,Canal Insurance Co. (Investment Portfolio),
0024Q5-E,"Capital International, Inc.",
068Z15-E,Carret Asset Management LLC,
002HTF-E,Central Trust Co. (Missouri),
0CFRGX-E,Cliens Kapitalförvaltning AB,
008RWD-E,Cohen & Steers UK Ltd.,
0C7BVB-E,"Commerce Investment Advisors, Inc.",
0F9M6L-E,Community Bank of Raymore (Investment Management),
002H9G-E,Condor Capital Management,
08G6H7-E,Credit Suisse (Deutschland) AG,
06KVT6-E,Crow Point Partners LLC,
002HYG-E,"David Wendell Associates, Inc.",
0CRXWS-E,Defender Capital LLC,
0CFJCH-E,Deutsche Bank SA Banco Alemão (Investment Management),
0B6QLG-E,Diana Davis Spencer Foundation,
002G7V-E,"Dillon & Associates, Inc.",
003XX5-E,"Dock Street Asset Management, Inc.",
05FW1N-E,"Edgemoor Investment Advisors, Inc.",
07WH3W-E,Erste Asset Management GmbH,
002PK2-E,"Eubel Brady & Suttman Asset Management, Inc.",
05K1YC-E,Eurizon Capital SA,
0C7CNL-E,Evergreen Advisors LLC (Tennessee),
05HF98-E,FIL Gestion SASU,
05W7F8-E,FPS Vermögensverwaltung GmbH,
002HFW-E,Fiduciary Group LLC,
0C7HGN-E,Filament LLC,
0F19F3-E,"First Merchants Bank, NA (Investment Management)",
07HMP2-E,Forstrong Global Asset Management Inc.,
007VNJ-E,Forward Management LLC,
0C8LR6-E,Founders Capital Management LLC,
05FWF7-E,Franklin Templeton Investment Management Ltd.,
0GCKCQ-E,"Franklin, Parlapiano, Turner & Welch LLC",
07P5F2-E,"Front Street Capital Management, Inc.",
0F8ZGQ-E,FundQuest Advisor,
060DLZ-E,"GF Fund Management Co., Ltd.",
0JJZFJ-E,Galileo (PTC) Ltd.,
0C3HMF-E,"Garde Capital, Inc.",
0GK81C-E,Global Beta Advisors LLC,
05WR1G-E,Globespan Capital Management LLC,
05H55R-E,"Gluskin Sheff + Associates, Inc. (Investment Management)",
00BCGS-E,Greenwich Wealth Management LLC,
002J28-E,"Greenwood Gearhart, Inc.",
05R7MM-E,Guardian Capital Advisors LP,
06Z4N0-E,Guggenheim Partners Investment Management LLC,
05VVRL-E,"Guotai Asset Management Co., Ltd.",
0CXX5C-E,"Hapanowicz & Associates Financial Services, Inc.",
07FQNJ-E,Hardy Reed LLC,
09JHVC-E,"Harvest Portfolios Group, Inc.",
06311B-E,Highland Capital Partners LLC,
06GVV8-E,HoyleCohen LLC,
002CT0-E,"John G. Ullman & Associates, Inc.",
0013X9-E,Kayne Anderson Capital Advisors LP,
05JRVG-E,Keskinäinen Työeläkevakuutusyhtiö Varma,
0CQG2F-E,"Kimmeridge Energy Management Co., Inc.",
05HFZW-E,Kleiner Perkins Caufield & Byers LLC,
002HWR-E,L. Roy Papp & Associates LLP,
0C7S34-E,LBJ Family Wealth Advisors Ltd.,
0G64ZX-E,Lannebo Fonder AB (Denmark),
06V61N-E,LarrainVial Asset Management AGF SA,
002H6W-E,"Lawson Kroeker Investment Management, Inc.",
05ZLW9-E,"Legacy Wealth Management, Inc.",
08BPBD-E,Lofoten Asset Management Ltd.,
0071NH-E,MML Investors Services LLC,
0C5TK4-E,MainStreet Investment Advisors LLC,
008Z3V-E,Marble Harbor Investment Counsel LLC,
002J2C-E,Marco Investment Management LLC,
073S2M-E,Marketfield Asset Management LLC,
0G2DG4-E,Marshall & Melhorn LLC (Investment Management),
002HGM-E,"Mastrapasqua Asset Management, Inc.",
0GVFFN-E,Meadow Creek Investment Management LLC,
05GWH9-E,Mediolanum Gestione Fondi SGRpA,
0C9R6M-E,Merit Financial Group LLC,
0622FT-E,Meritech Capital Partners,
07PW9H-E,Modera Wealth Management LLC,
06KZ8B-E,Morgan Stanley Canada Ltd.,
0FLFJM-E,NN Investment Partners Belgium SA,
003D6Z-E,Oak Hill Capital Management LLC,
05HG28-E,Oak Investment Partners,
002GN4-E,Oakwood Capital Management LLC (California),
0C9B82-E,Oasis Crescent Capital (Pty) Ltd.,
05HLZQ-E,Old Mutual Investment Group (Pty) Ltd.,
06F2CJ-E,One Capital Management LLC,
005GHN-E,"Oppenheimer Asset Management, Inc.",
002J67-E,Osborne Partners Capital Management LLC,
0DVFSN-E,"Ostrum Asset Management U.S., LLC",
05HFDB-E,PCJ Investment Counsel Ltd.,
07KDC2-E,PT Indo Premier Securities (Investment Management),
