Factset Entity ID,Fund Name,Discrepancy Column
04B8NM-E,Washington Mutual Investors Fund,
04BF4M-E,Vanguard Total Stock Market Index Fund,
04BNKR-E,Delaware Value Fund,
04BF1T-E,Vanguard 500 Index Fund,
04B8HJ-E,American Funds Investment Company Of America,
04CC29-E,Government Pension Fund - Global (the),
04BH81-E,Spdr Series - Utilities Select Sector Spdr Fund,
04B8VJ-E,Capital Income Builder,
04CKSS-E,Ishares Tr. - Select Dividend Etf,
04BH50-E,Spdr S&p 500 Etf,
04BF2N-E,Vanguard Institutional Index Fund,
04B9QW-E,Franklin Utilities Fund,
04B9ZS-E,Fidelity 500 Index Fund,
04BHN1-E,T Rowe Price Equity Income Fund,
04BHCS-E,Ishares Tr. - Core S&p 500 Etf,
04BDWC-E,T Rowe Price Value Fund,
04BF2R-E,Vanguard Value Index Fund,
04CLDB-E,Vanguard Utilities Index Fund,
04BF55-E,Vanguard Windsor Funds - Vanguard Windsor Fund,
04BQKV-E,American Funds Insurance Series - Growth Income Fund,
04DJL7-E,John Hancock Iii - Disciplined Value Fund,
04CWPK-E,Pictet Global Selection Fund - Global Utilities Equity Fund,
04BSXD-E,Jpmorgan Mid Cap Value Fund,
04B8JW-E,American Mutual Fund,
04BJ6T-E,Vanguard Selected Value Fund,
04CDHZ-E,Canada Pension Plan,
04CY7D-E,Vanguard High Dividend Yield Index Fund,
04BHQB-E,Hartford Dividend & Growth Fund,
04BHDD-E,Ishares Tr. - Russell 1000 Value Etf,
04GT00-E,Fidelity Series Stock Selector Large Cap Value Fund,
04BFMY-E,Dnp Select Income Fund,
04GH4G-E,Mainstay Vp - Fidelity Institutional Amsm Utilities Portfolio,
04KTZ0-E,John Hancock Classic Value Fund,
04B9YH-E,Fidelity Select Utilities Portfolio,
04BKY3-E,M&g Investment Funds (1) Oeic - Global Themes Fund,
04BSK3-E,Vanguard Equity Income Fund,
04BFN4-E,Cref Stock Account,
04BX9M-E,Ishares Tr. - Russell Mid Cap Value Etf,
04FCGL-E,John Hancock Iii - Disciplined Value Mid Cap Fund,
04BX99-E,Ishares Tr. - Russell Mid Cap Etf,
04BJYR-E,Pgim Jennison Utility Fund,
04CLPV-E,American Century Mid Cap Value Fund,
04BJ63-E,Vanguard Wellesley Income Fund,
04BY8B-E,Threadneedle Invt. Funds Icvc - American Fund,
04GLSG-E,Fidelity Funds Sicav - Global Dividend Fund,
04CM03-E,Reaves Utility Income Fund,
04BJNL-E,Lord Abbett Affiliated Fund,
04BC0N-E,Mfs Utilities Fund,
04D5QD-E,Eastspring Investments - North American Value,
04BVNJ-E,Lord Abbett Fundamental Equity Fund,
04D9VG-E,Dws Rreef Global Infrastructure Fund,
04BFK4-E,Gabelli Utilities Fund (the),
04B9JL-E,Fidelity Balanced Fund,
04GLSB-E,Alps Sector Dividend Dogs Etf,
04B9PZ-E,Fidelity Select Port. - Telecom & Utilities Fund,
04CQV3-E,Jpmorgan Value Advantage Fund,
04LBP5-E,Invesco S&p Ultra Dividend Revenue Etf,
04BF24-E,Vanguard Global Capital Cycles Fund,
04KWNM-E,Invesco S&p 500 Equal Weight Etf,
04BNVH-E,Columbia Select Mid Cap Value Fund,
04B9YF-E,Fidelity Total Market Index Fund,
04B8K7-E,American Funds Fundamental Investors,
04BJKY-E,Schwab S&p 500 Index Fund,
04BJC7-E,Pgim Jennison Equity Income Fund,
04BGKZ-E,Fidelity Advisor Series Vii - Utilities Fund,
04CX18-E,Fidelity Utilities Central Fund,
04FCKQ-E,Ishares Vii Plc - Core S&p 500 Ucits Etf,
04BHCV-E,Ishares Tr. - S&p 500 Value Etf,
04BVBK-E,Vanguard Institutional Total Stock Market Index Fund,
04H442-E,Eaton Vance Large Cap Value Fund,
04BYVP-E,Northwestern Mutual-domestic Equity Portfolio,
04G7DL-E,Fidelity Mid Cap Index Fund,
04B92Y-E,Delaware Vip Trust - Value Series,
04BGZ0-E,T Rowe Price Equity Index 500 Fund,
04BBCY-E,Hartford Dividend & Growth Hls Fund,
04CM1S-E,Eaton Vance Tax Advantaged Dividend Income Fund,
04CMDK-E,Cohen & Steers Infrastructure Fund,
04JKF4-E,Spdr Portfolio S&p 500 High Dividend Etf,
04BBK4-E,Jpmorgan Us Research Enhanced Equity Fund,
04FHR6-E,Ap7 Aktiefond,
04F35Y-E,Fidelity Strategic Advisers Core Fund,
04J3V5-E,Most Diversified Port. - Tobam Anti-benchmark Us Equity,
04BHX9-E,Ishares Tr. - Us Utilities Etf,
04C6TJ-E,Lord Abbett Res. Fund Inc. - Calibrated Dividend Growth Fund,
04FQP2-E,Morgan Stanley Invt. Fds. - Global Infrastructure Fund,
04GX8P-E,Vanguard Funds Plc - S&p 500 Ucits Etf,
04CTFB-E,Jpmorgan Us Large Cap Core Plus Fund,
04CMFZ-E,Vanguard Large Cap Index Fund,
04HGDL-E,Jpmorgan Hedged Equity Fund,
04BPQQ-E,Vanguard Balanced Index Fund (us),
04KG9R-E,Destinations Large Cap Equity Fund,
04HX2S-E,Priviledge - Delaware Us Large Cap Value,
04FBD4-E,Robeco Capital Gr. Fds. - Us Bp Large Cap Equities,
04C2SS-E,Threadneedle (lux) - American,
04BBJV-E,Jpmorgan Us Equity Fund,
04B8V4-E,American Century Utilities Fund,
04BF6L-E,Blackrock S&p 500 Stock Master Portfolio,
04C8WJ-E,Challenge Funds - Counter Cyclical Equity Fund,
04BYJF-E,Caisse De Dépôt & Placement Du Québec,
04BHMJ-E,Mfs Variable Insurance Trust - Utilities Series,
04B9GV-E,Eaton Vance Dividend Builder Portfolio,
04CR4X-E,Invesco High Yield Equity Dividend Achievers Etf,
04H3H9-E,Fidelity Covington Tr. - Msci Utilities Index Etf,
04J73Z-E,Aa Mmf - Pzena Us Equities,
04BHDB-E,Ishares Tr. - Russell 1000 Etf,
04BH8Y-E,Invesco Equally Weighted S&p 500 Fund,
04CLRP-E,Ishares Tr. - Core S&p Total Us Stock Market Etf,
04B9LB-E,Fidelity Stock Selector All Cap Fund,
04CT14-E,Dfa Us Core Equity 1 Portfolio,
04CDVV-E,Tiaa-cref Mid Cap Value Fund,
04BBFM-E,Columbia Dividend Opportunity Fund,
04H443-E,Eaton Vance Dividend Builder Fund,
04BH7L-E,Tiaa-cref Equity Index Fund,
04D5FR-E,Lincoln Vip - Ssga Large Cap 100 Fund,
04KWZ0-E,Invesco S&p 500 Equal Weight Utilities Etf,
04F85W-E,Schwab Us Large Cap Etf,
04D25B-E,Tiaa-cref Quant Large-cap Value Fund,
04BFN7-E,Cref Equity Index Account,
04BCNF-E,Pace Large Co. Value Equity Investments,
04GMT8-E,Fidelity Invt. Funds - Global Dividend Fund,
04J6T9-E,Klp Aksjeglobal Lavbeta I,
04BDWV-E,American Century Value Fund,
04JMG7-E,Fidelity Sai Us Large Cap Index Fund,
04CCKR-E,Jnl/wmc Value Fund,
04H1WL-E,Fidelity Funds Sicav - Global Multi Asset Income Fund,
04BGFM-E,John Hancock Vit - Equity Income Trust,
04GQ7G-E,Northern Multi Manager Global Listed Infrastructure Fund,
04BT3C-E,Advisors Inner Circle - Lsv Value Equity Fund,
04CF9W-E,British Columbia Inv Management Corp.,
04KTY0-E,Macquarie Large Cap Value Trust,
04J60Q-E,Most Diversified Port. - Tobam Anti-benchmark World Eq.,
04BYYJ-E,Fidelity Vip - Utilities Portfolio,
04F85T-E,Schwab Us Broad Market Etf,
04CTQP-E,John Hancock Ii - Equity Income Fund,
04BWY0-E,Jpmorgan Funds - Us Value Fund,
04F85Y-E,Schwab Us Large Cap Value Etf,
04KCDX-E,Nbi Real Assets Private Portfolio,
04BF3K-E,Vanguard Tax Managed Capital Appreciation Fund,
04DWQK-E,Mgi Funds Plc - Global Equity Fund,
04CVYK-E,Wisdomtree Tr. - Dividend (ex-financials) Fund,
04CV5S-E,First Trust Morningstar Dividend Leaders Index Fund,
04CC86-E,Fjarde Ap Fonden,
04HG9M-E,John Hancock Invt. Tr. - Enduring Assets Fund,
04BFXW-E,Russell Tax Managed Us Large Cap Fund,
04BY8D-E,Threadneedle Invt. Funds Icvc - American Smaller Cos. Fund,
04BHD6-E,Ishares Tr. - Core S&p Us Value Etf,
04CDVY-E,Tiaa-cref Large Cap Value Index Fund,
04HJD5-E,Vanguard Employee Benefit Index Fund,
04BCJD-E,Jpmorgan Large Cap Value Fund,
04GWQB-E,Jpmorgan Global Research Enhanced Index Fund,
04HKKC-E,Ishares Iii Plc - Core Msci World Ucits Etf,
04HHP8-E,Large Cap Index Master Portfolio,
04KBCM-E,Legg Mason Global Funds Plc - Rare Infrastructure Value Fund,
04CT15-E,Dfa Us Core Equity 2 Portfolio,
04HMKN-E,American Funds Insurance Series - Capital Income Builder Fund,
04D0QV-E,Jpmorgan Funds - Us Select Equity Plus Fund,
04F57N-E,Touchstone Mid Cap Value Fund,
04BHY0-E,Thrivent Large Cap Value Fund,
04DJL0-E,Strategic Advisers Value Fund,
04JBY2-E,Wellington Mgmt. Funds (ie) Plc - Durable Companies Fund,
04GQ73-E,Dfa Us Large Company Portfolio,
04GGYB-E,Rbc Us Mid Cap Value Equity Fund,
04CTHQ-E,Invesco Ftse Rafi Us 1000 Etf,
04D5HG-E,Sei Institutional Managed Trust-tax Managed Managed Volatility,
04BNZJ-E,Columbia Variable Portfolio-dividend Opportunity Fund,
04GWDY-E,Ishares Tr. - Edge Msci Usa Value Factor Etf,
04CBYT-E,Ishares Plc - S&p 500 Ucits Etf (inc),
04C7T3-E,Massmutual Select Fundamental Value Fund,
04H1RX-E,Power Dividend Index Fund,
04KZKR-E,Fidelity Strategic Advisers Us Total Stock Fund,
04GVRT-E,Bmo Us Dividend Etf,
04CS8H-E,New Zealand Superannuation Fund,
04DXLT-E,Sei Institutional Invt. Trust - Us Managed Volatility Fund,
04J4SY-E,Sun Life Infrastructure Fund,
04GVS3-E,Bmo Low Volatility Us Equity Etf,
04BCD7-E,Northern Stock Index Fund,
04H491-E,Wellington Mgmt. Funds (ie) Plc - Enduring Assets Port.,
04K046-E,Legg Mason Fds. Icvc - If Rare Global Infrastructure Income,
04DD5F-E,Jnl/ppm America Mid Cap Value Fund,
04J1J0-E,Ubs (ch) Inst. Fund 2 - Equities Usa Passive Ii,
04BV82-E,Fidelity Vip Ii- Index 500 Portfolio,
04BFB2-E,Lincoln Vip - Delaware Special Opportunities Fund,
04C7VS-E,Jnl/mellon Capital S&p 500 Index Fund,
04G24W-E,Blackrock Isf - Ishares Developed World Index Fund (ie),
04FX8B-E,Morgan Stanley Instl. Fund - Global Infrastructure Portfolio,
04JNLH-E,Allianz Global Investors Fund - Best Styles Global Ac Equity,
04CSY7-E,Macquarie Global Infrastructure Total Return Fund,
04BJ2T-E,Schwab Total Stock Market Index Fund,
04DG1K-E,Fidelity Series All Sector Equity Fund,
04BNKP-E,Delaware Wealth Builder Fund,
04D2J6-E,Norges Bank Foreign Exchange Reserves,
04CPRF-E,American Century Variable - Mid Cap Value Portfolio,
04D6M6-E,Vanguard Total World Stock Index Fund,
04BJWQ-E,Lincoln Vip - Ssga S&p 500 Index Fund,
04BR73-E,Fidelity Funds Sicav - International Fund,
04H1HM-E,Schwab Fundamental Us Large Company Index Etf,
04CX27-E,American Century Nt Mid Cap Value Fund,
04BHD4-E,Ishares Tr. - Russell 3000 Etf,
04BCGS-E,Nationwide Fund,
04CPVS-E,Klp Aksjeglobal Indeks I,
04CZG7-E,Schwab Fundamental Us Large Company Index Fund,
04BCWH-E,Allianzgi Nfj Mid Cap Value Fund,
04CS8K-E,Columbia Variable Portfolio-mid Cap Value Fund,
04CQ2N-E,Eic Energy Infrastructure Fund,
04GS3W-E,Flexshares Quality Dividend Index Fund,
04BJ2S-E,Schwab 1000 Index Fund,
04CC89-E,Andra Ap Fonden,
04H288-E,Fidelity Series Large Cap Value Index Fund,
04FCDD-E,Wells Fargo Utility & Telecommunications Fund,
04CS3B-E,Fidelity Dividend Plus Fund,
04C2BF-E,Vanguard Investment Series Plc - Us 500 Stock Index Fund,
04GG9X-E,Lord Abbett Calibrated Mid Cap Value Fund,
04HNFQ-E,Vanguard International Shares Index Fund,
04JJ06-E,Vanguard Msci Index International Shares Etf,
04JPKJ-E,Sei Institutional Invt. Trust - Global Managed Volatility Fund,
04DC17-E,Royal London Equity Funds Icvc - Us Tracker Fund,
04BB1R-E,Ge Rsp Us Equity Fund,
04BQ06-E,Metlife Stock Index Portfolio,
04BZGJ-E,Fidelity Stock Selector Large Cap Value Fund,
04FVP0-E,Vanguard Russell 1000 Value Index Fund,
04DS3D-E,Vanguard Invt. Fds. Icvc - Us Equity Index Fund,
04CQX0-E,Sei Institutional Managed Trust - Us Managed Volatility Fund,
04BTLL-E,Jpmorgan Mid Cap Equity Fund,
04BFTK-E,Voya Investors Trust - T Rowe Price Equity Income Portfolio,
04CSJQ-E,Eaton Vance Tax Managed Buy Write Opportunities Fund,
04CX1H-E,Ishares Ii Plc - Global Infrastructure Ucits Etf,
04DCVZ-E,Nationwide Vit - Multi Manager Large Cap Value Fund,
04C2BH-E,Vanguard Investment Series Plc - Global Stock Index Fund,
04BFCF-E,Great-west T Rowe Price Equity Income Fund,
04CGBH-E,Northwestern Mutual-equity Income Portfolio,
04BFSY-E,Lincoln Vip - Blackrock Dividend Value Managed Volatility Fd.,
04L3BB-E,Threadneedle (lux) - American Smaller Companies,
04C3YW-E,Harbor Mid Cap Value Fund,
04CMY5-E,Ishares Tr. - Morningstar Mid Cap Value Etf,
04F9F7-E,Bmo Global Infrastructure Index Etf,
04BPZK-E,Spdr Portfolio S&p 500 Value Etf,
04HYHK-E,Xtrackers (ie) Plc - Msci Usa Ucits Etf,
04D38Z-E,Vanguard Mega Cap Value Index Fund,
04DC1R-E,Sei Global Master Fund Plc - Global Managed Volatility,
04BFL5-E,Gabelli Utility Trust,
04G41N-E,Columbia Flexible Capital Income Fund,
04GJ0T-E,Mainstay Vp - T Rowe Price Equity Income Portfolio,
04BQQJ-E,Usaa Capital Growth Fund,
04G9F8-E,Brookfield Global Listed Infrastructure Income Fund Inc.,
04GNHD-E,John Hancock Vit - Strategic Equity Allocation Trust,
04BHNH-E,Vanguard Variable Insurance - Equity Index Portfolio,
04DKPR-E,Blackrock Cif - North American Equity Tracker Fund,
04D34K-E,Ishares Tr. - Msci Acwi Etf,
04GXWB-E,Jnl/mellon Capital Utilities Sector Fund,
04G9Q4-E,Robeco Capital Gr. Fds. - Us Bp Select Opportunities Eq.,
04G6RQ-E,Ast Wellington Mngt. Hedged Equity Port.,
04J7DK-E,Blackrock Acs I - Us Equity Tracker Fund,
04D996-E,Multi Manager Access - Us Equities,
04BPB1-E,Fidelity Vip Iii - Balanced Portfolio,
04BRQD-E,Bny Mellon Mid Cap Multi Strategy Fund,
04BRY2-E,Seb Fund 3 - Pension Fund,
04HNFT-E,Vanguard Global Infrastructure Index Fund,
04CMHT-E,Voya Investors Trust - Us Stock Index Portfolio,
04K3Z4-E,Fidelity Covington Tr. - High Dividend Etf,
04DPTT-E,Pacific Select Fund - Mid Cap Value Portfolio,
04BGFJ-E,John Hancock Vit - 500 Index Trust B,
04KSDW-E,Iq Chaikin Us Large Cap Etf,
04G9F7-E,Ast Academic Strategies Asset Allocation Port.,
04CLM5-E,Ilmarinen Mutual Pension Insurance Co.,
04CDVZ-E,Tiaa-cref S&p 500 Index Fund,
04BVYX-E,Calamos Market Neutral Income Fund,
04G9XK-E,Cf Prudential - North American Qis,
04BFH7-E,Tri-continental Fund,
04BSZ5-E,Seasons Series Trust - Sa Multi Managed Large Cap Value Port.,
04KX0T-E,Invesco S&p 500 Pure Value Etf,
04BGV9-E,Ast T Rowe Price Asset Allocation Portfolio,
04BGP5-E,Valic Company I - Stock Index Fund,
04GRB7-E,Bmo S&p 500 Index Etf,
04KXG5-E,Legal & General Global Infrastructure Index Fund,
04GHXL-E,St. James's Place Unit Trust - Global Equity,
04CSXK-E,Ishares Dow Jones Us Select Dividend (de),
04HJCY-E,Vanguard Total Stock Market Index Trust,
04HL62-E,Ubs Life - Usa Equity Tracker Fund,
04D50X-E,Qs Batterymarch Us Large Cap Equity Fund,
04DQY1-E,Voya Russell Mid Cap Index Portfolio,
04BL00-E,Legal & General Us Index Trust,
04BTY1-E,Northwestern Mutual-large Cap Core Stock Portfolio,
04BVRB-E,John Hancock Vit - Utilities Trust,
04BD4Y-E,T Rowe Price Balanced Fund,
04C8WP-E,Challenge Funds - International Equity Fund,
04JLR8-E,Spdr Russell 1000 Yield Focus Etf,
04B9HB-E,Fidelity Advisor Series I - Balanced Fund,
04BLDG-E,Fidelity Invt. Funds - American Fund,
04DZVW-E,Wellington Mgmt. Fds. (lu) - Global Value Equity Fd.,
04JF52-E,Vanguard Russell 1000 Value Index Trust,
04CMW7-E,American Beacon Mid Cap Value Fund,
04DS38-E,Vanguard Invt. Fds. Icvc - Ftse Dev. World (ex-uk) Eq. Index,
04BY10-E,Hsbc Index Tracker Investment Funds - American Index,
04JJ2X-E,Goldman Sachs Etf Tr. - Activebeta Us Large Cap Equity Etf,
04BCHY-E,Jpmorgan Equity Index Fund,
04CS39-E,Fidelity Dividend Fund,
04BDVJ-E,Simt Tax Managed Large Cap Fund,
04CGBF-E,Northwestern Mutual-mid Cap Value Portfolio,
04J6VL-E,Brookfield Invt. Fds. Ucits Plc - Global Listed Infrastructure,
04BQHR-E,Prudential Series - Stock Index Portfolio,
04BV6S-E,Spp Aktiefond Usa,
04B95S-E,Delaware Pooled Large Cap Value Equity Portfolio,
04BF26-E,Jpmorgan Growth & Income Fund,
04C0P6-E,Iprofile Us Equity Pool,
04BJCF-E,Pgim Qma Mid Cap Value Fund,
04BJY5-E,American Century Variable - Value Portfolio,
04CBJW-E,Interfund Sicav - Equity Usa,
04BGMY-E,Ast Neuberger Berman/lsv Mid Cap Value Portfolio,
04HJV2-E,Sei Institutional Investment Trust - S&p 500 Index Fund,
04J7Q8-E,Goldman Sachs Multi Manager Real Assets Strategy Fund,
04J4QF-E,Jpmorgan Funds - Us Equity All Cap Fund,
04JD7R-E,Goldman Sachs Global Infrastructure Fund,
04BX46-E,Fidelity Canadian Asset Allocation Fund,
04KQDG-E,Scottish Widows Invt. Sol. Fds. Icvc - Fund. Index Glb. Equity,
04H1BX-E,Ishares V Plc - S&p 500 (eur) Hedged Ucits Etf,
04CVYJ-E,Wisdomtree Tr. - Us Large Cap Dividend Fund,
04G4R1-E,Am One World Attractive Dividend Pure Infra. Eq. Mother Fund,
04JW6K-E,Fidelity Large Cap Value Index Fund,
04BGD3-E,Nationwide Vit - S&p 500 Index Fund,
04CL3Z-E,Fidelity Monthly Income Fund,
04CW5T-E,Mml Equity Income Fund,
04CWJG-E,Ishares Tr. - Global Utilities Etf,
04H1DC-E,Pacific Select Fund - Value Advantage Portfolio,
04GQ8D-E,Ssga Spdr Etfs Europe I Plc - S&p 500 Ucits Etf,
04C55Y-E,Amundi Funds Ii - Us Mid Cap Value,Incorrect: style eaum 
04GTNH-E,Mercer Funds - Global Low Volatility Equity Fund,
04CW60-E,Mml Mid Cap Value Fund,
04KSPT-E,Ubs Life Climate Aware World Equity Fund,
04BFSZ-E,Lincoln Vip - Blended Large Cap Growth Managed Volatility Fund,
04CVYG-E,Wisdomtree Tr. - Us High Dividend Fund,
04BDW9-E,T Rowe Price Personal Strategy Growth Fund,
04G29H-E,Thrivent Variable Product - Moderate Allocation Portfolio,
04J0VN-E,Nt Ucits Common Contractual Fd. - World Cus. Esg Eq. Ind. Fd.,
04BHR1-E,Northwestern Mutual-index 500 Stock Portfolio,
04HJPS-E,American Century Us Mid Cap Value Equity Trust,
04BGD8-E,Penn Series - Mid Cap Value Fund,
04J97Z-E,Robeco Customized Us Large Cap Equities,
04GQ7W-E,Janus Aspen Ser. - Vit Us Low Volatility Portfolio,
04B8S5-E,Blackrock High Equity Income Fund,
04DXLZ-E,Proshares Large Cap Core Plus,
04BH2S-E,Columbia Large Cap Index Fund,
04BQ4T-E,Massmutual S&p 500 Index Fund,
04JCFN-E,Ishares Russell Mid Cap Index Fund,
04GH6Q-E,"Blackrock Utility, Infrastructure & Power Opportunities Trust",
04HNWT-E,Fidelity Invt. Funds - Global Enhanced Income Fund,
04CLVQ-E,Eastspring Investments - World Value Equity,
04BYFT-E,Dfa Tax Managed Us Equity Portfolio,
04CMDL-E,"Cohen & Steers Global Infrastructure Fund, Inc.",
04BH9B-E,Rydex Utilities Fund,
04D614-E,Dfa Ta Us Core Equity 2 Portfolio,
04CSZS-E,Nomura Asset Foreign Equity Msci Kokusai Mother Fund,
04GHSQ-E,Actiam Responsible Index Fund Equity Na (fbi),
04HL31-E,Actiam Responsible Index Fund Equity Na - B (fgr),
04CSLD-E,Mercer Funds - Us Large Cap Equity Fund,
04JLR6-E,Spdr Russell 1000 Low Volatility Focus Etf,
04DG1T-E,Fdc Sicav - Actions Monde - Actif 2,
04K0VF-E,Mediolanum Best Brands - Infrastructure Opportunity Collection,
04DMBP-E,Pictet - Global Megatrend Selection,
04BHSN-E,Pacific Select Fund - Equity Index Portfolio,
04L09D-E,Eq/mfs Utilities Series Portfolio,
04HYDC-E,Xtrackers (ie) Plc - Msci World Ucits Etf,
04FVP1-E,Vanguard Russell 1000 Index Fund,
04KV4X-E,Vanguard Global Wellesley Income Fund,
04BPZR-E,Spdr Portfolio Total Stock Market Etf,
04CSTR-E,Ishares Plc - Msci World Ucits Etf,
04L6K2-E,Virtus Real Asset Income Etf,
04HWBF-E,Nomura Multi Managers Fund V - Global Infra. Equity Premium,
04HNP6-E,Priviledge - Wellington Large Cap Us Research,
04GK58-E,Fidelity Inst. Exempt America,
04HGB3-E,John Hancock Invt. Tr. - Seaport Long/short Fund,
04HQHN-E,State Street Equity 500 Index Ii Portfolio,
04BHNZ-E,Delaware Investments Dividend & Income Fund,
04BHSY-E,Mutual Of America Invt. Corp. - Equity Index Fund,
04KV61-E,Agfiq Enhanced Global Infrastructure Etf,
04GDVN-E,Brookfield Global Listed Infrastructure Fund,
04KV67-E,M&g Investment Funds (10) - Global Listed Infrastructure Fund,
04JPKD-E,Blackrock Strategic Fds. - Style Advantage Fund,
04GBFG-E,Hsbc Etfs Plc - S&p 500,
04D04Z-E,Allianz Vip Trust - Azl S&p 500 Index Fund,
04BDW6-E,Simt Large Cap Value Fund,
04L07K-E,Fidelity Zero Total Market Index Fund,
04G8D3-E,Eaton Vance Focused Value Opportunities Fund,
04J7CX-E,Fidelity Funds Sicav - First All Country World,
04F833-E,Csif (ch) Umbrella - Equity Us Blue,
04BJ0S-E,Franklin Universal Trust,
04F836-E,Csif World (ex-ch) Index - Pension Fund,
04LBC7-E,Ishares Esg Msci Usa Leaders Etf,
04CXBM-E,Fidelity Funds Sicav - Global Opportunities Fund,
04BS1S-E,Pictet - Usa Index,
04D8YB-E,Ubs (ch) Inst. Fund 2 - Equities Usa Passive,
04BP66-E,Icon Utilities Fund,
04JJBQ-E,Ssga (lux) Sicav - World Index Equity Fund,
04L1LD-E,Invesco Markets Plc - Goldman Sach.eq.fac.idx.em.mkt.ucits Etf,
04B97M-E,Bny Mellon Institutional S&p 500 Stock Index Fund,
04CV6Q-E,Spdr Portfolio Large Cap Etf,
04CC0D-E,Blackrock Isf - Ishares North America Index Fund (ie),
04CHTQ-E,Norinchukin Zenkyoren Asset Ja Overseas Equity Mother Fund,
04FGQ5-E,Dnb Global Indeks,
04GQN9-E,Openworld Plc - Global Listed Infrastructure Fund,
04BFN5-E,Cref Global Equities Account,
04KLVJ-E,Brookfield Real Assets Income Fund Inc.,
04GQ6D-E,Aa Mmf - Fom North American Equities,
04KC99-E,Amundi Index Solutions - Msci North America,
04HFWX-E,Vanguard Common Contractual Fund - Us Equity Index,
04D2R9-E,Nomura Asset Nomura Overseas Equity Mother Fund,
04GG9W-E,Lord Abbett Calibrated Large Cap Value Fund,
04BFBL-E,Bny Mellon Stock Index Fund Inc.,
04CJF3-E,Schwab Dividend Equity Fund,
04L6MB-E,Cohen & Steers Real Assets Multi-strategy Fund,
04CSNH-E,Nlb Funds - Global Balanced,
04F834-E,Csif Us Index - Pension Fund,
04GGNK-E,Thrivent Moderately Conservative Allocation Portfolio,
04D38X-E,Vanguard Mega Cap Index Fund,
04BJ6R-E,Bny Mellon S&p 500 Index Fund,
04CYQ1-E,Pictet - Clean Energy Fund,
04JVMY-E,Lazard Global Active Funds Plc - Global Managed Volatility Fd.,
04DLW6-E,Quilter Investors Series I - Global Dynamic Equity Fund,
04FCXQ-E,Lincoln Vip - Delaware Wealth Builder Fund,
04FVP7-E,Vanguard S&p 500 Value Index Fund,
04BHNF-E,Vanguard Variable Insurance - Equity Income Portfolio,
04JDCY-E,Pacer Fds. Tr. - Trendpilot Us Large Cap Etf,
04C7QW-E,Voya Jpmorgan Mid Cap Value Portfolio,
04CH7N-E,Kbc Equity Fund - High Dividend,
04HZSP-E,Pictet - Multi Asset Global Opportunities,
04KJ8Y-E,Transamerica Large Value Opportunities,
04CPVR-E,Klp Aksjeusa Indeks (usd),
04L7B8-E,Xtrackers Msci Usa Esg Leaders Equity Etf,
04BV6T-E,Spp Aktiefond Global,
04F77W-E,Asast Institutional Fund - Aktien Ausland,
04BVLF-E,Lincoln Vip - Jpmorgan Select Mid Cap Val. Managed Vol. Fund,
04G6ZR-E,Phillips Hager & North Us Multi Style All Cap Equity Fund,
04BK4B-E,Valic Company Ii - Mid Cap Value Fund,
04BCB7-E,Mainstay Vp - Mackay S&p 500 Index Portfolio,
04BFGN-E,Sunamerica Series Trust - Sa Large Cap Index Portfolio,
04CNCP-E,Mitsubishi Ufj Kokusai Foreign Equity Index Mother Fund,
04K95B-E,Massmutual Select Equity Asset Fund,
04BCNY-E,Pgim Income Builder Fund,
04HY33-E,Mgi Funds Plc - Mercer Passive Global Equity Fund,
04GGSD-E,Sei Institutional Invt. Trust - Dynamic Asset Allocation Fund,
04BQNN-E,Sbl Series B (large Cap Value),
04GDTB-E,Centre American Select Equity Fund,
04HJZZ-E,Morgan Stanley Variable - Global Infrastructure Portfolio,
04C7QT-E,Vy American Century Small Mid Cap Value Portfolio,
04JF3R-E,Ssga Spdr Etfs Europe Ii Plc - Morningstar Multi-asset Global,
04BF4J-E,Vanguard Tax Managed Balanced Fund,
04CJ0Y-E,Cleome Index - Usa,
04C39T-E,Rbc Private Us Large Cap Core Equity Pool,
04BGLT-E,Voya Index Plus Large Cap Portfolio,
04GG6Y-E,London Life Canadian Opportunity Fund (mackenzie),
04J6ZF-E,Swisscanto (ch) Ipf I - Index Equity Usa,
04FTY0-E,Global Infrastructure Fund,
04BFB6-E,Blackrock S&p 500 Index V.i. Fund,
04CH9G-E,Smtam Foreign Equity Index Mother Fund,
04BV6J-E,Spp Generation 60 Tal,
04GTXT-E,Fidelity Invt. Funds - Index Us Fund,
04JJ2J-E,John Hancock Multifactor Large Cap Etf,
04GQKJ-E,John Hancock Ii - Strategic Equity Allocation Fund,
04BGWQ-E,Morgan Stanley Variable Invt. Ser.-global Infrastructure Port.,
04K5MT-E,Guardian Large Cap Disciplined Value Vip Fund,
04KJ6R-E,Blackrock Acs I - 50:50 Global Equity Tracker Fund,
04JFT5-E,United Global Durable Equities Fund,
04C07J-E,Td Emerald Us Market Index Fund,
04G7D6-E,Jpmorgan Global Allocation Fund,
04BZ35-E,Guidestone Equity Index Fund,
04GZDD-E,Proshares Dj Brookfield Global Infrastructure Etf,
04CVZ9-E,Ishares Plc - Msci North America Ucits Etf,
04K7R3-E,Ishares Iv Plc - Edge Msci Usa Value Factor Ucits Etf,
04CQYB-E,Am One Foreign Equity Passive Fund Mother Fund,
04HXDG-E,Fidelity Japan Fidelity Daiwa Eq. Series (institutional Only),
04CLCK-E,Federated Muni & Stock Advantage Fund,
04DXKN-E,Länsförsäkringar Usa Index,
04J2GC-E,Invesco Etf Trust Ii - Russell 1000 Equal Weight Etf,
04HN2S-E,Ubs (irl) Etf Plc - Msci Usa Hedged To (eur) Ucits,
04G29C-E,Thrivent Variable Product - Moderately Aggressive Allo. Port.,
04BF74-E,Wilshire Mutual Funds - Large Company Value Portfolio,
04KV9G-E,Fsitc Global Utilities & Infrastructure Fund,
04BX2N-E,Fidelity Global Asset Allocation Fund,
04FCZ3-E,Allianz Vip Trust - Azl Russell 1000 Value Index Fund,
04L9T2-E,Cohen & Steers Global Listed Infrastructure Fund,
04HL42-E,Rbc Quant Us Dividend Leaders Etf,
04CWMS-E,Proshares Ultra S&p500,
04C22S-E,Eurizon Fund - Equity North America Lte,
04GTDX-E,Ubs (irl) Etf Plc - Msci Usa Ucits Etf,
04KZ8S-E,Swedbank Robur Global Impact,
04CHLR-E,Sei Global Master Fund Plc - Global Equity Fund,
04HZZL-E,Lux Im - Morgan Stanley Global Real Estate & Infra. Equities,
04B8TD-E,Deutsche Equity 500 Index Portfolio,
04G9Q0-E,Dws S&p 500 Index Fund,
04KM8T-E,Wells Fargo Factor Enhanced Large Cap Portfolio,
04CHMT-E,Am One Dl International Research Open Mother Fund,
04HY49-E,Northern Trust Anchor Global Infrastructure Equity Mother Fund,
04GRP7-E,State Street Equity 500 Index Portfolio,
04G2L3-E,State Farm S&p 500 Index Fund,
04GP5X-E,Blackrock Cif - Us Equity Tracker Fund,
04CP4D-E,Ubs (ch) Investment Fund - Equities Usa Passive,
04FGFP-E,Mml Fundamental Value Fund,
04CS17-E,Pictet Asset (japan) Pictet Global Public Welfare Eq. Mother F,
04LBPY-E,Invesco Russell 1000 Dynamic Multifactor Etf,
04KP6C-E,Nationwide Maximum Diversification Us Core Equity Etf,
04CRRW-E,Eaton Vance Tax Managed Buy Write Income Fund,
04D0KN-E,First Trust Large Cap Core Alphadex Fund,
04GQY3-E,Ast Jpmorgan Global Thematic Portfolio,
04HYK8-E,Nt Ucits Common Contractual Fd. - World Cust. Esg (eur) Hedge,
04JGPK-E,Northern Trust Ucits Fgr Fund - North America Equity Index,
04CV65-E,Eaton Vance Tax Managed Global Buy Write Opportunities Fund,
04FXD6-E,Dimensional Funds Plc - Global Core Equity Fund,
04J5T0-E,Xtrackers (ie) Plc - S&p 500 Equal Weight Ucits Etf,
04K3Z9-E,Fidelity Covington Tr. - Dividend Etf For Rising Rates,
04HL6B-E,Ubs Life - All World Equity Fundamentally Weighted Index Fund,
04DG1V-E,Fdc Sicav - Actions Monde - Indexé,
04JB0B-E,Csif Iii - World (ex-ch) Index Blue,
04D942-E,Legal & General International Index Trust,
04CB3L-E,Llb Aktien Nordamerika (usd),
04JH3M-E,Actiam Verantwoord Index Aandelenfonds - Wereld,
04CLY7-E,Plato Institutional Index Fund - North American Equity,
04HL28-E,Advisors Series Trust - Pzena Mid Cap Value Fund,
04H3Y3-E,Länsförsäkringar Global Index,
04C6VN-E,Sei Institutional Invt. Trust - Large Cap Index Fund,
04K1FK-E,Nt Ucits Common Contractual Fd. - North America Custom Esg Eq.,
04CB9Y-E,Lån & Spar Invest Verden Selection,
04JMM8-E,John Hancock Multifactor Utilities Etf,
04KCBN-E,Amundi Index Solutions - Index S&p 500,
04FWDH-E,Sei Global Invts. Fund Plc - Global Select Equity,
04BDKM-E,Invesco S&p 500 Index Fund,
04BQSH-E,Dpam Capital B - Equities Us Index,
04JWT1-E,Mackenzie Maximum Diversification Us Index Etf,
04JT69-E,Marshall Wace Ucits Funds Plc - Mw Liquid Alpha Fund,
04GX8K-E,Vanguard Funds Plc - Ftse All World Ucits Etf,
04K0LX-E,Multiflex Sicav - Strategic Insurance Distribution Fund,
04JQB3-E,Xtrackers (ie) Plc - Msci World Utilities Ucits Etf,
04DY3W-E,Pacific Select Fund - Pd Large Cap Value Index Portfolio,
04DH13-E,Pictet (ch) Institutional - World (ex-swiss) Eqs. Tracker Us,
04JCMH-E,Hsbc Index Tracker Investment Funds - Ftse All-world Index,
04BSK9-E,Lux-equity - Global,
04F2M6-E,Amc Professional Fund - Bcv Systematic Premia Us Equity,
04JL79-E,Jss Investmentfonds Ii - Equity Us Large Cap,
04KRGJ-E,Danske Invest Sicav - Global Index,
04DWZ1-E,Trilogy Investment Funds Plc - Global Diversified Fund,
04HYGJ-E,Ishares Ii Plc - Msci Usa Dividend Iq Ucits Etf,
04BYQJ-E,Td Us Index Fund,
04L2KJ-E,O'shares Ftse Us Quality Dividend Etf,
04CSFL-E,Aviva Investors Manager Of Manager Icvc - Us Equity Mom 1,
04LCK8-E,Nationwide Multi Cap Portfolio,Incorrect: style 
04G3GD-E,Tactical Offensive Equity Fund,
04JJMR-E,Swedbank Robur Access Usa,
04CWMJ-E,Swip Multi-manager Icvc - International Equity Fund,
04BLS2-E,Aberdeen Capital Trust,
04BHRD-E,Ohio National - S&p 500 Index Portfolio,
04BXQ8-E,Fidelity Institutional Funds - America Fund,
04BBPD-E,Federated Capital Income Fund,
04LBMT-E,Invesco S&p 500 Revenue Etf,
04JJCB-E,Ssga (lux) Sicav - Us Index Equity Fund,
04KM55-E,Gmo Climate Change Fund,
04DY3Q-E,Nvit Dynamic Us Growth Fund,
04BCGB-E,Wells Fargo Index Portfolio,
04L096-E,Eq/fidelity Institutional Am Large Cap Portfolio,
04HD56-E,Natixis Us Dividend Plus Class,
04BGWR-E,Mp 63 Fund,
04D2NV-E,Nuveen Global Infrastructure Fund,
04GW83-E,Sei Investments - Global Managed Volatility Fund,
04GND1-E,Lazard Retirement Global Dynamic Multi Asset Portfolio,
04HM49-E,Ast Legg Mason Diversified Growth Portfolio,
04CSNF-E,Nlb Funds - Equity Global Developed Markets,
04J61G-E,Most Diversified Port. - Tobam Anti-benchmark All Count.,
04G5ZS-E,John Hancock - Hedged Equity & Income Fund,
04JT8K-E,Vaneck Vectors Ftse Global Infrastructure (hedged) Etf,
04CMCS-E,Fidelity Funds Sicav - American Diversified Fund,
04K0TK-E,Threadneedle Specialist Invt. Fds.-us Equity Income,
04DCW1-E,Nationwide Vit - Multi Manager Mid Cap Value Fund,
04BL91-E,Premier Global Infrastructure Income Fund,
04BV6K-E,Spp Generation 70 Tal,
04CT7T-E,Eq/large Cap Value Index Portfolio,
04JTTV-E,Xtrackers (ie) Plc - S&p 500 Ucits Etf,
04CRWS-E,Vanguard Investment Series Plc - Us Fundamental Value Fund,
04L18J-E,Jnl/jpmorgan Hedged Equity Fund,
04BGZ2-E,T Rowe Price Total Equity Market Index Fund,
04DY3R-E,American Century Nvit Multi Cap Value Fund,
04HL0S-E,Advisors Series Trust - Pzena Long/short Value Fund,
04GMPS-E,Ishares V Plc - Msci World (eur) Hedged Ucits Etf,
04D0WW-E,Delaware Enhanced Global Dividend & Income Fund,
04FW34-E,Fidelity Invt. Funds Iv - Multi Asset Income Fund,
04FVP6-E,Vanguard Russell 3000 Index Fund,
04K13R-E,Macquarie Global Income Opportunities Fund,
04BR7L-E,Fidelity Funds Sicav - Global Infrastructure Fund,
04BG13-E,Thrivent Variable Product - Large Cap Index Portfolio,
04C1LV-E,Capital Group Us Equity Fund (ca),
04DCB7-E,Hirtle Callaghan Institutional Value Equity Fund,
04BH6X-E,Nationwide S&p 500 Index Fund,
04DLDR-E,Ishares Global Monthly Dividend Index Etf,
04BHWZ-E,Ishares Tr. - Dow Jones Us Etf,
04BHW3-E,George Putnam Balanced Fund,
04KF1M-E,Ishares V Plc - S&p 500 Utilities Sector Ucits Etf,
04BVDK-E,Profunds Variable Prod - Utilities Fund,
04BJHX-E,Alps/wmc Research Value Fund,
04L7R8-E,Ishares Tr. - Focused Value Factor Etf,
04BNYR-E,Mainstay Mackay S&p 500 Index Fund,
04BRNJ-E,Columbia Variable Portfolio-large Cap Index Fund,
04HZBB-E,Pictet Global Selection Fund - Global Utilities Eq. Curr. Hdg.,
04JWT5-E,Mackenzie Maximum Diversification All World Dev. Index Etf,
04B95C-E,Pgim Qma Defensive Equity Fund,
04BFT0-E,Lincoln Vip - Dimensional Us Core Equity 1 Fund,
04GTDY-E,Ubs (irl) Etf Plc - Msci Usa Value (usd),
04K3HT-E,Amundi Index Solutions - Equity Global Low Carbon,
04DC98-E,Db Platinum - Croci World,
04J6ZG-E,Swisscanto (ch) Ipf I - Index Equity World (ex-ch),
04KWHS-E,Schwab Us Mid Cap Index Fund,
04H1JP-E,Vanguard Funds Plc - Ftse All - World High Div. Yld. Ucits Etf,
04C1TF-E,Axa Rosenberg Eq. Alpha Trust - Global Equity Alpha Fund,
04G7BG-E,Flexshares Morningstar Us Market Factor Tilt Index Fund,
04CS3C-E,Fidelity Income Allocation Fund,
04CVYC-E,Wisdomtree Tr. - Total Dividend Fund,
04DKNP-E,Nissay Asset Nissay Foreign Equity Index Mother Fund,
04DK2F-E,Nlb Funds - Equity Global,
04DXM4-E,Proshares Ultrapro S&p500,
04BJT1-E,Securian Funds Trust - Index 500 Fund,
04G78P-E,Victory Integrity Mid Cap Value Fund,
04BSKJ-E,Lux-portfolio - Balanced,
04CQBV-E,State Street (japan) Foreign Equity Index Open Mother Fund,
04J0DY-E,Kbi Institutional Fund Icav - North America Equity Fund,
04H3LJ-E,Pgim Jennison Global Infrastructure Fund,
04J6Z1-E,Swisscanto (ch) Index Fund I - Equity Usa,
04J616-E,Most Diversified Port. - Tobam Anti-benchmark Global Eq.,
04JMPK-E,Lux-portfolio - Global Flexible,
04BHP5-E,Amf Large Cap Equity Fund,
04BVNQ-E,Danske Invest Denmark - Global Indeks,
04JV1K-E,Fidelity Funds Sicav - Institutional Global Sector Fund,
04BYBQ-E,Phillips Hager & North Us Equity Fund,
04CZSD-E,Bmo Global Infrastructure Fund,
04BHT9-E,Tiaa-cref Separate Account Va-1 (stock Index Account),
04D625-E,Northern Global Sustainability Index Fund,
04JD67-E,Ubs Life - Developed World Equity Fundamentally Weighted Index,
04CSG7-E,Guggenheim Enhanced Equity Income Fund,
04L6WT-E,Russell Investment Company Iv Plc - Global Selective Eq. Fd.,
04GTXS-E,Fidelity Invt. Funds - Index World Fund,
04JGJV-E,Ishares Total Us Stock Market Index Fund,
04HPCP-E,Lsv Us Managed Volatility Fund,
04D00W-E,Nikko Asset World Infrastructure Equity Mother Fund,
04BRBB-E,Kbc Equity Fund - Strategic Satellites,
04JHBR-E,Swiss Index Fund Ii - Swif Us Equity Index,
04BQPM-E,Arca Azioni Internazionali,
04HFT5-E,Ast T Rowe Price Growth Opportunities Portfolio,
04BDNB-E,Simt S&p 500 Index Fund,
04H0NB-E,Ssga Active Trust - Spdr Mfs Systematic Core Equity Etf,
04JLR7-E,Spdr Russell 1000 Momentum Focus Etf,
04HN7H-E,Ssga International Equities Index Trust,
04FH6D-E,Jpmorgan Funds - Global Research Enhanced Index Equity Fund,
04CSR9-E,Invesco Dividend Achievers Etf,
04JTKP-E,Jpmorgan Diversified Return Us Mid Cap Equity Etf,
04KNPT-E,Wellington Mgmt. Funds (ie) Plc - Durable Enterprises,
04GQ8P-E,Ssga Spdr Etfs Europe I Plc - Msci Acwi Ucits Etf,
04BQPN-E,Arca Azioni America,
04CP5K-E,Steward Large Cap Enhanced Index Fund,
04FTQK-E,Swiss Index Platform - Sip World Equity Index Hedge,
04GFMM-E,Fidelity Monthly Income Class,
04JX7R-E,Aberdeen Invt. Fds. Uk Icvc Ii - World Equity Enhanced Index,
04J6ZH-E,Swisscanto (ch) Ipf I - Index Equity World (ex-ch) Responsible,
04CS3F-E,Russell Investments Global Equity Fund,
04BDD1-E,Wells Fargo Index Asset Allocation Fund,
04CKQ7-E,Eaton Vance Intl. (ireland) Fds. Plc - Us Value Fund,
04JPSW-E,Vanguard Invts. Ii Com. Contractual Fd. - Ftse Developed World,
04KSF0-E,Pacer Fds. Tr. - Wealthshield Etf,
04D37H-E,T Rowe Price Institutional Us Structured Research Fund,
04BYTQ-E,Renaissance Global Value Fund,
04D06B-E,Power Dividend Index Portfolio,
04BV4Q-E,Oehman Etisk Index Usa,
04CMYD-E,Sanlam Universal Fds. Plc - Satrix World Equity Tracker Fund,
04KCC7-E,Nbi Smartbeta Global Equity Fund,
04HJGS-E,Allianzgi Best Styles Global Equity Fund,
04JYP5-E,Swedbank Robur Access Global,
04CCMP-E,Hussman Strategic Total Return Fund,
04CKN4-E,Gabelli Dividend & Income Trust,
04GZ7J-E,Blackrock North American Income Trust Plc,
04JH9P-E,Sei Institutional Managed Trust - Dynamic Asset Allocation Fd.,
04D15Z-E,Cohen & Steers Global Income Builder Inc.,
04D0H4-E,Russell Global Equity Fund,
04BGJR-E,American Century Capital Value Fund,
04KQ6T-E,Schwab 1000 Index Etf,
04BJRW-E,State Farm Variable Product Tr. - Large Cap Equity Index,
04CWZ4-E,Massmutual Select Mid Cap Value Fund,
04GWDW-E,Ishares Tr. - Edge Msci Usa Size Factor Etf,
04BS69-E,Hsbc Gif - Economic Scale Us Equity,
04CR23-E,Transamerica Mid Cap Value Fund,
04HNWP-E,Fidelity Funds Sicav - Global Equity Income Fund,
04CT5V-E,Storebrand Global Indeks I,
04C9W3-E,Fonditalia - Equity Global High Dividend,
04J884-E,Hartford Multifactor Us Equity Etf,
04J7CQ-E,Fidelity Funds Sicav - First Developed World,
04GTKQ-E,Ist - Globe Index,
04JXY0-E,John Hancock Ii - Us Strategic Equity Allocation Fund,
04L1N4-E,Fidelity Zero Large Cap Index Fund,
04KDRD-E,Pax Esg Beta Dividend Fund,
04BHSX-E,Mutual Of America Invt. Corp. - All America Fund,
04BY79-E,Rbc Us Index Fund,
04C1QF-E,W&w Quality Select Aktien Welt,
04JW83-E,Vanguard Invts. Com. Contractual Fd. - Ftse Dev. World (ex-uk),
04BPHM-E,Mml Equity Index Fund,
04BTRT-E,Russell Us Dynamic Equity Fund,
04HN2R-E,Ubs (irl) Etf Plc - Msci Usa Hedged To (chf) Ucits,
04GQY4-E,Ast Goldman Sachs Multi Asset Portfolio,
04KR9J-E,Nt Ucits Common Contractual Fd. - World Esg Leaders Eq. Index,
04CTRG-E,John Hancock Ii - Spectrum Income Fund,
04DX84-E,Macquarie Coll. Fds. Plc - Delaware Inv. Us Large Cap Value,
04K3J7-E,Amundi Index Solutions - Equity Global Multi Smart Allocation,
04KHFB-E,Ubs (irl) Etf Plc - Msci Usa Select Factor Mix Ucits Etf,
04GSLM-E,Buffalo Dividend Focus Fund,
04BFZH-E,Jnl/dfa Us Core Equity Fund,
04L2MT-E,Blackrock Fi Dublin Fds. Plc - Ishares Em Govt. Bd Ind.,
04GH6Z-E,Wilmington Global Alpha Equities Fund,
04BQNJ-E,Sbl Series O (all Cap Value Series),
04GPKS-E,Eaton Vance Tax-managed Buy-write Strategy Fund,
04HLX6-E,Invesco Global Infrastructure Fund,
04L6QC-E,Nbi Global Real Assets Income Etf,
04DFYQ-E,Ubs Etf - Msci World Ucits Etf,
04BX3C-E,Renaissance Us Equity Private Pool,
04GVJR-E,Blackrock Global Index Fds. - Ishares World Equity Index,
04JBBP-E,Ubs Investment Funds Icvc - S&p 500 Index Fund,
04BJZ4-E,Sa Us Core Market Fund,
04BV7W-E,Fidelity Vip - Asset Manager Portfolio,
04JN4Y-E,Mackenzie Diversified Alternatives Fund,
04KFYN-E,Fidelity Concord Street Trust - Flex 500 Index Fund,
04BVQX-E,Praxis Value Index Fund,
04J9Z3-E,Ubs (ch) Instl. Fund - Equities Usa Passive Ii,
04JJ12-E,Xtrackers (ie) Plc - Russell Mid Cap Ucits Etf,
04L28D-E,Csif (ch) Umbrella - Equity World (ex-ch) Esg Blue Fund,
04BSF9-E,Aviva Investors Investment Funds Icvc - International Index,
04BFN1-E,Clearwater Core Equity Fund,
04CNBP-E,Candriam Quant - Equities Usa,
04KNB9-E,Robeco Umbrella Fund I Nv - Qi Glb. Dev. Enhanced Index Eq.,
04JFSD-E,Ssga Spdr Etfs Europe Ii Plc - S&p Us Utilities Select Sector,
04KC9V-E,Amundi Index Solutions - Msci World,
04FCG6-E,Hartford Global Real Asset Fund,
04BSKP-E,Lux-equity - North America,
04JH3Y-E,Actiam Verantwoord Index Aandelenfonds - Noord-amerika,
04KS47-E,Csif World (ex-ch) Sustainability Index Blue - Pension Fund,
04J46J-E,Kapitalforening Seb Kontoførende Afdeling 2 - Globale Aktier,
04BGFQ-E,John Hancock Vit - Total Stock Market Index Trust,
04CS2N-E,Mitsubishi Ufj Kokusai Mufj Foreign Equity Mother Fund,
04DWR8-E,Nationwide Ziegler Equity Income Fund,
04HZ95-E,Degroof Ofp - Equities Us Index,
04J0MW-E,Brookfield Real Assets Securities Fund,
04HL2Z-E,Actiam Responsible Index Fund Equity Na - A (pens.f),
04GN35-E,Sei Institutional Managed Trust - Multi Asset Accumulation Fd.,
04D9NP-E,Cf Macquarie Invt. Fds. - Global Infrastructure Securities Fd.,
04BKVM-E,Russell Invt. Co. Plc - Us Equity Fund (the),
04KZVS-E,Mdpim S&p 500 Index Pool,
04BV6H-E,Spp Generation 50 Tal,
04KJGW-E,Dws Us Multi Factor Fund,
04BDBV-E,Guggenheim Large Cap Value Fund,
04BJR4-E,Dws Vit - Equity 500 Index Fund,
04BYFC-E,Fim Tekoaely,
04BVD5-E,Rydex Variable Trust - Utilities Portfolio,
04GVJT-E,Blackrock Global Index Fds. - North America Equity Index Fund,
04BG0B-E,Jpmorgan Research Market Neutral Fund,
04BZ8S-E,Mainstay Vp - Mackay Mid Cap Core Portfolio,
04BGPB-E,Valic Company I - Growth & Income Fund,
04JLW2-E,Ssga (lux) Sicav - Us Value Spotlight Fund,
04D2DJ-E,Invesco Markets Iii Plc - Ftse Rafi Us 1000 Fund,
04JQ4S-E,Bnp Paribas Easy - Msci Na (ex-controversial Weapons),
04GDX6-E,Cohen & Steers Real Assets Fund,
04KRVM-E,Plato Institutional Index Fund - World,
04K3ZQ-E,Fidelity Covington Tr. -  Value Factor Etf,
04JVVC-E,Global Infrastructure Equity Fund (london Capital),
04F9ST-E,Ishares Msci Usa Equal Weighted Etf,
04GX3X-E,T Rowe Price Global Allocation Fund Inc.,
04KP66-E,Nationwide Risk-based Us Equity Etf,
04F5FC-E,Comstage Sicav - Iboxx (eur) Liquid Sov. Diversified 25+ Tr,
04DBBG-E,Hsbc Universal Investment Fds. - Us Multi-factor Equity Fund,
04FCKG-E,Ishares Vii Plc - Msci Usa Ucits Etf,
04C1DF-E,Hsbc Us Equity Pooled Fund,
04BB1D-E,State Street Instl. Fds. - Institutional Us Equity Fund,
04J49M-E,Uniinstitutional Global High Dividend Equities Protect,
04KNFR-E,Vanguard Invts. Ii Com. Contractual Fd. - Sri Ftse Dev. World,
04L0BL-E,Sunamerica Series Trust - Sa Large Cap Value Index Portfolio,
04L1XW-E,Vanguard Esg Us Stock Etf,
04H1BV-E,Ishares V Plc - S&p 500 (gbp) Hedged Ucits Etf,
04D0CC-E,Sparinvest Index Global Aktier Min. Risiko,
04J2TN-E,Nomura Multi Managers Fund V - World Infrastructure Equity,
04CTF4-E,Mutual Of America Invt. Corp. - Mid Cap Value Fund,
04C2P5-E,Ubs Etf - Msci Usa Ucits Etf,
04KJC5-E,Eastspring Investments - Us Equity Income Fund,
04HJB2-E,Russell Invt. Co. Plc - Old Mutual Msci World Esg Index Fund,
04CQ7W-E,Nikko Asset Overseas Index Msci Kokusai (unhdg.) Mother Fund,
04JLQ3-E,Allianz Best Styles Global Ac Equity Fund,
04J378-E,Ishares Tr. - Msci Acwi Low Carbon Target Etf,
04BF0H-E,Invesco V.i. Equally Weighted S&p 500 Fund,
04KTHF-E,Credit Suisse - Index Msci Usa Pool,
04GNMK-E,Nt Ucits Common Contractual Fd. - World Equity Index Fund,
04GN76-E,Globersel - Us Equity Selection,
04FZG5-E,Danske Invest Engros Flexinvest Aktier,
04KVCS-E,Jpmorgan Life Ltd. - Us Equity All Cap Fund,
04G519-E,Vanguard Investment Series Plc - Sri Global Stock Fund,
04CR2Y-E,Hitachi Invt. Hitachi Foreign Equity Index Mother Fund,
04JC9C-E,Vanguard Invts. Com. Contractual Fd. - Ftse Dev. World,
04FC72-E,Ast Jpmorgan Strategic Opportunities Portfolio,
04GT5Q-E,Russell Invt. Co. Plc -ric-old Mutual Ftse Rafi All World Idx,
04HFW5-E,Bcv Institutional Fund - Bcv If Us Equity,
04CTJD-E,Janus Henderson Strategic Invt. Fds.-inst. North Am. In. Opp.,
04KQ76-E,M&g (lux) Investment Funds 1 - Global Listed Infrastructure,
04DRXP-E,Deka Msci Usa Ucits Etf,
04JHRL-E,Ubs (irl) Etf Plc - Factor Msci Usa Low Volatility Ucits Etf,
04HK6T-E,Jnl/t Rowe Price Managed Volatility Balanced Fund,
04G9GD-E,Ishares Hedged International Equity Index Fund,
04CZG2-E,Advisors Inner Circle - Lsv Conservative Value Equity Fund,
04CZ91-E,Pictet Global Selection Fund - Global High Yield Utilities Eq.,
04KM73-E,Seb Fund 3 - Pension Fund Plus,
04CYPQ-E,Lux Im - Us Equities,
04FH2C-E,Virtus Rampart Sector Trend Fund,
04JF7T-E,Invesco Etf Trust Ii - Russell 1000 Low Beta Equal Weight Etf,
04J3V4-E,Bnp Paribas L1 - Multi-asset Income,
04BGB1-E,Calvert Vp S&p 500 Index Portfolio,
04DCDL-E,"Ing Direct Fondo Naranja Standard & Poor's 500, Fi",
04BSZ7-E,Seasons Series Trust - Sa Multi Managed Mid Cap Value Port.,
04KMSK-E,Deltashares S&p 500 Managed Risk Etf,
04GJ1Y-E,Swisscanto Ast Avant Aktien Ausland Index,
04K3XL-E,Brookfield Invt. Fds. Ucits Plc - Real Assets Securities Ucits,
04JC55-E,Equity Flex,
04KY5F-E,Csif Iii - North America Sustainability Index Blue - Pension,
04GTF3-E,Ubs (irl) Etf Plc - S&p 500 Ucits Etf,
04BJZC-E,Tiaa-cref Life Stock Index Fund,
04GNM3-E,Northern Trust Invt. Fds. Plc - North America Equity Index,
04K88N-E,American Customer Satisfaction Core Alpha Etf,
04CVPS-E,Swisscanto (lu) Equity Fund Fcp - Selection International,
04GBFP-E,Hsbc Etfs Plc - Msci World Ucits Etf,
04H3XZ-E,Skandia Nordamerika Exponering,
04BDRH-E,Schwab S&p 500 Index Portfolio,
04GP90-E,Barclays Mm Fd. Plc - Globalaccess Global Equity Income Fund,
04G86V-E,Gs Funds Ii - Gms Global Equity Portfolio,
04BSKK-E,Lux-portfolio - Growth,
04GBKK-E,Ishares Msci World Etf,
04JGNY-E,Ist - Globe Index Hedged (chf) (gih),
04H1HK-E,Schwab Fundamental Us Broad Market Index Etf,
04JLFY-E,Spdr S&p 500 Fossil Fuel Reserves Free Etf,
04KS0X-E,Allianz Global Investors Fund - Structured Alpha Us Equity 250,
04JGWT-E,Xtrackers Russell 1000 Comprehensive Factor Etf,
04CY43-E,Wilmington Large Cap Strategy Fund,
04CQC8-E,Ssga Institutional Fund - Ssga World Equity Index Fund,
04JR7F-E,Fidelity Dividend Investment Trust,
04H1CF-E,Ishares V Plc - Msci Acwi Ucits Etf,
04JMLK-E,Hartford Environmental Opportunities Fund,
04HYGT-E,Ishares Vi Plc - Msci World (chf) Hedged Ucits Etf,
04FY00-E,Swisscanto (ch) Index Fund Iii - Eq. Fd. Msci World (ex-ch),
04JQCF-E,Intech Institutional Enhanced Plus Equity Fund,
04FZF4-E,Alliance Bernstein (japan) Global Value Equity Mother Fund,
04D287-E,Quadrus Eaton Vance Us Value Class,
04K1Y0-E,Rbc Quant Global Infrastructure Leaders Etf,
04BK4G-E,Jpmorgan Diversified Fund,
04GWQM-E,Nextam Partners - Capital International Absolute Income Grower,
04CZWW-E,Russell Invt. Co. Plc - World Equity Fund Ii (the),
04FW1W-E,Fidelity Inv. Fds. Iii - Diversified Growth Fund,
04BJLG-E,Russell Investment Us Strategic Equity Fund,
04CLFT-E,Alliancebernstein Tax Managed Wealth Appreciation Strategy Ptf,
04C1QC-E,W&w Global - Fonds,
04L5Z4-E,Harvest Equal Weight Global Utilities Income Etf,
04GNKG-E,Brighthouse Funds Trust I - Jpmorgan Global Active Allc. Port.,
04D50Q-E,Blackrock Multi Asset Income Portfolio,
04J9CS-E,Global X Scientific Beta Us Etf,
04GN3H-E,Sei Institutional Managed Trust-multi Asset Inflation Managed,
04BSKH-E,Lux-portfolio - Defensive,
04CQ43-E,Pictet (ch) - Global Equities,
04KV0W-E,Robeco Inst. Umb. - Qi Inst. Glb. Dev. Enhanced Indexing Eq.,
04JBBN-E,Ubs Life - World Equity Optimised Volatility Index,
04KXM8-E,Sei Institutional Managed Trust - Large Cap Index Fund,
04D2QZ-E,Invesco S&p 500 Buywrite Etf,
04KJQ4-E,Investeringsforeningen Investin - Balanced Risk Allocation,
04C69T-E,"Boysep Investment, Sicav",
04KWHN-E,Schwab Us Large Cap Value Index Fund,
04J0X8-E,Pax Ellevate Global Women's Leadership Fund,
04D17L-E,Ishares Ii Plc - Msci Usa Islamic Ucits Etf,
04G9RW-E,Janus Henderson Global Income Managed Volatility Fund,
04KG98-E,Transamerica Large Core,
04BHK7-E,Northern Large Cap Value Fund,
04KP0K-E,Goldman Sachs Etf Tr. - Equal Weight Us Large Cap Equity Etf,
04G490-E,Storebrand Indeks - Alle Markeder,
04GDRB-E,Spdr Msci Acwi Imi Etf,
04GWLG-E,Ishares Core S&p 500 Index Etf,
04CYNY-E,Proshares Ultra Utilities Fund,
04BPHW-E,Anchor Series Trust - Sa Wellington Multi Asset Income Port.,
04BVRL-E,Qs Batterymarch S&p 500 Index Fund,
04D52L-E,Prudential Financial Global Infrastructure Fund,
04JK99-E,Aqr Ucits Funds Ii - Global Defensive Beta 1 Ucits Fund,
04KQ74-E,Lazard Equity Franchise Portfolio,
04JT01-E,Ssga Spdr Etfs Europe Ii Plc - Msci World Utilities Ucits Etf,
04KRDX-E,Danske Invest - Sri Global,
04KJ6X-E,Blackrock Acs I - 60:40 Global Equity Tracker Fund,
04CVPV-E,Swisscanto (lu) Equity Fund Fcp - Selection North America,
04G15D-E,Jpmorgan Life Ltd. - Us Disciplined Equity Fund,Incorrect: eaum 
04JH3B-E,Lincoln Vip - Dimensional Us Core Equity 2 Fund,
04CZ1Q-E,Nuveen Core Equity Alpha Fund,
04BD60-E,Rydex Nova Fund,
04HM4B-E,Ast Jennison Global Infrastructure Portfolio,
04C2G5-E,Jss Investmentfonds - Sustainable Portfolio Balanced (eur),
04JB0Q-E,Fortuna Invest - Risk Control 3,
04HHWF-E,Nomura Asset Foreign Equity Currency Hedged Mother Fund,
04KDQX-E,Cognios Large Cap Value Fund,
04CYHT-E,Ishares Us Fundamental Index Fund,
04KKFR-E,Fidelity Us Sustainability Index Fund,
04BSKL-E,Lux-portfolio - Dynamic,
04L1Z7-E,Pinebridge Cit - Us Research Enhanced Large Cap Core,
04J6Z6-E,Swisscanto (ch) Index Fund V - Equity World (ex-chf),
04GFDP-E,Dimensional Funds Plc - World Equity Fund,
04JQ8Z-E,Lmcg Mid Cap Core Collective Fund,
04GJ03-E,Voya Multi Manager Mid Cap Value Fund,
04JDK2-E,Global X S&p 500 Catholic Values Etf,
04J683-E,Vanguard Funds Plc - Ftse North America Ucits Etf,
04D9T2-E,Janus Henderson Exempt Equity Trust-intl. Exempt North Am.,
04JF3L-E,Ssga Spdr Etfs Europe Ii Plc - Msci Usa Value Ucits Etf,
04KRBL-E,Jpmorgan Us Dividend Etf,
04BR87-E,Fidelity Funds Sicav - Smart Global Moderate Fund,
04BYDG-E,Scotia Us Index Fund,
04BR86-E,Fidelity Funds Sicav - Smart Global Defensive Fund,
04G6PD-E,James Long Short Fund,
04HJ0H-E,Dsc Equity Fund - Utilities,
04C422-E,Hsbc Global Equity Fund,
04DH14-E,Pictet (ch) Institutional - World (ex-swiss) Equities Tracker,
04CSYJ-E,Fidelity Funds Sicav - Target 2030 (eur) Fund,
04JPRK-E,Ubs Investment Funds Icvc Ii - Ftse Rafi Developed 1000 Index,
04KWPW-E,Swisscanto Sammelstiftung Global Equity (ex-ch) Fund,
04HJ70-E,Skandia Global Exponering,
04CLQP-E,Rydex S&p 500 Pure Value Fund,
04BRCZ-E,Kbc Equity Fund - Utilities,
04CXNF-E,Ssga North America Equity Tracker Fund,
04L3FF-E,Russell Invt. Co. V Plc - Global Selective Equity Oppor.,
04BDLW-E,Blackrock Tactical Opportunities Fund,
04BQ21-E,New Covenant Growth Fund,
04KVGM-E,Russell Invt. Co.plc - Old Mutual Global Macro Equity Fund,
04KFZG-E,Fidelity Flex Mid Cap Index Fund,
04BDZB-E,Usaa Growth & Tax Strategy Fund,
04HQC1-E,Finreon Umbrella Fund - Tail Risk Control (world),
04KWNT-E,Xtrackers Russell 1000 Us Quality At A Reasonable Price Etf,
04D17M-E,Ishares Ii Plc - Msci World Islamic Ucits Etf,
04CXBQ-E,Fidelity Funds Sicav - Target 2040 (eur) Fund,
04J2TC-E,Blackrock Isf - Ishares Dev. World (ex-tobacco) Index Fd. (ie),
04L296-E,Cif - Capital Group Capital Income Builder (lux),
04BXTS-E,Pinebridge Global Funds - Dynamic Asset Allocation Fund,
04BC4R-E,Victory S&p 500 Index Fund,
04DRKT-E,Pictet (ch) Institutional - North American Equities Tracker Us,
04KDQM-E,Lux-portfolio - Global Flexible Serenity,
04K2ZD-E,Guardian Diversified Research Vip Fund,
04F5HS-E,Delaware Mid Cap Value Fund,
04KGCW-E,Manulife Multifactor Us Large Cap Index Etf,
04GNSY-E,Blackrock Global Funds - Global Multi Asset Income Fund,
04JYJ8-E,Swiss Life Funds (lux) - Equity Global Nxs Protect,
04KW9C-E,Seb Fund 3 - Pension Fund Extra,
04BB09-E,Gabelli Asset Fund (the),
04KTY3-E,Centre Global Infrastructure Fund,
04CSY8-E,Managed Account Series - Mid Cap Dividend Fund,
04G8M6-E,Nuveen Glb. Investors Fd. Plc - Global Infrastructure Fund,
04CXBP-E,Fidelity Funds Sicav - Target 2035 (eur) Fund,
04GMS4-E,Tangerine Equity Growth Portfolio,
04L679-E,Syntax Stratified Large Cap Etf,
04J0B3-E,Xtrackers (ie) Plc - Msci North America High Div.,
04J1CN-E,Cs Index Fund (lux) - Equities Us Blue,
04CZ5Z-E,Wisdomtree Tr. - Earnings 500 Fund,
04GH0M-E,Nykredit Invest Taktisk Allokering,
04H1C0-E,Ishares V Plc - Msci World (gbp) Hedged Ucits Etf,
04FG64-E,Ubs (lux) Sicav 1 - All-rounder (usd),
04B98Q-E,Mainstay Balanced Fund,
04HY4M-E,Aberdeen Life North American Equity Enhanced Index Fund,
04KVRS-E,Capitol Series Trust - Fuller & Thaler Behav. Mid Cap Value,
04J7DH-E,Fidelity Funds Sicav - Institutional Target 2030 (eur),
04CX1Z-E,Axa/franklin Balanced Managed Volatility Portfolio,
04BPTT-E,Profunds - Utilities Ultrasector,
04JK1F-E,Stanlib Funds Ltd. - Multi-manager Global Equity Fund,
04KWNX-E,Ubs Life - Usa Equity Fundamentally Weighted Index Fund,
04CB5L-E,Nykredit Invest Globale Aktier Basis,
04KR1V-E,Hsbc Gif - Global Lower Carbon Equity,
04J684-E,Vanguard Funds Plc - Ftse Developed World Ucits Etf,
04L6LF-E,Franklin Ftse Us Index Etf,
04KZD6-E,Commerzbank Flexible Allocation Usa,
04KR3H-E,"Bindex Usa Indice, Fi",
04BR83-E,Fidelity Funds Sicav - Sélection Internationale,
04D0DK-E,Mainstay Mackay Us Equity Opportunities Fund,
04GQ8S-E,Ssga Spdr Etfs Europe I Plc - Msci Acwi Imi Ucits Etf,
04KFX7-E,Fidelity Flex Large Cap Value Fund,
04HM4J-E,Ci First Asset Msci Usa Low Risk Weighted Etf,
04K1MZ-E,Morgan Stanley Invt. Fds. - Global Balanced Fund,
04CWLD-E,Family Investments Child Trust Fund,
04BC4D-E,Nationwide Dyanmic Us Growth Fund,
04L47K-E,Vanguard Ethically Conscious Intl. Sh. Index Fd. - (nzd Hedg.),
04KGBG-E,Robeco Capital Gr. Fds. - Qi Customized Enhanced Index Eq.,
04JJC9-E,Ssga (lux) Sicav - World Esg Index Equity Fund,
04CB2V-E,Sparinvest Index Usa Value,
04CBMH-E,Sebinvest Nordamerika Indeks,
04KPRD-E,Vanguard International Shares Select Exclusions Index Fund,
04BP9H-E,State Street Var. Ins. Ser. Fds. Inc. - S&p 500 Index Vis Fund,
04CSYH-E,Fidelity Funds Sicav - Target 2025 (eur) Fund,
04BDKH-E,California Investment S&p 500 Index Fund,
04BPB3-E,Fidelity Vip Ii - Asset Manager Growth Portfolio,
04BFQ5-E,Goldman Sachs Vit - Equity Index Fund,
04J6KX-E,Axa/goldman Sachs Strategic Allocation Portfolio,
04GQN7-E,Openworld Plc - Global High Dividend Equity Fund,
04HYGP-E,Ishares Vi Plc - S&p 500 (chf) Hedged Ucits Etf,
04KJ5C-E,Ishares Core Msci Global Quality Dividend Index Etf,
04J7DB-E,Fidelity Funds Sicav - Institutional Target 2025 (eur),
04F70B-E,Tangerine Balanced Growth Portfolio,
04J7RD-E,Goldman Sachs Multi Manager Global Equity Fund,
04G7NG-E,Allianzgi Global Dynamic Allocation Fund,
04KKFJ-E,Fidelity Balanced Managed Risk Portfolio,
04BG8B-E,Wilshire Mutual Funds - 5000 Index Fund,
04CMG7-E,Rydex Variable Trust - S&p 500 Pure Value Fund,
04JN4D-E,Lazard Global Low Volatility Fund,
04L74T-E,Treetop - World Equity Index,
04JG0L-E,Nt Ucits Common Contractual Fd. - Us Fundamental Index,
04H0ND-E,Ssga Active Trust - Spdr Mfs Systematic Value Equity Etf,
04JPRN-E,Ubs Investment Funds Icvc Ii - Msci World Minimum Vol. Index,
04DTF8-E,Fidelity Sicav - Monde,
04H3Q4-E,Danske Invest Denmark - Engros Global Equity Solution,
04K1FR-E,Nt Ucits Common Contractual Fd. - World (eur) Hdg. Eq. Index,
04JB52-E,Spdr Msci Usa Strategicfactors Etf,
04KD8Z-E,Am One World Core Infrastruture Equity Fund,
04L47J-E,Vanguard Ethically Conscious International Shares Index Fund,
04BPHL-E,Mml Managed Volatility Fund,
04CVYR-E,Wisdomtree Tr. - Global High Dividend Fund,
04G5ZK-E,Alliancebernstein Vp - Dynamic Asset Allocation Portfolio,
04KBJ6-E,Lazard Real Assets & Pricing Opportunities Portfolio,
04J6QP-E,Wisdomtree Issuer Plc - Us Equity Income Ucits Etf,
04BYBP-E,Phillips Hager & North Us Growth Fund,
04HXRK-E,Nlb Funds - Us Equity,
04DMD9-E,Family Invts. Global Icvc - Balanced International Fund,
04HMV5-E,Sanlam Universal Fds. Plc - Satrix North America Eq. Tracker,
04L4RQ-E,Jss Investmentfonds Ii - Sustainable Eq.-global Multifactor,
04DLLC-E,Delaware Foundation Funds - Conservative Allocation Fund,
04H1JY-E,First Trust Glb. Fds. Plc - Us Large Cap Core Alphadex Etf,
04KJ5B-E,Ishares Core Msci Us Quality Dividend Index Etf,
04BCP3-E,Virtus Rampart Enhanced Core Equity Fund,
04CVXF-E,Rydex S&p 500 Fund,
04H3Q0-E,Csif Umbrella - World (ex-ch) Value Weighted Index - Pension,
04HZ3L-E,Macquarie Fd. Sol. - Global Listed Infra. Fund,
04DV11-E,Am One Mham Foreign Equity Index Mother Fund,
04GXFC-E,Direxion Daily Utilities Bull 3x Shares,
04KW0L-E,Multi Units Lu - Lyxor Core Msci World,
04BG0G-E,Hirtle Callaghan Value Equity Portfolio,
04BFB4-E,Blackrock Managed Volatility V.i. Fund,
04KXGN-E,Bny Mellon Global Fds. Plc - Dynamic Us Equity,
04H3Q9-E,Danske Invest Denmark - Engros Global Restricted,
04JK4L-E,Alliancebernstein Fund - Dynamic All Market Portfolio,
04CCDV-E,Value Investment Fonds Klassik,
04KTVV-E,Mackenzie Us Large Cap Equity Index Etf,
04KSZB-E,Ubs (irl) Etf Plc - Msci Acwi Esg Universal Ucits Etf,
04JVRZ-E,Columbia Sustainable Global Equity Income Etf,
04DZFT-E,Fidelity Life Funds - International Equity Pensions Fund,Incorrect: style eaum turnover 
04D3C9-E,Alta Gold,
04CKMY-E,Spp Generation 80 Tal,
04FTWB-E,Thrivent Moderately Conservative Allocation Fund,
04HNWV-E,Robeco Capital Gr. Fds. - Qi Glb. Dev. Sust. Enh. Ind. Eq.,
04CRSB-E,Mainstay Vp - Balanced Portfolio,
04J7F5-E,Fidelity Funds Sicav - Institutional Target 2050 (eur),
04J7DJ-E,Fidelity Funds Sicav - Institutional Target 2035 (eur),
04G90H-E,Jpmorgan Funds - Us Research Enhanced Index Equity Fund,
04J9G4-E,Russell Multi Strategy Income Fund,
04CB7B-E,Pinebridge Global Funds - Us Research  Enhanced Core Equity,
04KNCZ-E,Bankia Futuro Sostenible Fi,
04L865-E,Ubs (irl) Etf Plc - S&p 500 Esg Ucits Etf,
04J4QL-E,Aqr Ucits Funds - Global Defensive Equity,
04F2ZL-E,Genius Strategie,
04BG35-E,Victory S&p 500 Index Vip Series,
04JRC3-E,Sa Blackrock Vcp Global Multi Asset Portfolio,
04D0MK-E,Rydex Dynamic S&p 500 2x Strategy Fund,
04DLNX-E,Multi Manager Access - Global Equities,
04CZ5Y-E,Wisdomtree Tr. - Total Earnings Fund,
04J67J-E,Jpm Asset Gim Global Mid Small Cap Equity Discovery Mother Fd.,
04GN0R-E,First Trust Dorsey Wright People's Portfolio Etf,
04HYLC-E,Bosera S&p 500 Etf,
04KQZR-E,Jnl/mellon Capital S&p 1500 Value Index Fund,
04DZDX-E,Fidelity Life Funds - Global Equity 50/50 Pensions Fund,
04KB37-E,Legg Mason Global Infrastructure Etf,
04HVTW-E,Horizon Active Risk Assist Fund,
04GRC1-E,Jss If - Equities World (ex-ch),
04GN3F-E,Sei Institutional Managed Trust - Multi Asset Income Fund,
04KXLH-E,Xtrackers (ie) Plc - Esg Msci World Ucits Etf,
04C8W2-E,Fidelity Funds Sicav - Growth & Income Fund,
04D04P-E,Siemens Dc Balanced Funds,
04KXY9-E,Ibi (4d) Sal S&p 500 Low Volatility High Dividend,
04LBD4-E,Vanguard Global Dividend Fund,
04KJP4-E,Ishares Ii Plc - Msci World Quality Dividend Ucits Etf,
04K8RZ-E,Vanguard Invt. Fds. Icvc - Ftse Global All Cap Index,
04JRTS-E,Quaestio Capital Fund - Global Diversified Ii Fund,
04GW2K-E,Global X S&p 500 Covered Call Etf,
04GS3X-E,Flexshares Quality Dividend Defensive Index Fund,
04HPCQ-E,Lsv Global Managed Volatility Fund,
04LBG2-E,Vanguard Windsor Us Value Fund,
04CX7M-E,Invesco Global Invt. Ser.-gbl. (ex-uk) Enhanced Index (uk),
04BKZZ-E,Legal & General Global Equity Index Trust,
04HYJK-E,Hsbc Etfs Plc - Economic Scale Worldwide Equity Ucits,
04J5T4-E,Xtrackers (ie) Plc - Msci Ac World Ucits Etf,
04FP52-E,Ipm Umbrella Fund - Global Equity Fund,
04GTKR-E,Ist - America Index,
04BZC2-E,Guidemark Large Cap Core Fund,
04KZKP-E,Fidelity Vip Ii - Total Market Index Portfolio,
04FW1Y-E,Fidelity Inv. Fds. Iii - Global Diversified Fund,
04CHM0-E,Amc Professional Fund - Bcv Enhanced Us Equity,
04J7DP-E,Fidelity Funds Sicav - Institutional Target 2045 (eur),
04DRKY-E,Pictet (ch) Institutional - North American Equities Tracker,
04C0JJ-E,"Ibercaja Utilities, Fi",
04CT3Q-E,Northern Large Cap Core Fund,
04KW6S-E,Fidelity Ucits Ii Icav - S&p 500 Index Fund,
04CN0X-E,Blackrock Active Stock Master Portfolio,
04CHBS-E,Danske Invest Denmark - Global Indeks Valutasikret,
04BSWM-E,Nordea Internasjonale Aksjer Iii,
04BYJ6-E,Cs Investment Funds 12 - (lux) Portfolio Fund Yield (chf),
04BV6G-E,Spp Generation 40 Tal,
04K2XY-E,Gs Funds - Global Infrastructure Equity Portfolio,
04BVXG-E,Universe Cmi Global Network - Us Enhanced Equity,
04L9NG-E,Fidelity Inv. Fds. Iii - Institutional Diversified Income Fund,
04L68K-E,Renaissance Global Equity Private Pool,
04D1ZZ-E,Ishares Tr. - Msci Kokusai Etf,
04J2GN-E,Spdr Msci Acwi Low Carbon Target Etf,
04BRBV-E,Cs Investment Funds 12 - (lux) Portfolio Fund Balanced (usd),
04J7DN-E,Fidelity Funds Sicav - Institutional Target 2040 (eur),
04D8QT-E,Jpmorgan Fund Iii Icvc - Diversified Growth Fund,
04BWQV-E,Ft Global Multi Asset Income,
04J5QW-E,Fidelity Funds Sicav - Target 2045 (eur) Fund,
04GHYV-E,Nord/lb Am Aktien North America,
04BGXF-E,Invesco V.i. S&p 500 Index Fund,
04K2SH-E,Russell Comm. Contractual Fd. - World Equity Fund Iii,
04DY6B-E,Allianz Vip Trust - Azl Msci Global Equity Index Fund,
04BBW2-E,Morgan Stanley Instl. Fund-global Strategist Portfolio,
04BGZN-E,Virtus Rampart Enhanced Core Equity Series,
04DCB8-E,Hirtle Callaghan Institutional Growth Equity Fund,
04KSLD-E,Storebrand Global Esg,
04BR1R-E,Ubs (lux) Strategy Fund - Balanced (usd),
04BS65-E,Hsbc Gif - Economic Scale Global Equity,
04F0G5-E,Capacity Fonds Institutionnel - Actions Etrangeres Pib,
04KSR8-E,Horizon Defined Risk Fund,
04CKGV-E,Russell Investment Group (japan) Russell Inv. For. Eq. Mother,
04H18N-E,Ossiam Lux - World Minimum Variance Nr,
04GWF7-E,Sei Investments - Us Large Cap Index Fund,
04C965-E,Spirit Of America Large Cap Value Fund,
04JZ5Q-E,Ikc Global Infrastructure - Fonder Ab,
04C52R-E,Russell Investments Us Equity Fund,
04CZCN-E,Transamerica Long/short Strategy Fund,
04JK1T-E,Cohen & Steers Sicav - Global Listed Infrastructure Fund,
04BR8L-E,Fidelity Funds Sicav - Fawf International Fund,
04C47J-E,Bny Mellon Global Fds. Plc - S&p 500 Index Tracker,
04HM0C-E,Spdr S&p World (ex-australia) Fund,
04BJTL-E,Ab Tax Managed All Market Income Portfolio,
04K1Q1-E,Kodex Msci World Etf,
04JM1V-E,T Rowe Price Qm Us Value Equity Fund,
04J7Z4-E,Himco Vit Portfolio Diversifier Fund,Incorrect: eaum 
04L2Y1-E,Jpmorgan Etfs (ie) Icav - Gbl. Res. Enh. In. Eq. (esg),
04BYMY-E,Hsbc Us Equity Fund,
04J7D7-E,Fidelity Funds Sicav - Institutional Target 2020 (eur),
04HKV7-E,Fidelity Invt. Funds Iv - Multi Asset Income & Growth Fund,
04B9BS-E,Elfun Diversified Fund,
04L56D-E,Cs Index Fund (lux) - Equity Us Esg Blue,
04H0XP-E,Aa Mmf - Verzekeringen Beleggingsfonds Matig Offensief,
04FC3K-E,Tokio Marine Asset Tma Foreign Equity Index Mother Fund,
04D08X-E,Connor Clark & Lunn Diversified Income Portfolio,
04JZS9-E,Eastspring Investments - Global Multi Asset Income Plus Growth,
04J1YK-E,Lazard Global Balanced Income Fund,
04DH4C-E,Invesco Markets Iii Plc - Ftse Rafi All-world 3000,
04KDST-E,Thrivent Variable Product - Low Volatility Equity Portfolio,
04KKFF-E,Fidelity Conservative Managed Risk Portfolio,
04J5QX-E,Fidelity Funds Sicav - Target 2050 (eur) Fund,
04J7FK-E,Lux Im - Esg Morgan Stanley Global Multiasset,
04CF9J-E,Nbg International Funds Sicav - Global Equity Sub-fund,
04LBPH-E,Invesco Esg Revenue Etf,
04HKV6-E,Fidelity Invt. Funds Iv - Multi Asset Balanced Income Fund,Incorrect: style aum eaum turnover 
04KP2Z-E,Transamerica Us Equity Index Vp,
04BV20-E,Dnb Usa Indeks,
04J2LP-E,Sgkb (ch) Finreon Us Equity Isopro (usd),
04HLP4-E,Panagora Global Diversified Risk Portfolio,
04HJCK-E,Russell Invt. Co. Plc - Old Mutual Multi-style Global Eq. Fd.,
04J9VX-E,Wellington Mgmt. Fds. (lu) - Gbl. Cap. Cycles Ls Fd.,
04J31C-E,Mitsubishi Ufj Kokusai North America Hard Asset Op. Mother Fd.,
04JG79-E,Sei Catholic Values Equity Fund,
04KJGD-E,Arca Economia Reale Bilanciato Italia 55,
04GTF2-E,Ubs (irl) Etf Plc - Msci World (usd),
04KXZG-E,Xtrackers (ie) Plc - Esg Msci Usa Ucits Etf,
04KTM1-E,Localtapiola Usa Market,
04KZB5-E,Morgan Stanley Instl. Fund - Real Assets Portfolio,
04G6V3-E,Fpspi Sicav - Growth,
04B8VF-E,Ab Global Risk Allocation Fund,
04G924-E,Guidestone Defensive Market Strategies Fund,
04L7JK-E,Salt Low Trubeta Us Market Etf,
04JQBX-E,Panagora Master Collective Invt. Trust-risk Parity Multi Asset,
04KWNC-E,Ishares Tr. - Us Infrastructure Etf,
04GXNZ-E,Agfiq Hedged Dividend Income Fund,
04KSHX-E,Wealth Invest Akl Globale Aktier Sri,
04JMS8-E,Counsel Defensive Global Equity,
04JVRR-E,Columbia Sustainable Us Equity Income Etf,
04L5H9-E,Siemens Global Equities,
04L2YC-E,Jpmorgan Etfs (ie) Icav - Us Res. Enh. Ind. Eq. (esg),
04D56S-E,Deka Msci Usa Lc Ucits Etf,
04J6D1-E,Betashares Ftse Rafi Us 1000 Etf,
04KW64-E,Fidelity Ucits Ii Icav - Msci World Index Fund,
04BYJ7-E,Cs Investment Funds 12 - (lux) Portfolio Fund Yield (usd),
04FCFZ-E,Hartford Global All Asset Fund,
04L36H-E,Ishares Iv Plc - Msci World Esg Screened Ucits Etf,
04BY1C-E,Hsbc Investment Funds - Balanced Fund,
04CW4S-E,Li Aktier Europa Indeks,
04BRBS-E,Cs Investment Funds 12 - (lux) Portfolio Fund Balanced (eur),
04DZJ1-E,Fidelity Funds Sicav - Glb. Mul. Asset Tactical Defensive Fund,
04BYJ9-E,Cs Investment Funds 12 - (lux) Portfolio Fund Growth (chf),
04C3ZK-E,Mvb Trendstrategie: Value,
04KR04-E,Jnl S&p 500 Index Fund,
04H0XR-E,Aa Mmf - Verzekeringen Beleggingsfonds Zeer Offensief,
04BTKX-E,Massmutual Premier Disciplined Value Fund,
04KW0J-E,Multi Units Lu - Lyxor Core Morningstar Us,
04L1C0-E,Deka Msci World Ucits Etf,
04H0XQ-E,Aa Mmf - Verzekeringen Beleggingsfonds Offensief,
04HLD2-E,Rbc Us Equity Value Fund,
04BYJB-E,Cs Investment Funds 12 - (lux) Portfolio Fund Growth (usd),
04G4C7-E,Nikko - Listed Index Fund Us Equity (s&p500) (1547),
04J3KW-E,Swisscanto (ch) Vorsorge Fonds - 45 Passiv,
04GM3D-E,Neuberger Berman Absolute Return Multi Manager Fund,
04L5ZP-E,Direxion Msci Defensives Over Cyclicals Etf,
04BK4J-E,Wells Fargo Vt - Index Asset Allocation Fund,
04BR18-E,Ubs (lux) Strategy Fund - Balanced (chf),
04JQNK-E,Series Portfolios Trust - Weiss Alternative Balanced Risk Fund,
04BV2L-E,Mutual Of America Institutional Equity Index Fund,
04BR04-E,Ubs (ch) Strategy Fund - Yield (chf),
04BNQK-E,Valic Company I - Asset Allocation Fund,
04J4SZ-E,Goldman Sachs Global Managed Beta Fund,
04GW8G-E,Gs Funds - Givi Global Equity Growth Markets Tilt Portfolio,
04CCR3-E,Fmoq Actions Internationales,
04JLGD-E,Pimco Fds. Glb. Invt. Series Plc - Rae Glb. Dev. Fund,
04L0KB-E,Barreau Du Quebec Section Mondial,
04BR19-E,Ubs (lux) Strategy Fund - Growth (chf),
04BR17-E,Ubs (lux) Strategy Fund - Yield (chf),
04KN95-E,Ishares Tr. - Russell 1000 Pure Us Revenue Etf,
04BYJ5-E,Cs Investment Funds 12 - (lux) Portfolio Fund Yield (eur),
04KFX2-E,Pgim Qma Us Broad Market Index Fund,
04G0P5-E,Swisscanto Bvg 3 Index 45,
04GB6K-E,Kestrel Ucits Funds Plc - Global Portfolio,
04D639-E,Dfa Cstg & E Us Social Core Equity 2 Portfolio,
04KPT2-E,Robeco Capital Gr. Fds. - Qi Glb. Dev. Enh. Ind. Eq.,
04BJQS-E,Profunds - Bull,
04GBFJ-E,Hsbc Etfs Plc - Msci Usa,
04KXDK-E,Lux Im - World Equities,
04KFYD-E,Desjardins Usa Multifactor Controlled Volatility Etf,
04BVXM-E,Universe Cmi Global Network - Us Equity Index Tracking,
04JYS1-E,Flexshares Stoxx Us Esg Impact Index Fund,
04CXY6-E,Pgim (japan) Pru Overseas Equity Mother Fund,
04BP9G-E,State Street Var. Ins. Ser. Fds. Inc. - Us Equity Vis Fund,
04KVS9-E,Bekb Strategiefonds - Ausgewogen,
04D258-E,Nikko Asset Overseas Eq. Index Msci Kokusai (hedge) Mother Fd.,
04K0R1-E,State Street Us Value Spotlight Fund,
04LBXB-E,Agfiq Global Infrastructure Etf,Incorrect: style 
04L77L-E,Fidelity First Global Fund,
04J5T1-E,Concept Fd. Sol. - Deutsche Msci World Index Fund,
04BR05-E,Ubs (ch) Strategy Fund - Balanced (chf),
04KJ4S-E,Mtf (4a) S&p 500 Low Vol. High Dividend - Foreign Cur. Hdg.,
04BR1N-E,Ubs (lux) Strategy Fund - Balanced (eur),
04L22R-E,Sanlam Universal Fds. Plc - Centre Glb. Listed Infra.,
04CM07-E,Imga Global Equities Selection,
04JLJZ-E,Pimco Fds. Glb. Invt. Series Plc - Rae Us Fund,
04L0V5-E,Nikko - Listed Index Fund Us Equity (s&p500) Cur. Hdg. (2521),
04BV2K-E,Mutual Of America Institutional All America Fund,
04CCP1-E,Profunds - Large Cap Value,
04L9HG-E,Tidal Etf Tr. - Sofi Select 500 Etf,
04L7G7-E,Jpmorgan Betabuilders Us Equity Etf,
04BZQX-E,Imga Ações América,
04GG9L-E,Russell Us Mid Cap Equity Fund,
04BR1B-E,Ubs (lux) Strategy Fund - Equity (chf),
04BR1S-E,Ubs (lux) Strategy Fund - Growth (usd),
04BR1D-E,Ubs (lux) Strategy Fund - Yield (eur),
04KLDB-E,Bmo Ucits Etf Icav - Enhanced Income Usa Equity,
04GQ12-E,Spdr S&p 1500 Value Tilt Etf,
04CPH9-E,Ubs (lux) Strategy Xtra Sicav - Yield (chf),
04KWG3-E,Xtrackers (ie) Plc - Msci World High Dividend Yield Ucits Etf,
04KR96-E,Ashburton Global 1200 Etf,
04CPH5-E,Ubs (lux) Strategy Xtra Sicav - Balanced (chf),
04KJMR-E,First Trust Exchange Traded Fund Vi - Large Cap Us Eq. Sel.,
04BPQV-E,Morgan Stanley Variable - Global Strategist Portfolio,
04JS45-E,Xtrackers (ie) Plc - Ftse All-world (ex-uk) Ucits,
04FTQF-E,Swiss Index Platform - Sip World Equity Index,
04D59F-E,Tangerine Balanced Income Portfolio,
04BTKZ-E,Ubs (lux) Strategy Fund - Yield (usd),
04GRTG-E,Invesco Act. Man. Etf Tr. - S&p 500 Downside Hedged Etf,
04L367-E,Ishares Iv Plc - Msci Usa Esg Screened Ucits Etf,
04H0XM-E,Aa Mmf - Verzekeringen Beleggingsfonds Matig Defensief,
04JL1X-E,Nuveen Glb. Investors Fd. Plc - Tiaa Global Equity Esg,
04KL4T-E,Sei Institutional Invt. Trust - World Select Equity Fund,
04KPFR-E,E Fund S&p 500 Index Fund,
04JC6J-E,Ubs Iq Msci World (ex-australia) Ethical Etf,
04HM53-E,Ast T. Rowe Price Diversified Real Growth Portfolio,
04BYJ8-E,Cs Investment Funds 12 - (lux) Portfolio Fund Growth (eur),
04L4V3-E,Cushing Utility & Mlp Etf,
04L33P-E,Arca 2022 Reddito Valore Globale,
04BD3F-E,Reynolds Blue Chip Growth Fund,
04FH3K-E,Nomura Asset Nomura Janus Intech Overseas Equity Mother Fund,
04L6PJ-E,Pacific Global Us Equity Income Etf,
04JQKR-E,Td U.s. Equity Index Etf,
04JPJF-E,Candriam Gf - Us Equity Oppotunities,
04L3FG-E,Wellington Mgmt. Fds. (lu) - Climate Strategy Fund,
04GQ5S-E,Spdr S&p 1500 Momentum Tilt Etf,
04BYZG-E,T Rowe Price Equity Index 500 Portfolio,
04KR12-E,Reverse Cap Weighted Us Large Cap Etf,
04JVZX-E,Legal & General (pmc) Global Equity Fixed Weights (50:50) Ind.,
04L9GP-E,Jpmorgan Etfs (ie) Icav - Betabuilders Us Equity Ucits Etf,
04LBP0-E,Invesco Russell 1000 Yield Factor Etf,
04BYW8-E,Rydex Variable Trust - Nova Portfolio,
04K3R1-E,Cs Index Fund (lux) - Equities World Factor Mix,
04BZBZ-E,Bmo Investments (lux) I Fund - North American Equities Fund,
04KZNC-E,Guidepath Growth & Income Fund,
04DZF7-E,Fidelity Life Funds - Global Equity 70/30 Pensions Fund,
04LBNS-E,Invesco Russell 1000 Value Factor Etf,
04KQ69-E,Bmo Msci Usa Value Index Etf,
04HYH4-E,Finex Funds Plc - Msci Usa Ucits Etf (usd),
04L026-E,Arca 2022 Reddito Valore Globale Ii,
04KMXB-E,"Bindex Usa Indice (cubierto), Fi",
04GPMG-E,Swisscanto Ast Avant Aktien Usa Index,
04KZJ7-E,Great-west Core Strategies: Us Equity Fund,
04KVSF-E,Bekb Strategiefonds - Wachstum,
04LBRZ-E,Invesco Global Esg Revenue Etf,
04L666-E,London Life Pathways Us Equity Fund,
04KVS8-E,Bekb Strategiefonds - Kapitalgewinn,
04KNZR-E,Tkb Vermoegensverwaltung - Wachstum,
04CJVZ-E,Fidelity Funds Sicav - Target 2020 (eur) Fund,
04L1LT-E,Vanguard Ethically Conscious International Shares Index Etf,
04JQQY-E,Dynamic Infrastructure Securities Fund Lp,
04L7H5-E,Amundi Index Solutions - Prime Usa,
04KZ0V-E,Fidelity Invt. Funds Iv - Select 50 Balanced Fund,
04KXL8-E,Fidelity Funds Sicav - Multi Asset Target Income 2024,
04K21M-E,Morgan Stanley Invt. Fds. - Global Balanced Defensive,
04FZG8-E,Danske Invest Engros Online Global Indeks,
04KC2C-E,Northern Trust Ucits Fgr Fund - World Custom Esg Min. Vol. Eq.,
04L0R1-E,Aam/himco Global Enhanced Dividend Fund,
04G296-E,Virtus Rampart Multi Asset Trend Fund,
04KVS4-E,Bekb Strategiefonds - Einkommen,
04CPH6-E,Ubs (lux) Strategy Xtra Sicav - Balanced (eur),
04HMRX-E,Spdr Msci World Strategicfactors Etf,
04FTY1-E,Proshares Rafi Long/short,
04CPH7-E,Ubs (lux) Strategy Xtra Sicav - Balanced (usd),
04L7R4-E,Blackrock Us Equity Factor Rotation Etf,
04L7GY-E,Amundi Index Solutions - Prime Global,
04KJMW-E,First Trust Exchange Traded Fund Vi - Us Equity Dividend Sel.,
04KNZN-E,Tkb Vermoegensverwaltung - Aktien,
04KZR1-E,Ubs (irl) Etf Plc - Msci World Select Factor Mix Ucits Etf,
04CKH1-E,Rydex Variable Trust - S&p 500 2x Strategy Fund,
04CPHB-E,Ubs (lux) Strategy Xtra Sicav - Yield (eur),
04JYP0-E,Wisdomtree Us High Dividend Fund,
04CDLF-E,"Stamvalor Inversiones, Sicav",
04CM27-E,Hsbc Managed Funds - Stable Growth Fund,
04BR1T-E,Ubs (lux) Strategy Fund - Equity (usd),
04BQ4R-E,Massmutual Premier Balanced Fund,
04CPHC-E,Ubs (lux) Strategy Xtra Sicav - Yield (usd),
04BR1P-E,Ubs (lux) Strategy Fund - Growth (eur),
04LBRY-E,Invesco Russell 1000 Quality Factor Etf,
04BR1C-E,Ubs (lux) Strategy Fund - Equity (eur),
04CD60-E,Fidelity Funds Sicav - Target 2020 Fund,
04FHWZ-E,Renaissance Us Equity Fund,
04GLD0-E,Morgan Stanley Instl. Fund-multi Asset Portfolio,
04LBNX-E,Invesco Russell 1000 Low Volatility Factor Etf,
04J8LR-E,Morgan Stanley Instl. Fd. Tr. - Glb. Multi Asset Income Port.,
04JDXM-E,Proshares S&p 500 (ex-energy) Etf,
04KRBJ-E,Ishares Tr. - Us Dividend & Buyback Etf,
04KV1W-E,Mackenzie Global Leadership Impact Fund,
04L1JS-E,Invesco Rafi Strategic Us Etf,
04KXFP-E,Invesco Us Managed Volatility Fund,
04G9K8-E,Agfiq Us Market Neutral Value Fund,
04JPJ7-E,Mackenzie Private Us Equity Pool,
04KNZQ-E,Tkb Vermoegensverwaltung - Konservativ,
04KS78-E,Mackenzie Global Leadership Impact Etf,
04L1RL-E,Impact Shares Ywca Women's Empowerment Etf,
04GFTM-E,Zwitserleven Mix Beleggingsfondsen - Horizonfonds 2020-2024,
04BQWM-E,Ubs (ch) Strategy Fund - Balanced (usd),
04JMS2-E,Pinebridge Dynamic Asset Allocation Fund,
04L7GX-E,Ishares Iv Plc - Msci World Esg Enhanced Ucits Etf,
04BR08-E,Ubs (ch) Strategy Fund - Yield (usd),
04BR06-E,Ubs (ch) Strategy Fund - Yield (eur),
04JC6L-E,Ubs Iq Msci Usa Ethical Etf,
04JL03-E,Dimensional Funds Plc - Us Core Equity Fund,
04G2ZZ-E,Ist - Mixta Optima 25,
04L14V-E,Rational Nuwave Enhanced Market Opportunity Fund,
04BR07-E,Ubs (ch) Strategy Fund - Balanced (eur),
04L06X-E,Wisdomtree Tr. - 90/60 Us Balanced Fund,
04JDYJ-E,Proshares S&p 500 (ex-technology) Etf,
04LCN5-E,Invesco Mkts. Ii Plc - Msci World Esg Unvl. Screen. Ucits Etf,
04L0TK-E,Gkb (ch) - Strategiefonds Ausgewogen,
04GD82-E,Swisscanto (ch) Inst. Fd. - Target Risk 5 %,
04KTLP-E,Franklin Liberty Core Balanced Etf,
04L01Y-E,Swisscanto (lu) Portfolio Fund - Responsible Relax (usd),
04JDRJ-E,Invesco Markets Iii Plc - S&p 500 Veqtor Ucits Etf,
04JXP1-E,First State Investments Icvc - Diversified Growth Fund,
04LCQJ-E,Invesco Markets Ii Plc - Msci Usa Esg Universal Screened Etf,
04G4J9-E,Proshares Hedge Replication Etf,
04G301-E,Ist - Mixta Optima 35,
04GJRY-E,Swisscanto Bvg 3 Dynamic 0-50,
04KPLP-E,Invesco Purebeta Msci Usa Etf,
04JDXQ-E,Proshares S&p 500 (ex-financials) Etf,
04KWP7-E,Gkb (ch) - Aktien Dynamisch,
04L020-E,Gotham Index Plus All Cap Fund,
04L0TJ-E,Gkb (ch) - Strategiefonds Einkommen,
04KTBD-E,Insightshares Lgbt Employment Equality Etf,
04KWP8-E,Gkb (ch) - Vorsorgefonds 45,
04KGNZ-E,Natixis Sustainable Future 2035 Fund,
04LBRW-E,Invesco Russell 1000 Momentum Factor Etf,
04KNR2-E,Lyxor Ftse Us Quality Low Vol Dividend (dr) Ucits Etf,
04JDXS-E,Proshares S&p 500 (ex-health Care) Etf,
04KGLG-E,Natixis Sustainable Future 2045 Fund,
04H0XL-E,Aa Mmf - Verzekeringen Beleggingsfonds Defensief,
04KGNN-E,Natixis Sustainable Future 2055 Fund,
04KGNM-E,Natixis Sustainable Future 2050 Fund,
04LBS0-E,Qraft Ai-enhanced Us Large Cap Etf,Incorrect: style 
04KWQ1-E,Swisscanto (ch) Inv. Sol. Fd. - Equity Fund Tac. Glb. (ex-chf),
04KNZP-E,Tkb Vermoegensverwaltung - Ausgewogen,
04KGLF-E,Natixis Sustainable Future 2040 Fund,
04L7H9-E,Ishares Iv Plc - Msci Usa Esg Enhanced Ucits Etf,
04KGNY-E,Natixis Sustainable Future 2030 Fund,
04KGK9-E,Natixis Sustainable Future 2060 Fund,
04KGNV-E,Natixis Sustainable Future 2020 Fund,
04KGNW-E,Natixis Sustainable Future 2025 Fund,
04KG7S-E,Natixis Sustainable Future 2015 Fund,
04JF2D-E,Ast Morgan Stanley Multi-asset Portfolio,
04G2ZY-E,Ist - Mixta Optima 15,
04K94Z-E,Gotham Enhanced Index Plus Fund,
04KB6S-E,Gotham Enhanced S&p 500 Index Fund,
04H0XX-E,Aa Mmf - Profile 4,
04CC88-E,Tredje Ap Fonden,
04H0XY-E,Aa Mmf - Profile 5,
04BBGK-E,Hartford Capital Appreciation Hls Fund,
04BCD2-E,Northern Income Equity Fund,
04BFGB-E,Neuberger Berman Mid Cap Intrinsic Value Fund,
04BR4L-E,Ubs (lux) Equity Fund - Usa Multi Strategy (usd),
04BWKM-E,Blackrock Us Opportunities Fund,
04BYJR-E,Apollo Styrian Global Equity,
04C6VX-E,Valic Company I - Value Fund,
04CQ28-E,Ishares Tr. - Msci Usa Esg Select Etf,
04CR52-E,Invesco S&p Midcap Value With Momentum Etf,
04CY1L-E,First Trust Total Us Market Alphadex Etf,
04CY8V-E,Invesco S&p Mid Cap Quality Etf,
04CZ2J-E,Spdr S&p Global Infrastructure Etf,
04D0KM-E,First Trust Utilities Alphadex Fund,
04D0KT-E,First Trust Multi Cap Value Alphadex Fund,
04D0KR-E,First Trust Large Cap Value Alphadex Fund,
04D1M5-E,Ishares Tr. - Global Infrastructure Etf,
04D22K-E,Dws Invest - Global Infrastructure,
04D366-E,"Bbva Bolsa Indice Usa (cubierto), Fi",
04FYD7-E,Invesco Markets Plc - Utili. S&p Us Sel. Sec. Ucits Etf,
04G6ND-E,Ast Blackrock Global Strategies Portfolio,
04G871-E,Ishares Edge Msci Min Vol Global Etf,
04G873-E,Ishares Tr. - Edge Msci Min. Vol. Usa Etf,
04GMFX-E,Ishares Edge Msci Min Vol Usa Index Etf,
04H1D5-E,Ishares Vi Plc - Edge Msci World Min. Vol. Ucits Etf,
04HM4F-E,Ci First Asset Msci World Low Risk Weighted Etf,
04J1SN-E,First Trust Alphadex Us Utilities Sector Index Etf,
04J5SV-E,Xtrackers (ie) Plc - Msci World Minimum Volatility Ucits Etf,
04JB0C-E,Csif Iii - World (ex-ch) Minimum Volatility Index,
04JGMW-E,Morgan Stanley Invt. Fds. - Global Multi-asset Income Fund,
04JGRX-E,Ssga (lux) Sicav - North America Enhanced Equity Fund,
04JLCB-E,Ubs (lux) Equity Sicav - Us Systematic Defensive (usd),
04JMSW-E,Cs Index Fund (lux) - Equities World Minimum Volatility,
04JW17-E,Global Opportunities Access - Global Equities Ii,
04JW9Q-E,Global Opportunities Access - Global Equities,
04JYVK-E,Ishares Edge Msci Min Vol Usa Index Fund,
04JXX6-E,Legg Mason Rare Global Infrastructure Value Fund,
04K9JQ-E,Xtrackers (ie) Plc - Msci Usa Minimum Volatility Ucits Etf,
04KB82-E,Zurich - Global Equity,
04KP1D-E,Robeco Capital Gr. Fds. - Qi Us Enhanced Index Equities,
04KTGW-E,American Century Stoxx Us Quality Value Etf,
04KY0K-E,Multi Units Lu - Lyxor Msci World Esg Trd.ldr.(dr),
04KXZX-E,Multi Units Lu - Lyxor Msci Usa Esg Trend Leaders (dr),
04L14F-E,Ppm Funds - Mid Cap Value Fund,
04BWQQ-E,Fmm - Fonds Ft,
04G446-E,Capital Us Equity Fund,
04C9PG-E,Dje Concept,
04BY2C-E,Bmo Investment Funds (uk) Icvc - North American Equity Fund,
04KSXW-E,Sunamerica Series Tr. - Sa Legg Mason Tactical Opp. Port.,
04KX1F-E,Invesco Zacks Mid Cap Etf,
04B9RF-E,Fidelity Low Priced Stock Fund,
04GSZX-E,Fidelity Series Intrinsic Opportunities Fund,
04L3HH-E,Reality Shares Fundstrat Dqm Long Etf,
04HNVP-E,Fidelity Life Funds - Global Dividend Pension Fund,
04DZF3-E,Fidelity Life Funds - Global Equity 60/40 Pensions Fund,
04DZGF-E,Fidelity Life Funds - North American Equity Pensions Fund,
04KNVY-E,Us Quality Esg Fund,
