Factset Fund ID,Fund Name,Discrepancy Column
04BW8D-E,Deka - Megatrends Cf,position-(Ownership:10013 Profile: 0) 
04GNKG-E,Brighthouse Funds Trust I - Jpmorgan Global Active Allc. Port.,position-(Ownership:10186 Profile: 0) 
04CRX3-E,Axa/janus Enterprise Portfolio,position-(Ownership:106019 Profile: 144552) 
04BJG2-E,Eq/ubs Growth & Income Portfolio,position-(Ownership:11370 Profile: 9875) 
04BJ1H-E,Vanguard Explorer Fund,position-(Ownership:1198892 Profile: 822021) 
04BJ4S-E,Sit Small Cap Growth Fund,position-(Ownership:12550 Profile: 15025) 
04BNSG-E,Lord Abbett Res. Fund Inc. - Growth Opportunities Fund,position-(Ownership:126286 Profile: 133257) 
04BHRC-E,Ohio National - Janus Henderson Enterprise Portfolio,position-(Ownership:12644 Profile: 16026) 
04BFV7-E,Goldman Sachs Technology Opportunities Fund,position-(Ownership:128543 Profile: 132063) 
04C22S-E,Eurizon Fund - Equity North America Lte,position-(Ownership:12870 Profile: 11370) 
04G8WN-E,Global Multi Strategy Fund,position-(Ownership:12890 Profile: 10198) 
04BVD3-E,Rydex Variable Trust - Technology Portfolio,position-(Ownership:1296 Profile: 1488) 
04BTM4-E,Principal Investors - Large Cap Growth Fund I,position-(Ownership:13280 Profile: 13409) 
04BVD0-E,Rydex Variable Trust - Internet Portfolio,position-(Ownership:1358 Profile: 1310) 
04BFBS-E,Blackrock Series Fund - Large Cap Core Portfolio,position-(Ownership:13900 Profile: 15774) 
04J1CN-E,Cs Index Fund (lux) - Equities Us Blue,position-(Ownership:1504 Profile: 1651) 
04KQ5D-E,Northern Trust Russell 1000 Growth Index Fund-non-lending,position-(Ownership:150881 Profile: 0) 
04HYRC-E,Ia Clarington Global Growth & Income Fund,position-(Ownership:1514 Profile: 1328) 
04CZFZ-E,Nn (l) - Us Growth Equity,position-(OwnershDip:15532 Profile: 12788) 
04JXMV-E,Equity For Life,position-(Ownership:1570 Profile: 0) 
04KWPW-E,Swisscanto Sammelstiftung Global Equity (ex-ch) Fund,position-(Ownership:1605 Profile: 1553) 
04GDB1-E,American Beacon Bridgeway Large Cap Growth Ii Fund,position-(Ownership:16400 Profile: 0) 
04BFNG-E,Hartford Small/mid Cap Equity Hls Fund,position-(Ownership:16615 Profile: 17788) 
04BJPT-E,Eq/large Cap Growth Index Portfolio,position-(Ownership:17200 Profile: 18000) 
04G3SM-E,Fidelity Balanced Income Currency Neutral Private Pool,position-(Ownership:1874 Profile: 0) 
04B8JJ-E,Alger Mid Cap Growth Portfolio,position-(Ownership:19144 Profile: 0) 
04L2HX-E,Westfield Small/mid Cap Growth Equity,position-(Ownership:19490 Profile: 19100) 
04FY00-E,Swisscanto (ch) Index Fund Iii - Eq. Fd. Msci World (ex-ch),position-(Ownership:1990 Profile: 3790) 
04BP8N-E,Transamerica Janus Mid Cap Growth Vp,position-(Ownership:209353 Profile: 217205) 
04J9ZK-E,Ubs (ch) Inst. Fund 2 - Equities Global Small Cap Passive Ii,position-(Ownership:21417 Profile: 0) 
04BJ4Q-E,Sit Mid Cap Growth Fund,position-(Ownership:21600 Profile: 14600) 
04BSZ6-E,Seasons Series Trust - Sa Multi Managed Mid Cap Growth Port.,position-(Ownership:21605 Profile: 22163) 
04KXM8-E,Sei Institutional Managed Trust - Large Cap Index Fund,position-(Ownership:2225 Profile: 2525) 
04BHL7-E,Blackrock Master Large Cap Value Portfolio,position-(Ownership:22690 Profile: 26183) 
04HMCJ-E,Sft Wellington Core Equity Fund,position-(Ownership:22952 Profile: 22511) 
04BFZ7-E,Transamerica Us Growth,position-(Ownership:230182 Profile: 240283) 
04CBCZ-E,"Pepi Finanzas, Sicav",position-(Ownership:2302 Profile: 0) 
04BFBW-E,Blackrock Series Fund - Balanced Capital Portfolio,position-(Ownership:23098 Profile: 25543) 
04BSYK-E,Seasons Series Trust - Sa Multi Managed Large Cap Growth Port.,position-(Ownership:23828 Profile: 0) 
04BHJ4-E,Blackrock Advantage Us Total Market V.i. Fund,position-(Ownership:23990 Profile: 14911) 
04CKJ4-E,Transamerica Wmc Us Growth Ii Vp,position-(Ownership:2400 Profile: 2542) 
04DPTR-E,Illinois State Board Of Investment,position-(Ownership:24746 Profile: 0) 
04GD82-E,Swisscanto (ch) Inst. Fd. - Target Risk 5 %,position-(Ownership:25 Profile: 24) 
04H1BF-E,Franklin K2 Alternative Strategies Fund,position-(Ownership:25963 Profile: 19004) 
04JF71-E,Blackrock Impact Us Equity Fund,position-(Ownership:2615 Profile: 3442) 
04FW61-E,Schroder Gaia - Egerton Equity,position-(Ownership:261559 Profile: 169168) 
04C7N8-E,Eq Advisors Trust - Multimanager Technology Portfolio,position-(Ownership:26164 Profile: 26014) 
04BHH7-E,Blackrock Advantage Large Cap Core Portfolio,position-(Ownership:268713 Profile: 299057) 
04JPKD-E,Blackrock Strategic Fds. - Style Advantage Fund,position-(Ownership:27739 Profile: 0) 
04G9GJ-E,Blackrock Advantage Hedged International Equity Fund,position-(Ownership:28189 Profile: 31506) 
04KZSM-E,Six Circles Us Unconstrained Equity Fund,position-(Ownership:29 Profile: 75) 
04GJ1Y-E,Swisscanto Ast Avant Aktien Ausland Index,position-(Ownership:2959 Profile: 2962) 
04GM7G-E,Marshall Wace Ucits Funds Plc - Mw Tops Ucits Fund,position-(Ownership:31468 Profile: 0) 
04BBXC-E,Eq/large Cap Growth Managed Volatility Portfolio,position-(Ownership:31632 Profile: 32101) 
04BGND-E,Ast Mid Cap Growth Portfolio,position-(Ownership:319966 Profile: 122980) 
04G9GD-E,Ishares Hedged International Equity Index Fund,position-(Ownership:3256 Profile: 3218) 
04G6RQ-E,Ast Wellington Mngt. Hedged Equity Port.,position-(Ownership:32910 Profile: 36352) 
04BFB8-E,Blackrock Advantage Large Cap Core V.i. Fund,position-(Ownership:35229 Profile: 41131) 
04L09B-E,Eq/mfs Technology Portfolio,position-(Ownership:35258 Profile: 43726) 
04GW7N-E,Gs Funds - Global Millennials Equity Portfolio,position-(Ownership:36692 Profile: 44843) 
04BBTG-E,"Blackrock Advantage Global Fund, Inc.",position-(Ownership:38386 Profile: 45812) 
04GXGL-E,Goldman Sachs Multi Manager Alternatives Fund,position-(Ownership:3897 Profile: 1174) 
04GZ5V-E,Blackrock Master Value Opportunities Llc,position-(Ownership:40294 Profile: 34114) 
04BV2J-E,Blackrock Advantage Large Cap Value V.i. Fund,position-(Ownership:4256 Profile: 4352) 
04JML7-E,Ubs (ch) Inst. Fund - Equities Global Small Cap Passive Ii,position-(Ownership:4300 Profile: 0) 
04BH99-E,Rydex Internet Fund,position-(Ownership:4379 Profile: 3266) 
04BG5L-E,Rydex Technology Fund,position-(Ownership:4517 Profile: 4626) 
04D5TJ-E,London Life Global Equity Fund,position-(Ownership:48700 Profile: 35300) 
04BBFZ-E,Renaissance Global Ipo Fund (the),position-(Ownership:5000 Profile: 0) 
04K1Q1-E,Kodex Msci World Etf,position-(Ownership:515 Profile: 565) 
04CN0X-E,Blackrock Active Stock Master Portfolio,position-(Ownership:5302 Profile: 7261) 
04G9GH-E,Blackrock Scientific International Equity Fund,position-(Ownership:53181 Profile: 59868) 
04BTM5-E,Principal Investors - Mid Cap Growth Fund Iii,position-(Ownership:5345 Profile: 4992) 
04HG75-E,Nuveen Symphony Small Cap Core Fund,position-(Ownership:5366 Profile: 0) 
04BY7L-E,Rbc Global Technology Fund,position-(Ownership:5659 Profile: 8209) 
04CS8L-E,Goldman Sachs Small/mid Cap Growth Fund,position-(Ownership:580149 Profile: 431221) 
04J6ZG-E,Swisscanto (ch) Ipf I - Index Equity World (ex-ch),position-(Ownership:5894 Profile: 5874) 
04CPT8-E,Nissay Asset Nissay/putnam Overseas Equity Mother Fund,position-(Ownership:63827 Profile: 48275) 
04C7KK-E,Profunds Variable Prod - Internet Fund,position-(Ownership:6558 Profile: 5853) 
04BJQJ-E,Profunds - Technology Ultrasector,position-(Ownership:662 Profile: 2114) 
04BP8R-E,Transamerica Series - Jpmorgan Tactical Allocation Vp,position-(Ownership:6974 Profile: 4144) 
04J9RG-E,Bridge Builder Large Cap Growth Fund,position-(Ownership:7663 Profile: 8341) 
04HPB8-E,Ia Clarington Focused Us Equity Class,position-(Ownership:770 Profile: 715) 
04C1WY-E,Rbc Private World Equity Pool,position-(Ownership:77100 Profile: 69700) 
04L09W-E,Eq/goldman Sachs Mid Cap Value Portfolio,position-(Ownership:7894 Profile: 8440) 
04J43N-E,Blackrock International Alpha Tilts Fund,position-(Ownership:83876 Profile: 91346) 
04KJGW-E,Dws Us Multi Factor Fund,position-(Ownership:871 Profile: 1196) 
04GLXC-E,Comstage Sicav - Msci Emerging Markets Trn Ucits Etf,position-(Ownership:8803 Profile: 0) 
04BVDH-E,Profunds Variable Prod - Technology Fund,position-(Ownership:887 Profile: 826) 
04BQ5G-E,Blackrock Advantage Large Cap Growth Fund,position-(Ownership:91368 Profile: 96094) 
04BCNH-E,Putnam Capital Opportunities Fund,position-(Ownership:94100 Profile: 0) 
04D3C1-E,Goldman Sachs Flexible Cap Fund,position-(Ownership:950 Profile: 946) 
04JD7K-E,Bridge Builder Small/mid Cap Growth Fund,position-(Ownership:9791 Profile: 10307) 
04B8Z5-E,Blackrock Mid Cap Growth Equity Portfolio,position-(Ownership:991300 Profile: 1152691) 
04B8KH-E,American Funds New Perspective Fund,
04BF4M-E,Vanguard Total Stock Market Index Fund,
04BFYD-E,Vanguard Mid Cap Index Fund,
04BBHF-E,Janus Henderson Enterprise Fund,
04CW3F-E,First Trust Dow Jones Internet Index Fund,
04B98N-E,Mainstay Large Cap Growth Fund,
04BF1P-E,Vanguard Extended Market Index Fund,
04BBH8-E,Janus Henderson Research Fund,
04BSDG-E,Carmignac Patrimoine,
04CC29-E,Government Pension Fund - Global (the),
04BQKV-E,American Funds Insurance Series - Growth Income Fund,
04BF2L-E,Vanguard Growth Index Fund,
04BG4P-E,Hartford Growth Opportunities Fund (the),
04B9T2-E,Fidelity Otc Portfolio,
04B9K6-E,Fidelity Select Port. - It Services Portfolio,
04CWZN-E,Vanguard Mid Cap Growth Index Fund,
04BSDP-E,Carmignac Investissement,
04BFN6-E,Cref Growth Account,
04CXH8-E,St. James's Place Unit Trust - Worldwide Opportunities,
04B9RV-E,Fidelity Magellan Fund,
04CMHV-E,Voya Investors Trust - Large Cap Growth Portfolio,
04CQ5T-E,Goldman Sachs Am Netwin Internet Strategy Mother Fund,
04BSM4-E,Jpmorgan Growth Advantage Fund,
04BBKW-E,Federated Kaufmann Fund,
04BHQ9-E,Hartford Core Equity Fund,
04B9WW-E,Fidelity Extended Market Index Fund,
04BHQ4-E,Hartford Capital Appreciation Fund,
04D2NS-E,Federated Kaufmann Large Cap Fund,
04BCKR-E,Jpmorgan Mid Cap Growth Fund,
04BG2L-E,Transamerica Wmc Us Growth Vp,
04BX9G-E,Ishares Tr. - Russell Mid Cap Growth Etf,
04CLD8-E,Vanguard Information Technology Index Fund,
04BGBB-E,Voya Mid Cap Opportunities Portfolio,
04BHDC-E,Ishares Tr. - Russell 1000 Growth Etf,
04CW21-E,Tiaa-cref Large Cap Growth Fund,
04CKCQ-E,William Blair Small Mid Cap Growth Fund,
04BFN4-E,Cref Stock Account,
04B8YY-E,Columbia Mid Cap Growth Fund,
04BDHJ-E,Columbia Seligman Communications & Information Fund,
04B9HQ-E,Fidelity Advisor Series I -growth Opportunities Fund,
04B9QD-E,Franklin Dynatech Fund,
04BX99-E,Ishares Tr. - Russell Mid Cap Etf,
04JJKS-E,Cif - Capital Group New Perspective Fund (lux),
04CZKH-E,Xtrackers - Msci Usa Swap Ucits Etf,
04BLCK-E,Ftif Sicav - Technology Fund,
04B9JS-E,Fidelity Blue Chip Growth Fund,
04B9V4-E,Fidelity Puritan Fund,
04BGPT-E,Hartford Growth Opportunities Hls Fund,
04BT1V-E,Janus Henderson Global Technology Fund,
04BFW9-E,Voya Mid Cap Opportunities Fund,
04BGG7-E,Jnl/jpmorgan Mid Cap Growth Fund,
04FWYZ-E,Schwab Us Mid Cap Etf,
04BKBS-E,Vanguard Mid Cap Growth Fund,
04CYCF-E,Eaton Vance Tax Managed Diversified Equity Income Fund,
04B8K7-E,American Funds Fundamental Investors,
04BG4R-E,Goldman Sachs Growth Opportunities Fund,
04BBHT-E,Janus Henderson Global Research Fund,
04B9YF-E,Fidelity Total Market Index Fund,
04BF3Q-E,Vanguard Morgan Growth Fund,
04CTR1-E,John Hancock Ii - Mid Cap Stock Fund,
04BBGK-E,Hartford Capital Appreciation Hls Fund,
04FXVV-E,Fidelity Strategic Advisers Small Mid Cap Fund,
04B9JL-E,Fidelity Balanced Fund,
04BG2R-E,Victory Munder Mid Cap Core Growth Fund,
04CQ34-E,Fidelity Small Cap Growth Fund,
04BV83-E,Fidelity Vip - Mid Cap Portfolio,
04BGV6-E,Mfs Technology Fund,
04BFWF-E,Mainstay Vp - Large Cap Growth Portfolio,
04BVBK-E,Vanguard Institutional Total Stock Market Index Fund,
04G7DL-E,Fidelity Mid Cap Index Fund,
04CL4R-E,Federated Kaufmann Small Cap Fund,
04CQVJ-E,Eaton Vance Enhanced Equity Income Fund Ii,
04BKBN-E,Fidelity Independence Fund,
04CP75-E,Wellington Mgmt. Fds. (lu) - Us Research Equity Fund,
04KBH3-E,Cpr Invest - Global Disruptive Opportunities,
04HQNM-E,William Blair Sicav - Us Small-mid Cap Growth Fund,
04BTLL-E,Jpmorgan Mid Cap Equity Fund,
04FHR6-E,Ap7 Aktiefond,
04BFR7-E,Anchor Series Trust - Sa Wellington Capital Appreciation Port.,
04BCBT-E,Voya Large Cap Growth Fund,
04HPLX-E,Carmignac Portfolio - Patrimoine,
04D105-E,Stichting Pensioenfonds Abp (global Equity Portfolio),
04CDVT-E,Tiaa-cref Mid Cap Growth Fund,
04BVP7-E,Met Investors - Wmc Large Cap Research Portfolio,
04BLGW-E,Jpmorgan Funds - Us Technology Fund,
04BF25-E,Invesco Mid Cap Growth Fund,
04F1NN-E,Nuveen Winslow Large Cap Growth Fund,
04CMFZ-E,Vanguard Large Cap Index Fund,
04B9XY-E,Fidelity Select Port. - Technology Portfolio,
04FBP2-E,Ubs (lux) Institutional Fund - Key Selection Global Equity,
04C1K1-E,Columbia Variable Portfolio-mid Cap Growth Fund,
04BPQQ-E,Vanguard Balanced Index Fund (us),
04BHNL-E,Vanguard Variable Insurance - Small Company Growth Portfolio,
04DWDZ-E,Putnam Global Technology Fund,
04BDZZ-E,Usaa Science & Technology Fund,
04BGQT-E,Janus Aspen Ser. - Vit Enterprise Portfolio,
04CW6G-E,American Funds Insurance Series - Global Growth & Income Fund,
04G442-E,Capital Group Global Equity Fund,
04BGF1-E,John Hancock Vit - Mid Cap Stock Trust,
04BF9D-E,Columbia Acorn Select Fund,
04CB7M-E,Cif - Capital Group Global Equity Fund (lux),
04BHDB-E,Ishares Tr. - Russell 1000 Etf,
04BHX7-E,Ishares Tr. - Us Technology Etf,
04BFZJ-E,Jnl Multi Manager Small Cap Growth Fund,
04CLRP-E,Ishares Tr. - Core S&p Total Us Stock Market Etf,
04BH7L-E,Tiaa-cref Equity Index Fund,
04CT14-E,Dfa Us Core Equity 1 Portfolio,
04JCKR-E,Fidelity Sai Small Mid Cap 500 Index Fund,
04BWHT-E,Blackrock Global Funds - World Technology Fund,
04D17X-E,Eaton Vance Risk Managed Diversified Equity Income Fund,
04BX5R-E,Buffalo Discovery Fund,
04F85W-E,Schwab Us Large Cap Etf,
04CPSX-E,Eaton Vance Enhanced Equity Income Fund,
04BB69-E,Hartford Disciplined Equity Hls Fund,
04BG7Q-E,Goldman Sachs Mid Cap Value Fund,
04BFN7-E,Cref Equity Index Account,
04BV81-E,Fidelity Vip Iii - Growth Opportunities Portfolio,
04BB34-E,Goldman Sachs Large Cap Growth Insights Fund,
04C8WM-E,Challenge Funds - Technology Equity Fund,
04BH2Y-E,Putnam Global Equity Fund,
04D384-E,Fidelity Commonwealth Tr. Ii - Mid Cap Enhanced Index Fund,
04D6VR-E,Invesco Nasdaq Internet Etf,
04LDKL-E,None,
04KC4M-E,Victory Port. - Rs Mid Cap Growth Fund,
04BFP7-E,Eq/capital Guardian Research Portfolio,
04L0Y2-E,Spyglass Growth Fund,
04H447-E,Eaton Vance Growth Fund,
04CCKK-E,Eaton Vance Growth Portfolio,
04CT15-E,Dfa Us Core Equity 2 Portfolio,
04F85X-E,Schwab Us Large Cap Growth Etf,
04BTMW-E,Columbia Seligman Global Technology Fund,
04F85T-E,Schwab Us Broad Market Etf,
04J4QF-E,Jpmorgan Funds - Us Equity All Cap Fund,
04BPZG-E,Nuveen Mid Cap Growth Opportunities Fund,
04G8D0-E,Eaton Vance Focused Growth Opportunities Fund,
04CDVX-E,Tiaa-cref Large Cap Growth Index Fund,
04BR4G-E,Ubs (lux) Equity Fund - Global Multi Tech (usd),
04KG9G-E,Transamerica Large Growth,
04CHMT-E,Am One Dl International Research Open Mother Fund,
04CMB0-E,T Rowe Price Diversified Mid Cap Growth Fund,
04BK0V-E,Jnl/mellon Capital Information Technology Sector Fund,
04BHNJ-E,Vanguard Variable Insurance - Mid Cap Index Portfolio,
04B9ZJ-E,Fidelity Trend Fund,
04H2WN-E,Fidelity Series Blue Chip Growth Fund,
04BGR1-E,Janus Aspen Ser. - Vit Global Research Portfolio,
04HHP8-E,Large Cap Index Master Portfolio,
04BGQR-E,Janus Aspen Ser. - Vit Research Portfolio,
04FMF7-E,Xtrackers - S&p 500 Swap Ucits Etf,
04FVP2-E,Vanguard Russell 1000 Growth Index Fund,
04DG1K-E,Fidelity Series All Sector Equity Fund,
04KJWC-E,Fidelity Small Cap Growth K6 Fund,
04HKKC-E,Ishares Iii Plc - Core Msci World Ucits Etf,
04HPLT-E,Carmignac Portfolio - Investissement,
04H3H6-E,Fidelity Covington Tr. - Msci Information Technology Index Etf,
04KC4Q-E,Victory Rs Select Growth Fund,
04B9KV-E,Fidelity Advisor Diversified Stock Fund,
04D2J6-E,Norges Bank Foreign Exchange Reserves,
04BZ8S-E,Mainstay Vp - Mackay Mid Cap Core Portfolio,
04G24W-E,Blackrock Isf - Ishares Developed World Index Fund (ie),
04BCGS-E,Nationwide Fund,
04BFGS-E,Axa Large Cap Core Managed Volatility Portfolio,
04C46M-E,Eaton Vance Tax Managed Multi Cap Growth Portfolio,
04CDHZ-E,Canada Pension Plan,
04CC86-E,Fjarde Ap Fonden,
04B9N1-E,Federated Mdt Mid Cap Growth Fund,
04BWL5-E,Blackrock Uk Fund,
04B9HL-E,Fidelity Advisor Series Vii - Technology Fund,
04CC88-E,Tredje Ap Fonden,
04CNH1-E,Fidelity Advisor Series I - Mid Cap Ii Fund,
04HNC9-E,Blackstone Alternative Multi Strategy Fund,
04BJHP-E,Wanger Select Fund,
04BGR4-E,Janus Aspen Ser. - Vit Global Technology Portfolio,
04BH4C-E,Brighthouse/wellington Balanced Portfolio,
04D6M6-E,Vanguard Total World Stock Index Fund,
04CZQD-E,Fidelity Commonwealth Tr. Ii - Large Cap Gwth. Enh. Index Fund,
04BGLP-E,Sunamerica Series Trust - Sa Jpmorgan Mid Cap Growth Portfolio,
04BFSZ-E,Lincoln Vip - Blended Large Cap Growth Managed Volatility Fund,
04BJ2T-E,Schwab Total Stock Market Index Fund,
04BJQD-E,Profunds - Internet Ultrasector,
04KRLT-E,Axa World Funds - Framlington Digital Economy,
04BHD4-E,Ishares Tr. - Russell 3000 Etf,
04BJK4-E,Vanguard Strategic Equity Fund,
04BF3K-E,Vanguard Tax Managed Capital Appreciation Fund,
04BGWH-E,Vanguard Ftse Social Index Fund,
04CYDH-E,Bmo Private Us Special Equity Portfolio,
04BZ2M-E,Vy T Rowe Price Diversified Mid Cap Growth Portfolio,
04CTBZ-E,Ubs Us Equity Alpha Relationship Fund,
04BJ2S-E,Schwab 1000 Index Fund,
04GHXL-E,St. James's Place Unit Trust - Global Equity,
04JJ06-E,Vanguard Msci Index International Shares Etf,
04HNFQ-E,Vanguard International Shares Index Fund,
04H2W3-E,Fidelity Advisor Series I - Growth Opportunities Fund,
04CC89-E,Andra Ap Fonden,
04CMY4-E,Ishares Tr. - Morningstar Mid Cap Growth Etf,
04BR3Y-E,Ubs (lux) Equity Fund - Mid Caps Usa (usd),
04BF35-E,Value Line Asset Allocation Fund,
04HNP6-E,Priviledge - Wellington Large Cap Us Research,
04DS3D-E,Vanguard Invt. Fds. Icvc - Us Equity Index Fund,
04BNV9-E,Dws Technology Typ O,
04CS8H-E,New Zealand Superannuation Fund,
04CZKJ-E,Xtrackers - Msci World Swap Ucits Etf,
04GTG4-E,Spdr Ssga Us Large Cap Low Volatility Index Etf,
04KC4L-E,Victory Rs Science & Technology Fund,
04G7D6-E,Jpmorgan Global Allocation Fund,
04DC17-E,Royal London Equity Funds Icvc - Us Tracker Fund,
04K3Q2-E,Ishares Iv Plc - Digitalisation Ucits Etf,
04B8G1-E,Invesco Global Small & Mid Cap Growth Fund,
04K2Z4-E,Guardian Large Cap Disciplined Growth Vip Fund,
04BT26-E,Harbor Mid Cap Growth Fund,
04JF51-E,Vanguard Russell 1000 Growth Index Trust,
04DVXD-E,Janus Henderson Us Managed Volatility Fund,
04GT09-E,Mainstay Mackay Growth Fund,
04C2BH-E,Vanguard Investment Series Plc - Global Stock Index Fund,
04KZT2-E,Jss Investmentfonds - Sustainable Tech Disruptors,
04BGPC-E,Valic Company I - Science & Technology Fund,
04HYHK-E,Xtrackers (ie) Plc - Msci Usa Ucits Etf,
04D34K-E,Ishares Tr. - Msci Acwi Etf,
04BQ3G-E,State Farm Equity Fund,
04BFB0-E,Lincoln Vip - T Rowe Price Structured Mid Cap Growth Fund,
04BGJ3-E,Mainstay Vp - Mackay Growth Portfolio,
04DKPR-E,Blackrock Cif - North American Equity Tracker Fund,
04CRF9-E,Valic Company I - Mid Cap Strategic Growth Fund,
04BH2L-E,Putnam Sustainable Future Fund,
04HL75-E,Ubs Life - Global Equity All Country Fund,
04C46N-E,Eaton Vance Stock Portfolio,
04FBDX-E,Ubs Global Asset (japan) Ubs Next Generation Technology Fund,
04GV7F-E,Sei Institutional Invt. Trust - Extended Market Index Fund,
04CSLG-E,Mercer Funds - Us Small/mid Cap Equity Fund,
04L108-E,New Capital Ucits Fund Plc - Us Future Leaders Fund,
04JJ2X-E,Goldman Sachs Etf Tr. - Activebeta Us Large Cap Equity Etf,
04BTY1-E,Northwestern Mutual-large Cap Core Stock Portfolio,
04H0HK-E,Hsbc Opportunity Portfolio,
04CX8Z-E,Invesco Ftse Rafi Us 1500 Small Mid Etf,
04BQ04-E,Goldman Sachs Us Tax Managed Equity Fund,
04D614-E,Dfa Ta Us Core Equity 2 Portfolio,
04BVYD-E,Ishares Tr. - Expanded Tech Sector Etf,
04BQJ7-E,Prudential Series - Sp Prudential Us Emerging Growth Portfolio,
04D0H4-E,Russell Global Equity Fund,
04BNQR-E,Goldman Sachs Vit - Mid Cap Value Fund,
04KJW8-E,Fidelity Blue Chip Growth K6 Fund,
04D996-E,Multi Manager Access - Us Equities,
04BPB1-E,Fidelity Vip Iii - Balanced Portfolio,
04J7DK-E,Blackrock Acs I - Us Equity Tracker Fund,
04BGZ1-E,T Rowe Price Extended Equity Market Index Fund,
04HJCY-E,Vanguard Total Stock Market Index Trust,
04CDJX-E,Royal London Us Growth Trust,
04BFXX-E,Russell Tax Managed Us Mid & Small Cap Fund,
04KLNM-E,Blackrock Acs I - World (ex-uk) Equity Tracker Fund,
04HL62-E,Ubs Life - Usa Equity Tracker Fund,
04BTYM-E,Pacific Select Fund - Technology Portfolio,
04BL00-E,Legal & General Us Index Trust,
04DQY1-E,Voya Russell Mid Cap Index Portfolio,
04BXTS-E,Pinebridge Global Funds - Dynamic Asset Allocation Fund,
04B9GM-E,Eaton Vance Balanced Fund,
04DS38-E,Vanguard Invt. Fds. Icvc - Ftse Dev. World (ex-uk) Eq. Index,
04BF4J-E,Vanguard Tax Managed Balanced Fund,
04BSSY-E,Calvert Balanced Fund,
04C2BX-E,Buffalo Mid Cap Fund,
04CP76-E,Wellington Mgmt. Fds. (lu) - Global Research Eq. Fd.,
04KY25-E,Ia Clarington Thematic Selection Fund,
04B9HB-E,Fidelity Advisor Series I - Balanced Fund,
04GJYR-E,Mitsubishi Ufj Kokusai Asset American New Stage Mother Fund,
04DG0K-E,United Financial-us Equity Growth Corporate Class,
04JW6L-E,Fidelity Large Cap Growth Index Fund,
04BHW3-E,George Putnam Balanced Fund,
04F39G-E,Columbia Seligman Premium Technology Growth Fund,
04B8W3-E,Calvert Mid Cap Fund,
04BNM5-E,Nordinternet,
04KV0H-E,Handelsbanken Global Smí«bolag Index Criteria,
04CTSL-E,Valic Company I - Small Mid Growth Fund,
04DC9Y-E,Penn Series - Smid Cap Growth Fund,
04CBJW-E,Interfund Sicav - Equity Usa,
04BC0M-E,Bmo Mid Cap Growth Fund,
04F1NR-E,Putnam Equity Spectrum Fund,
04J0VN-E,Nt Ucits Common Contractual Fd. - World Cus. Esg Eq. Ind. Fd.,
04BG0G-E,Hirtle Callaghan Value Equity Portfolio,
04CSTR-E,Ishares Plc - Msci World Ucits Etf,
04HYDC-E,Xtrackers (ie) Plc - Msci World Ucits Etf,
04C7R7-E,Federated Insurance Ser. - Kaufmann Ii Fund,
04CB5H-E,Janus Henderson Capital Funds Plc - Us Research Fund,
04CYHK-E,Gs Funds - Global Small Cap Core Equity Portfolio,
04BYFT-E,Dfa Tax Managed Us Equity Portfolio,
04D0DK-E,Mainstay Mackay Us Equity Opportunities Fund,
04JCFN-E,Ishares Russell Mid Cap Index Fund,
04J4FS-E,Ftif Sicav - Franklin K2 Alternative Strategies Fund,
04BPSM-E,Janus Henderson Capital Funds Plc - Global Technology Fund,
04BPZR-E,Spdr Portfolio Total Stock Market Etf,
04FVP1-E,Vanguard Russell 1000 Index Fund,
04CSZS-E,Nomura Asset Foreign Equity Msci Kokusai Mother Fund,
04F98D-E,Threadneedle (lux) - Global Technology,
04CWJW-E,Pictet - Us Equity Selection,
04CCNV-E,Ubs Investment Funds Icvc - Us Equity Fund,
04HL31-E,Actiam Responsible Index Fund Equity Na - B (fgr),
04GHSQ-E,Actiam Responsible Index Fund Equity Na (fbi),
04GQY3-E,Ast Jpmorgan Global Thematic Portfolio,
04K8CD-E,Goldman Sachs Etf Tr. - Hedge Industry Vip Etf,
04H1NX-E,Global Atlantic Wellington Research Managed Risk Portfolio,
04BCPV-E,Putnam Variable Trust - Global Equity Fund,
04BYYH-E,Fidelity Vip - Technology Portfolio,
04CC0D-E,Blackrock Isf - Ishares North America Index Fund (ie),
04CPVS-E,Klp Aksjeglobal Indeks I,
04G656-E,Aqr Multi-strategy Alternative Fund,
04FJ0L-E,Ctivp-los Angeles Capital Large Cap Growth Fund,
04JRC3-E,Sa Blackrock Vcp Global Multi Asset Portfolio,
04BNXG-E,Vanguard Growth & Income Fund,
04JJ2K-E,John Hancock Multifactor Mid Cap Etf,
04L07K-E,Fidelity Zero Total Market Index Fund,
04F0NR-E,Aqr Large Cap Momentum Style Fund,
04JNV3-E,Fvit Blackrock Disciplined Mid Cap Growth Portfolio,
04G446-E,Capital Us Equity Fund,
04JJ9S-E,Blackrock Strategic Fds. - Systematic Global Equity,
04BYT4-E,Us Equity Growth Pool,
04BR7T-E,T Rowe Price Tax Efficient Equity Fund,
04JJBQ-E,Ssga (lux) Sicav - World Index Equity Fund,
04CQ4G-E,Gs Funds - Global Core Equity Portfolio,
04HD0Z-E,Ifm Invest - Aktien Usa,
04BGLT-E,Voya Index Plus Large Cap Portfolio,
04KC99-E,Amundi Index Solutions - Msci North America,
04BFQ0-E,Goldman Sachs Vit - Growth Opportunities Fund,
04BW8R-E,Deka - Technologie Tf,
04BRF1-E,Azzad Ethical Fund,
04CV6Q-E,Spdr Portfolio Large Cap Etf,
04HPLW-E,Carmignac Portfolio - Investissement Latitude,
04BWJH-E,Blackrock Global Funds - United Kingdom Fund,
04KZK2-E,Fidelity Founders Investment Trust,
04F834-E,Csif Us Index - Pension Fund,
04KCPZ-E,Am One Global New Generation Related Equity Fund,
04G251-E,St. James's Place Int'l. - Alternative Assets,
04CV2B-E,William Blair Mid Cap Growth Fund,
04JM4Y-E,Spdr Ssga Gender Diversity Index Etf,
04HGFD-E,Ubs (irl) Investor Selection Plc - Equity Opp. Long Short Fund,
04JGY6-E,Dominion Global Trends Sicav Plc - Ecommerce Fund,
04F836-E,Csif World (ex-ch) Index - Pension Fund,
04L5RB-E,Cibc Atlas All Cap Growth Fund,
04GQY4-E,Ast Goldman Sachs Multi Asset Portfolio,
04H0FK-E,Quilter Investors Oeic - Us Equity Growth (jpm) Fund,
04BVLB-E,Lincoln Vip - Blended Mid Cap Managed Volatility Fund,
04DY91-E,Voya Russell Mid Cap Growth Index Portfolio,
04JL74-E,Ubs (lux) Equity Sicav - Glb. Opportunity Unconstrained (usd),
04BRG9-E,Ubs (lux) Equity Sicav - Us Opportunity (usd),
04JWT2-E,First Investors Hedged Us Equity Opportunities Fund,
04BGZ2-E,T Rowe Price Total Equity Market Index Fund,
04HY33-E,Mgi Funds Plc - Mercer Passive Global Equity Fund,
04BHF6-E,Calvert Us Large Cap Core Responsible Index Fund,
04KL3V-E,Dfa Us High Relative Profitability Portfolio,
04FXD6-E,Dimensional Funds Plc - Global Core Equity Fund,
04F005-E,Trust For Professional Managers - Pmc Diversified Equity Fund,
04KJ6R-E,Blackrock Acs I - 50:50 Global Equity Tracker Fund,
04CNCP-E,Mitsubishi Ufj Kokusai Foreign Equity Index Mother Fund,
04CJZ0-E,Amonis Equity Us Smid Cap,
04CVZ9-E,Ishares Plc - Msci North America Ucits Etf,
04HL2F-E,Victoryshares Us 500 Enhanced Volatility Wtd Etf,
04C53P-E,Stone Global Growth Fund,
04HL2C-E,Victoryshares Us 500 Volatility Wtd Etf,
04BV6S-E,Spp Aktiefond Usa,
04BW8Q-E,Deka - Technologie Cf,
04K2ZS-E,Guardian Mid Cap Traditional Growth Vip Fund,
04BVC5-E,Calvert Variable Series - Sri Balanced Portfolio,
04BT1Z-E,Legal & General Global Technology Index Trust,
04JQ9T-E,Xtrackers (ie) Plc - Msci World Information Tech. Ucits Etf,
04KQX3-E,Blackrock Acs I - 30:70 Global Equity Tracker Fund,
04JX7S-E,Spdr S&p Internet Etf,
04G6ND-E,Ast Blackrock Global Strategies Portfolio,
04CGG0-E,Lord Abbett Series - Growth Opportunities Portfolio,
04BPDF-E,Invesco V.i. Mid Cap Growth Fund,
04CH9G-E,Smtam Foreign Equity Index Mother Fund,
04FC72-E,Ast Jpmorgan Strategic Opportunities Portfolio,
04BHM6-E,Mfs Vit Ii - Technology Portfolio,
04CYDL-E,Jss Bluevalor Sustainable Lifestyle Brand Equity,
04J6ZF-E,Swisscanto (ch) Ipf I - Index Equity Usa,
04HN2S-E,Ubs (irl) Etf Plc - Msci Usa Hedged To (eur) Ucits,
04H1HQ-E,Schwab Fundamental Us Small Company Index Etf,
04KGNJ-E,Fidelity Sai Us Momentum Index Fund,
04G7GT-E,Op Amerikka Indeksi,
04KVCS-E,Jpmorgan Life Ltd. - Us Equity All Cap Fund,
04BH2N-E,Putnam Research Fund,
04BJZD-E,Tiaa-cref Life Growth Equity Fund,
04KM8T-E,Wells Fargo Factor Enhanced Large Cap Portfolio,
04D0YB-E,Vanguard Investment Series Plc - Global Enhanced Equity Fund,
04KG56-E,Brown Advisory Funds Plc - Us Mid Cap Growth Fund,
04CQYB-E,Am One Foreign Equity Passive Fund Mother Fund,
04GTDX-E,Ubs (irl) Etf Plc - Msci Usa Ucits Etf,
04HGB3-E,John Hancock Invt. Tr. - Seaport Long/short Fund,
04G714-E,Nuveen Glb. Investors Fd. Plc - Wins. Soc. Aw. Us Lar. Cap Gr.,
04J6ZH-E,Swisscanto (ch) Ipf I - Index Equity World (ex-ch) Responsible,
04J5K9-E,Ishares Iv Plc - Edge Msci World Momentum Factor Ucits Etf,
04KWXH-E,Brown Advisory Mid Cap Growth Fund,
04FCZ1-E,Allianz Vip Trust - Azl Russell 1000 Growth Index Fund,
04GP5X-E,Blackrock Cif - Us Equity Tracker Fund,
04HYK8-E,Nt Ucits Common Contractual Fd. - World Cust. Esg (eur) Hedge,
04C6VN-E,Sei Institutional Invt. Trust - Large Cap Index Fund,
04DBY0-E,Putm Bothwell North America Fund,
04D63D-E,Dfa Us Sustainability Core 1 Portfolio,
04CJ0Y-E,Cleome Index - Usa,
04JCHS-E,Blackrock Institutional Pooled Fds. Plc - Gbl. Enhanced Index,
04JB0B-E,Csif Iii - World (ex-ch) Index Blue,
04JGPK-E,Northern Trust Ucits Fgr Fund - North America Equity Index,
04L1H5-E,Amundi Hk - Disruptive Opportunities Equity Fund,
04K1FK-E,Nt Ucits Common Contractual Fd. - North America Custom Esg Eq.,
04D4T8-E,Shinsei Investment Us Small Cap Growth Equity Mother Fund,
04JH3M-E,Actiam Verantwoord Index Aandelenfonds - Wereld,
04BB4T-E,Goldman Sachs Us Equity Insights Fund,
04L5FC-E,Dws Invest Sicav - Artificial Intelligence,
04JJMR-E,Swedbank Robur Access Usa,
04JJCB-E,Ssga (lux) Sicav - Us Index Equity Fund,
04D942-E,Legal & General International Index Trust,
04H3Y3-E,Lí_nsfí_rsí_kringar Global Index,
04GX8K-E,Vanguard Funds Plc - Ftse All World Ucits Etf,
04LCK8-E,Nationwide Multi Cap Portfolio,
04KRGJ-E,Danske Invest Sicav - Global Index,
04D98K-E,Ubs (lux) Key Selection Sicav - Global Allocation (eur),
04G3GD-E,Tactical Offensive Equity Fund,
04DH13-E,Pictet (ch) Institutional - World (ex-swiss) Eqs. Tracker Us,
04JQ9F-E,Los Angeles Capital Large Cap Growth Cit,
04DBMM-E,Lyxor Ucits Etf New Energy,
04DY3T-E,Pacific Select Fund - Pd Large Cap Growth Index Portfolio,
04CLY7-E,Plato Institutional Index Fund - North American Equity,
04CYNX-E,Proshares Ultra Technology,
04HGFH-E,Ubs (irl) Investor Selection Plc - Glb. Equity Long Short Fund,
04CYPQ-E,Lux Im - Us Equities,
04JYP5-E,Swedbank Robur Access Global,
04LBPY-E,Invesco Russell 1000 Dynamic Multifactor Etf,
04FVP6-E,Vanguard Russell 3000 Index Fund,
04BK4G-E,Jpmorgan Diversified Fund,
04J5KC-E,Ishares Iv Plc - Edge Msci World Size Factor Ucits Etf,
04GWDW-E,Ishares Tr. - Edge Msci Usa Size Factor Etf,
04BD1R-E,Ubs Us Allocation Fund,
04BHWZ-E,Ishares Tr. - Dow Jones Us Etf,
04BJW8-E,Lincoln Vip - Franklin Templeton Global Equity Managed Vol.,
04DQ5H-E,Wellington Mgmt. Fds. (lu) - Gbl. Sel. Capital Appr. Eq. Fd.,
04D3SP-E,Ubs Global Asset (japan) Ubs Global Equity (ex-japan) Mf 2006,
04GQ8P-E,Ssga Spdr Etfs Europe I Plc - Msci Acwi Ucits Etf,
04GMPS-E,Ishares V Plc - Msci World (eur) Hedged Ucits Etf,
04BDFK-E,Columbia Variable Portfolio-seligman Global Technology Fund,
04KWHS-E,Schwab Us Mid Cap Index Fund,
04CPVR-E,Klp Aksjeusa Indeks (usd),
04JMS2-E,Pinebridge Dynamic Asset Allocation Fund,
04JNWC-E,Global Atlantic Blackrock Disciplined Core Portfolio,
04KSF0-E,Pacer Fds. Tr. - Wealthshield Etf,
04CQ7H-E,Smtam Foreign Equity Mother Fund,
04H0T4-E,Dfa Us Large Cap Equity Portfolio,
04JGJV-E,Ishares Total Us Stock Market Index Fund,
04J2GC-E,Invesco Etf Trust Ii - Russell 1000 Equal Weight Etf,
04CKPH-E,Eq Advisors Trust - Multimanager Aggressive Equity Port.,
04BQSH-E,Dpam Capital B - Equities Us Index,
04K2ZD-E,Guardian Diversified Research Vip Fund,
04C534-E,Sei Investments - Us Small Company Equity Fund,
04DG1V-E,Fdc Sicav - Actions Monde - Indexí©,
04DCB8-E,Hirtle Callaghan Institutional Growth Equity Fund,
04GTXS-E,Fidelity Invt. Funds - Index World Fund,
04BZLB-E,Gam Multistock - Us Leading Equity,
04HN7H-E,Ssga International Equities Index Trust,
04KC9V-E,Amundi Index Solutions - Msci World,
04BHT9-E,Tiaa-cref Separate Account Va-1 (stock Index Account),
04BRXX-E,Seb Fund 3 - Us Index,
04GLLY-E,Nn Enhanced Index Sustainable Equity Fund,
04BDWG-E,Morgan Stanley Pathway Small Mid Cap Equity Fund,
04BVNQ-E,Danske Invest Denmark - Global Indeks,
04G7BG-E,Flexshares Morningstar Us Market Factor Tilt Index Fund,
04D6K4-E,Ubs Investment Funds Icvc Iii - Global Allocation Fund,
04BK6J-E,Tocqueville Trust - Opportunity Fund (the),
04BYFZ-E,Cibc Us Broad Market Index Fund,
04BV6T-E,Spp Aktiefond Global,
04CT3S-E,Russell Investments Global Equity Pool,
04D637-E,Dfa Us Social Core Equity 2 Portfolio,
04DKNP-E,Nissay Asset Nissay Foreign Equity Index Mother Fund,
04L1W3-E,Blackrock Global Funds - Next Generation Technology Fund,
04F9ST-E,Ishares Msci Usa Equal Weighted Etf,
04BGLQ-E,Sunamerica Series Trust - Sa Columbia Technology Portfolio,
04GFDP-E,Dimensional Funds Plc - World Equity Fund,
04BV6J-E,Spp Generation 60 Tal,
04BFZH-E,Jnl/dfa Us Core Equity Fund,
04KRVM-E,Plato Institutional Index Fund - World,
04GL8K-E,Columbia Multi Manager Growth Strategies Fund,
04JPSW-E,Vanguard Invts. Ii Com. Contractual Fd. - Ftse Developed World,
04J6Z1-E,Swisscanto (ch) Index Fund V - Equity Usa,
04KQ6T-E,Schwab 1000 Index Etf,
04CWHS-E,Janus Henderson Capital Funds Plc - Global Research Fund,
04FC5J-E,Multi Units Lu - Lyxor S&p 500 Ucits Etf,
04L1N4-E,Fidelity Zero Large Cap Index Fund,
04CQBV-E,State Street (japan) Foreign Equity Index Open Mother Fund,
04L08T-E,Blackrock Funds I Icav - Advantage Us Equity Fund,
04CS2X-E,Dfa Us Core Equity Fund,
04HN2R-E,Ubs (irl) Etf Plc - Msci Usa Hedged To (chf) Ucits,
04CSHV-E,State Farm Variable Product Tr. - Large Cap Equity Fund,
04F204-E,Blackrock Dynamic Diversified Growth Fund,
04GD4L-E,Aqr Tm Large Cap Momentum Style Fund,
04BNQK-E,Valic Company I - Asset Allocation Fund,
04GP8X-E,Barclays Mm Fd. Plc - Globalaccess Us Small & Mid Cap Equity,
04JJ9Q-E,Blackrock Strategic Fds. - Impact World Equity,
04BYJR-E,Apollo Styrian Global Equity,
04HPRR-E,Morgan Stanley Invt. Fds. - Liquid Alpha Capture Fund,
04BJZ4-E,Sa Us Core Market Fund,
04BDV9-E,Morgan Stanley Pathway Large Cap Equity Fund,
04DLW6-E,Quilter Investors Series I - Global Dynamic Equity Fund,
04HMS7-E,Tokio Marine Asset Tm Us Emerging Growth Equity Mother Fund,
04JW83-E,Vanguard Invts. Com. Contractual Fd. - Ftse Dev. World (ex-uk),
04JJ12-E,Xtrackers (ie) Plc - Russell Mid Cap Ucits Etf,
04GTKQ-E,Ist - Globe Index,
04FTQK-E,Swiss Index Platform - Sip World Equity Index Hedge,
04J553-E,Nordea Global Index Fund,
04JYQT-E,Spp Global Plus,
04BSYL-E,Seasons Series Trust - Sa Multi-managed Moderate Growth Port.,
04BR8G-E,Fidelity Funds Sicav - Fawf Equity Growth Fund,
04BNS5-E,Dekaspezial Cf/tf,
04GHKQ-E,Gam Star Fund Plc - Capital Appreciation Us Equity,
04DFYQ-E,Ubs Etf - Msci World Ucits Etf,
04BJYW-E,Calvert Variable Series - Sri Mid Cap Growth Portfolio,
04D3J7-E,Dimensional Funds Icvc - International Core Equity Fund,
04CJ2M-E,Daiwa Asset Foreign Equity Index Mother Fund,
04BJR5-E,Ubs Global Allocation Fund,
04JJ2J-E,John Hancock Multifactor Large Cap Etf,
04BSP1-E,Danske Invest Denmark - Teknologi,
04JH3Y-E,Actiam Verantwoord Index Aandelenfonds - Noord-amerika,
04L28D-E,Csif (ch) Umbrella - Equity World (ex-ch) Esg Blue Fund,
04BSF9-E,Aviva Investors Investment Funds Icvc - International Index,
04BGFQ-E,John Hancock Vit - Total Stock Market Index Trust,
04HL2Z-E,Actiam Responsible Index Fund Equity Na - A (pens.f),
04KVBC-E,Taishin Global Disruptive Innovation Fund,
04C7R6-E,Ohio National - Blackrock Advantage Small Cap Growth Portfolio,
04JQ4S-E,Bnp Paribas Easy - Msci Na (ex-controversial Weapons),
04BDCJ-E,Large Cap Growth Fund,
04JC0V-E,Wellington Mgmt. Funds (ie) Plc - Multi-asset Abs. Ret.,
04BTKW-E,Massmutual Premier Disciplined Growth Fund,
04KP0K-E,Goldman Sachs Etf Tr. - Equal Weight Us Large Cap Equity Etf,
04JT00-E,Ssga Spdr Etfs Europe Ii Plc - Msci World Technology Ucits Etf,
04H44P-E,Empiric 2500 Fund,
04FCKG-E,Ishares Vii Plc - Msci Usa Ucits Etf,
04CMKN-E,Rational Insider Buying Va Fund,
04K3J7-E,Amundi Index Solutions - Equity Global Multi Smart Allocation,
04L1XW-E,Vanguard Esg Us Stock Etf,
04JF7T-E,Invesco Etf Trust Ii - Russell 1000 Low Beta Equal Weight Etf,
04BSYF-E,Seasons Series Trust - Sa Multi Managed Growth Portfolio,
04KBT6-E,Sparinvest Index Globale Aktier Kl,
04CS2N-E,Mitsubishi Ufj Kokusai Mufj Foreign Equity Mother Fund,
04C2P5-E,Ubs Etf - Msci Usa Ucits Etf,
04GVJR-E,Blackrock Global Index Fds. - Ishares World Equity Index,
04JJ2P-E,John Hancock Multifactor Technology Etf,
04HZSP-E,Pictet - Multi Asset Global Opportunities,
04GNMK-E,Nt Ucits Common Contractual Fd. - World Equity Index Fund,
04BFN5-E,Cref Global Equities Account,
04KTHF-E,Credit Suisse - Index Msci Usa Pool,
04GVJT-E,Blackrock Global Index Fds. - North America Equity Index Fund,
04BV6K-E,Spp Generation 70 Tal,
04HZ95-E,Degroof Ofp - Equities Us Index,
04JH3B-E,Lincoln Vip - Dimensional Us Core Equity 2 Fund,
04CG8V-E,Putnam Variable Trust - Sustainable Future Fund,
04DRXP-E,Deka Msci Usa Ucits Etf,
04JC9C-E,Vanguard Invts. Com. Contractual Fd. - Ftse Dev. World,
04GZS9-E,Gotham Enhanced Return Fund,
04JQ7L-E,Penn Capital Managed Alpha Smid Cap Equity Fund,
04H3QT-E,Putnam Variable Trust - George Putnam Fund,
04BJM5-E,Putnam Variable Trust - George Putnam Balanced Fund,
04KRDX-E,Danske Invest - Sri Global,
04L0PL-E,Fidelity Series Large Cap Growth Index Fund,
04CZG8-E,Schwab Fundamental Us Small Company Index Fund,
04BJZC-E,Tiaa-cref Life Stock Index Fund,
04J46J-E,Kapitalforening Seb KontofíŸrende Afdeling 2 - Globale Aktier,
04K7R1-E,Ishares Iv Plc - Edge Msci Usa Size Factor Ucits Etf,
04K3HT-E,Amundi Index Solutions - Equity Global Low Carbon,
04BZC2-E,Guidemark Large Cap Core Fund,
04L4LS-E,Investeringsforeningen Bankinvest - Usa Large Cap Aktier Kl,
04H3Q9-E,Danske Invest Denmark - Engros Global Restricted,
04L6Y7-E,Fidelity Founders Fund,
04KNFR-E,Vanguard Invts. Ii Com. Contractual Fd. - Sri Ftse Dev. World,
04L60Y-E,Lyxor Index Fund - Stoxx Europe 600 Oil & Gas Ucits Etf,
04GNM3-E,Northern Trust Invt. Fds. Plc - North America Equity Index,
04CQ7W-E,Nikko Asset Overseas Index Msci Kokusai (unhdg.) Mother Fund,
04JPJF-E,Candriam Gf - Us Equity Oppotunities,
04L2DB-E,Tamac Global Internet Sector,
04GG9L-E,Russell Us Mid Cap Equity Fund,
04FZG5-E,Danske Invest Engros Flexinvest Aktier,
04GBFP-E,Hsbc Etfs Plc - Msci World Ucits Etf,
04H1CF-E,Ishares V Plc - Msci Acwi Ucits Etf,
04JGNY-E,Ist - Globe Index Hedged (chf) (gih),
04BSYM-E,Seasons Series Trust - Sa Multi Managed Income/equity Port.,
04KZ17-E,O'shares Global Internet Giants Etf,
04JLR7-E,Spdr Russell 1000 Momentum Focus Etf,
04CCNT-E,Ubs Investment Funds Icvc - Global Optimal Fund,
04JXD0-E,Blackrock Invt. Fds. - Global Long Short Equity Fund,
04KZ5X-E,First Trust Glb. Fds. Plc - Dow Jones Internet Ucits Etf,
04L4JY-E,Lyxor Index Fund - Ftse Epra/nareit United States Ucits Etf,
04CSN1-E,Federated Mdt Large Cap Growth Fund,
04J3QW-E,Fondo Mutuo Itau Top Usa,
04L698-E,Vontobel Fund - Vescore Global Equity Multi Factor,
04D37F-E,Eaton Vance Hedged Stock Fund,
04JM5V-E,T Rowe Price Qm Us Small & Mid Cap Core Equity Fund,
04KKJ8-E,Storebrand Global Pluss,
04HYGT-E,Ishares Vi Plc - Msci World (chf) Hedged Ucits Etf,
04CQC8-E,Ssga Institutional Fund - Ssga World Equity Index Fund,
04BYHC-E,Ia Clarington Canadian Growth Class,
04HFW5-E,Bcv Institutional Fund - Bcv If Us Equity,
04GP8R-E,Gotham Absolute Return Fund,
04J4SZ-E,Goldman Sachs Global Managed Beta Fund,
04CT5V-E,Storebrand Global Indeks I,
04CQ43-E,Pictet (ch) - Global Equities,
04LB39-E,Timothy Plan - Us Large Cap Core Etf,
04G519-E,Vanguard Investment Series Plc - Sri Global Stock Fund,
04CQ5V-E,Am One Mham Global Active Open,
04J4YX-E,Panagora Us Large Cap Stock Selector Collective Fund,
04BFT0-E,Lincoln Vip - Dimensional Us Core Equity 1 Fund,
04J683-E,Vanguard Funds Plc - Ftse North America Ucits Etf,
04J6Z6-E,Swisscanto (ch) Index Fund V - Equity World (ex-chf),
04KSLD-E,Storebrand Global Esg,
04JNWT-E,Calvert Us Mid Cap Core Responsible Index Fund,
04BX34-E,Russell Investments Us Equity Pool,
04HHWF-E,Nomura Asset Foreign Equity Currency Hedged Mother Fund,
04CXNF-E,Ssga North America Equity Tracker Fund,
04KFZG-E,Fidelity Flex Mid Cap Index Fund,
04KY2D-E,Salt High Trubeta Us Market Etf,
04HQC1-E,Finreon Umbrella Fund - Tail Risk Control (world),
04KWHK-E,Schwab Us Large Cap Growth Index Fund,
04KZBW-E,Horizons Blockchain Technology & Hardware Index Etf,
04BCVH-E,Putnam Variable Trust - Research Fund,
04GRN4-E,Victory Us 500 Enhanced Volatility Wtd Index Fund,
04BFN1-E,Clearwater Core Equity Fund,
04GQ6M-E,Mirae Asset Glb. Discovery Fd. - Global Great Consumer Equity,
04DH14-E,Pictet (ch) Institutional - World (ex-swiss) Equities Tracker,
04J2TC-E,Blackrock Isf - Ishares Dev. World (ex-tobacco) Index Fd. (ie),
04KRBN-E,Jpmorgan Us Momentum Factor Etf,
04KZJ2-E,Multi Units Lu - Lyxor S&p 500 Banks Ucits Etf,
04L6LF-E,Franklin Ftse Us Index Etf,
04DRKT-E,Pictet (ch) Institutional - North American Equities Tracker Us,
04J9CS-E,Global X Scientific Beta Us Etf,
04DCB7-E,Hirtle Callaghan Institutional Value Equity Fund,
04BV6H-E,Spp Generation 50 Tal,
04KL4T-E,Sei Institutional Invt. Trust - World Select Equity Fund,
04CK33-E,Invesco (japan) Msci Kokusai Index Mother Fund,
04J6WR-E,Allianz Vip Trust - Azl Dfa Us Core Equity Fund,
04KVGM-E,Russell Invt. Co.plc - Old Mutual Global Macro Equity Fund,
04J684-E,Vanguard Funds Plc - Ftse Developed World Ucits Etf,
04GN0R-E,First Trust Dorsey Wright People's Portfolio Etf,
04J5SZ-E,Xtrackers (ie) Plc - Msci World Momentum Ucits Etf,
04C7R5-E,Ohio National - Blackrock Advantage Large Cap Core Portfolio,
04JC8C-E,Dimensional Funds Plc - Global Sustainability Core Eq.,
04BK0Q-E,Jnl/mellon Capital Msci World Index Fund,
04L47K-E,Vanguard Ethically Conscious Intl. Sh. Index Fd. - (nzd Hedg.),
04H1C0-E,Ishares V Plc - Msci World (gbp) Hedged Ucits Etf,
04KPRD-E,Vanguard International Shares Select Exclusions Index Fund,
04HQQ9-E,William Blair Sicav - Dynamic Diversified Allocation Fund,
04JD5G-E,Seb Strategy Fund - Opportunity,
04BG0H-E,Hirtle Callaghan Growth Equity Fund,
04JJC9-E,Ssga (lux) Sicav - World Esg Index Equity Fund,
04JP2Q-E,Candriam Bonds - Convertible Opportunities,
04HNV4-E,Natixis Us Growth Class,
04CBMH-E,Sebinvest Nordamerika Indeks,
04L36H-E,Ishares Iv Plc - Msci World Esg Screened Ucits Etf,
04BS69-E,Hsbc Gif - Economic Scale Us Equity,
04J7NB-E,Calvert Us Large Cap Growth Responsible Index Fund,
04BRQD-E,Bny Mellon Mid Cap Multi Strategy Fund,
04BSYP-E,Seasons Series Trust - Sa Multi Managed Income Portfolio,
04KW0L-E,Multi Units Lu - Lyxor Core Msci World,
04KNB4-E,Neuberger Berman Invt. Funds Plc - Uncorrelated Strategies,
04L47J-E,Vanguard Ethically Conscious International Shares Index Fund,
04JD58-E,Seb Strategy Fund - Balanced,
04CY43-E,Wilmington Large Cap Strategy Fund,
04L9PX-E,Tidal Etf Tr. - Sofi Gig Economy Etf,
04J151-E,Jpmorgan Insurance Trust - Global Allocation Portfolio,
04GT1W-E,Wellington Mgt. Funds (ireland) Plc - Us Capital Appre. Equity,
04KTVV-E,Mackenzie Us Large Cap Equity Index Etf,
04L7D6-E,Ivy Investments Core Equity Cit,
04JNWD-E,Fvit Blackrock Disciplined Growth Portfolio,
04CHBS-E,Danske Invest Denmark - Global Indeks Valutasikret,
04JD5D-E,Seb Strategy Fund - Growth,
04KX8N-E,Laensfoersaekringar Fossilsmart,
04BRBT-E,Cs Investment Funds 12 - Balanced (chf),
04CY78-E,Swiss Life Ifunds (ch) - Equity Global (ex-switzerland),
04F2M6-E,Amc Professional Fund - Bcv Systematic Premia Us Equity,
04DRXS-E,Deka Msci Usa Mc Ucits Etf,
04C1DF-E,Hsbc Us Equity Pooled Fund,
04DMD9-E,Family Invts. Global Icvc - Balanced International Fund,
04KSZB-E,Ubs (irl) Etf Plc - Msci Acwi Esg Universal Ucits Etf,
04JGWT-E,Xtrackers Russell 1000 Comprehensive Factor Etf,
04L06H-E,Apollo Multi-factor Global Equity,
04DK62-E,Putnam World Trust - Global Core Equity Fund,
04FCFZ-E,Hartford Global All Asset Fund,
04DVWF-E,Dws Etoile,
04BKZZ-E,Legal & General Global Equity Index Trust,
04CLDH-E,Santander Premium Fund - United States Equities,
04CWLD-E,Family Investments Child Trust Fund,
04K8RZ-E,Vanguard Invt. Fds. Icvc - Ftse Global All Cap Index,
04J7TJ-E,Victory Munder Small Cap Growth Fund,
04DRKY-E,Pictet (ch) Institutional - North American Equities Tracker,
04KP6C-E,Nationwide Maximum Diversification Us Core Equity Etf,
04KZKP-E,Fidelity Vip Ii - Total Market Index Portfolio,
04J5T4-E,Xtrackers (ie) Plc - Msci Ac World Ucits Etf,
04KB4S-E,Voya Smid Cap Growth Fund,
04LBBS-E,Fidelity Women's Leadership Fund,
04G490-E,Storebrand Indeks - Alle Markeder,
04CKNH-E,Ram (lux) Systematic Funds - North American Equities,
04D1ZZ-E,Ishares Tr. - Msci Kokusai Etf,
04GTKR-E,Ist - America Index,
04H3Q4-E,Danske Invest Denmark - Engros Global Equity Solution,
04J55N-E,Nordea Invest Globale Aktier Indeks,
04JD5C-E,Seb Strategy Fund - Defensive,
04G6L7-E,Multi Units Lu - Lyxor Ucits Etf Msci World Consumer S,
04KPGR-E,Xtrackers (ie) Plc - Msci Usa Information Technology Ucits Etf,
04L1KX-E,Invesco Rafi Strategic Us Small Company Etf,
04D0LF-E,Xtrackers - Stoxx Europe 600 Health Care Swap Ucits Etf,
04HM0C-E,Spdr S&p World (ex-australia) Fund,
04JWT1-E,Mackenzie Maximum Diversification Us Index Etf,
04BD3F-E,Reynolds Blue Chip Growth Fund,
04BPLP-E,Principal Variable Contract - Large Cap Growth Account I,
04KVCX-E,Vanguard Wellington Fund - Us Momentum Factor Etf,
04L7GG-E,Goldman Sachs Etf Tr. - Motif New Age Consumer Etf,
04BYJ6-E,Cs Investment Funds 12 - (lux) Portfolio Fund Yield (chf),
04L1C0-E,Deka Msci World Ucits Etf,
04DY6B-E,Allianz Vip Trust - Azl Msci Global Equity Index Fund,
04FCXR-E,Lincoln Vip - Blackrock Scientific Allocation Fund,
04BRBV-E,Cs Investment Funds 12 - (lux) Portfolio Fund Balanced (usd),
04J7QH-E,Calvert Us Large Cap Value Responsible Index Fund,
04BJGN-E,Utc North American Fund,
04BZ2J-E,Mtc Growth Fund-i Inc.,
04KSHX-E,Wealth Invest Akl Globale Aktier Sri,
04BR17-E,Ubs (lux) Strategy Fund - Yield (chf),
04BR18-E,Ubs (lux) Strategy Fund - Balanced (chf),
04KGCW-E,Manulife Multifactor Us Large Cap Index Etf,
04GN3H-E,Sei Institutional Managed Trust-multi Asset Inflation Managed,
04BF73-E,Wilshire Mutual Funds - Large Company Growth Portfolio,
04JMS8-E,Counsel Defensive Global Equity,
04C422-E,Hsbc Global Equity Fund,
04KVCW-E,Vanguard Wellington Fund - Us Quality Factor Etf,
04KHB1-E,Ivy Proshares Msci Acwi Index Fund,
04CHM0-E,Amc Professional Fund - Bcv Enhanced Us Equity,
04GTF2-E,Ubs (irl) Etf Plc - Msci World (usd),
04KW64-E,Fidelity Ucits Ii Icav - Msci World Index Fund,
04LDWW-E,None,
04L5H9-E,Siemens Global Equities,
04KFY6-E,Fidelity Flex Large Cap Growth Fund,
04KW0J-E,Multi Units Lu - Lyxor Core Morningstar Us,
04CKMY-E,Spp Generation 80 Tal,
04CB7G-E,Pinebridge Global Funds - Asia Dynamic Asset Allocation,
04K9VY-E,Lord Abbett Global Equity Research Fund,
04BYJ7-E,Cs Investment Funds 12 - (lux) Portfolio Fund Yield (usd),
04BRBS-E,Cs Investment Funds 12 - (lux) Portfolio Fund Balanced (eur),
04BYJ9-E,Cs Investment Funds 12 - (lux) Portfolio Fund Growth (chf),
04KGFC-E,Stone Ridge Elements Us Portfolio,
04BV20-E,Dnb Usa Indeks,
04LDLX-E,None,
04HM53-E,Ast T. Rowe Price Diversified Real Growth Portfolio,
04BYJB-E,Cs Investment Funds 12 - (lux) Portfolio Fund Growth (usd),
04JB9V-E,Harvest United States Growth Fund,
04KFX4-E,Fidelity Flex Small Cap Fund,
04JNVC-E,Fvit Blackrock Disciplined Us Core Portfolio,
04G946-E,Lyxor Ucits Etf Ftse Epra/nareit Developed Europe,
04JWTP-E,Vanguard Global Momentum Factor Etf,
04KW8Z-E,Ishares Evolved Us Technology Etf,
04JGP9-E,Catalyst Ipox Allocation Fund,
04J3KW-E,Swisscanto (ch) Vorsorge Fonds - 45 Passiv,
04JNYM-E,Vontobel Fund (ch) Vescore Global Equity Multi Factor,
04L08V-E,Blackrock Funds I Icav - Advantage World Equity Fund,
04L367-E,Ishares Iv Plc - Msci Usa Esg Screened Ucits Etf,
04GBFJ-E,Hsbc Etfs Plc - Msci Usa,
04BYJ5-E,Cs Investment Funds 12 - (lux) Portfolio Fund Yield (eur),
04L7G7-E,Jpmorgan Betabuilders Us Equity Etf,
04KGCX-E,Manulife Multifactor Us Mid Cap Index Etf,
04G0P5-E,Swisscanto Bvg 3 Index 45,
04KJ6X-E,Blackrock Acs I - 60:40 Global Equity Tracker Fund,
04KBH1-E,Lord Abbett Pspt. Port. Plc - Global Equity Research Fund,
04KVS9-E,Bekb Strategiefonds - Ausgewogen,
04L5ZG-E,Direxion Msci Cyclicals Over Defensives Etf,
04BR1S-E,Ubs (lux) Strategy Fund - Growth (usd),
04H0XP-E,Aa Mmf - Verzekeringen Beleggingsfonds Matig Offensief,
04H3Q0-E,Csif Umbrella - World (ex-ch) Value Weighted Index - Pension,
04JQKR-E,Td U.s. Equity Index Etf,
04KSZM-E,Sunamerica Series Tr. - Sa Goldman Sachs Multi Asset Insight,
04D1WP-E,Am One Shinko Foreign Equity Index Mother Fund,
04LBNQ-E,Invesco Russell 1000 Size Factor Etf,
04JL03-E,Dimensional Funds Plc - Us Core Equity Fund,
04G944-E,Lyxor Ucits Etf Russell 1000 Value,
04L9HG-E,Tidal Etf Tr. - Sofi Select 500 Etf,
04FTQF-E,Swiss Index Platform - Sip World Equity Index,
04JC6J-E,Ubs Iq Msci World (ex-australia) Ethical Etf,
04CXY6-E,Pgim (japan) Pru Overseas Equity Mother Fund,
04BS65-E,Hsbc Gif - Economic Scale Global Equity,
04L9GP-E,Jpmorgan Etfs (ie) Icav - Betabuilders Us Equity Ucits Etf,
04KLJS-E,Swisscanto (ch) Vorsorge Fonds - 75 Passiv,
04BYJ8-E,Cs Investment Funds 12 - (lux) Portfolio Fund Growth (eur),
04BR1B-E,Ubs (lux) Strategy Fund - Equity (chf),
04H0XR-E,Aa Mmf - Verzekeringen Beleggingsfonds Zeer Offensief,
04H0XQ-E,Aa Mmf - Verzekeringen Beleggingsfonds Offensief,
04JB52-E,Spdr Msci Usa Strategicfactors Etf,
04CZ5Z-E,Wisdomtree Tr. - Earnings 500 Fund,
04GPMG-E,Swisscanto Ast Avant Aktien Usa Index,
04KPT2-E,Robeco Capital Gr. Fds. - Qi Glb. Dev. Enh. Ind. Eq.,
04L1LT-E,Vanguard Ethically Conscious International Shares Index Etf,
04G95N-E,Catalyst Insider Buying Fund,
04BFX5-E,Allianzgi Technology Fund,
04KVSF-E,Bekb Strategiefonds - Wachstum,
04KVS8-E,Bekb Strategiefonds - Kapitalgewinn,
04J2GN-E,Spdr Msci Acwi Low Carbon Target Etf,
04KZR1-E,Ubs (irl) Etf Plc - Msci World Select Factor Mix Ucits Etf,
04KNZR-E,Tkb Vermoegensverwaltung - Wachstum,
04LBPQ-E,Invesco Global Revenue Etf,
04K3R1-E,Cs Index Fund (lux) - Equities World Factor Mix,
04KVS4-E,Bekb Strategiefonds - Einkommen,
04H1HK-E,Schwab Fundamental Us Broad Market Index Etf,
04CZ5Y-E,Wisdomtree Tr. - Total Earnings Fund,
04KNZN-E,Tkb Vermoegensverwaltung - Aktien,
04L06X-E,Wisdomtree Tr. - 90/60 Us Balanced Fund,
04H0XM-E,Aa Mmf - Verzekeringen Beleggingsfonds Matig Defensief,
04BV6G-E,Spp Generation 40 Tal,
04JS45-E,Xtrackers (ie) Plc - Ftse All-world (ex-uk) Ucits,
04L7R4-E,Blackrock Us Equity Factor Rotation Etf,
04L23G-E,Desjardins Ri Usa Low Co2 Index Etf,
04L0TK-E,Gkb (ch) - Strategiefonds Ausgewogen,
04KNZQ-E,Tkb Vermoegensverwaltung - Konservativ,
04JC6L-E,Ubs Iq Msci Usa Ethical Etf,
04L74T-E,Treetop - World Equity Index,
04L7GX-E,Ishares Iv Plc - Msci World Esg Enhanced Ucits Etf,
04LBRW-E,Invesco Russell 1000 Momentum Factor Etf,
04G2ZZ-E,Ist - Mixta Optima 25,
04LBNS-E,Invesco Russell 1000 Value Factor Etf,
04KTBD-E,Insightshares Lgbt Employment Equality Etf,
04L0TJ-E,Gkb (ch) - Strategiefonds Einkommen,
04G301-E,Ist - Mixta Optima 35,
04KPLP-E,Invesco Purebeta Msci Usa Etf,
04LCN5-E,Invesco Mkts. Ii Plc - Msci World Esg Unvl. Screen. Ucits Etf,
04GJRY-E,Swisscanto Bvg 3 Dynamic 0-50,
04L020-E,Gotham Index Plus All Cap Fund,
04LCQJ-E,Invesco Markets Ii Plc - Msci Usa Esg Universal Screened Etf,
04K94Z-E,Gotham Enhanced Index Plus Fund,
04KWP7-E,Gkb (ch) - Aktien Dynamisch,
04KWP8-E,Gkb (ch) - Vorsorgefonds 45,
04L7H9-E,Ishares Iv Plc - Msci Usa Esg Enhanced Ucits Etf,
04KWQ1-E,Swisscanto (ch) Inv. Sol. Fd. - Equity Fund Tac. Glb. (ex-chf),
04KNZP-E,Tkb Vermoegensverwaltung - Ausgewogen,
04K953-E,Gotham Defensive Long Fund,
04G2ZY-E,Ist - Mixta Optima 15,
04H0XL-E,Aa Mmf - Verzekeringen Beleggingsfonds Defensief,
04D0KL-E,First Trust Technology Alphadex Fund,
04HYH4-E,Finex Funds Plc - Msci Usa Ucits Etf (usd),
04HYH1-E,Finex Funds Plc - Usa Information Technology Ucits Etf (usd),
04J1SM-E,First Trust Alphadex Us Technology Sector Index Etf,
04KKT4-E,Ishares Tr. - Russell 2500 Etf,