FactSetEntityId,EntitySubType
000C65-E,HF
000C6K-E,HF
000C8R-E,HF
000C90-E,HF
000CK2-E,HF
000CN3-E,HF
000CND-E,HF
000FFT-E,HF
000HK7-E,HF
000JCY-E,HF
000JGK-E,HF
000LVP-E,HF
000LXL-E,HF
000NXG-E,HF
000P0M-E,HF
000PF7-E,HF
000PQ2-E,HF
000VKD-E,HF
000VN1-E,HF
000VR8-E,HF
000YSW-E,HF
000Z45-E,HF
000ZFK-E,HF
0010BL-E,HF
0010FM-E,HF
0010SD-E,HF
00116S-E,HF
0011J1-E,HF
0011TN-E,HF
0011XG-E,HF
0011Y4-E,HF
0012MH-E,HF
0012ZV-E,HF
00132N-E,HF
00134N-E,HF
001358-E,HF
0013X9-E,HF
0013XN-E,HF
0013ZM-E,HF
00140T-E,HF
0014VV-E,HF
0016FP-E,HF
0016HY-E,HF
0016Z2-E,HF
00176H-E,HF
00179W-E,HF
0017GJ-E,HF
0017HB-E,HF
0017ZB-E,HF
0018BF-E,HF
0018FW-E,HF
0018XT-E,HF
001BMP-E,HF
001BQN-E,HF
001BRP-E,HF
001CMV-E,HF
001DDN-E,HF
001DGK-E,HF
001DN5-E,HF
001DTQ-E,HF
001F5Z-E,HF
001FCX-E,HF
001G5D-E,HF
001H9C-E,HF
001H9G-E,HF
001J02-E,HF
001JJT-E,HF
001KZT-E,HF
001LH5-E,HF
001LRL-E,HF
001LTJ-E,HF
001M86-E,HF
001MWW-E,HF
001P2K-E,HF
001P7Y-E,HF
001PJY-E,HF
001PKQ-E,HF
001Q0T-E,HF
001Q1T-E,HF
001Q8G-E,HF
001QW9-E,HF
001RH3-E,HF
001S4P-E,HF
001SBP-E,HF
001SHD-E,HF
001T00-E,HF
001T4W-E,HF
001T9P-E,HF
001TFZ-E,HF
001TK8-E,HF
001TLD-E,HF
001TYJ-E,HF
001V32-E,HF
001V8S-E,HF
001VR9-E,HF
001W3Q-E,HF
001W41-E,HF
001WYK-E,HF
001Y8F-E,HF
001YD6-E,HF
001YPY-E,HF
001Z1N-E,HF
001Z79-E,HF
001ZRD-E,HF
001ZVG-E,HF
001ZYX-E,HF
00200W-E,HF
002013-E,HF
002074-E,HF
00208Z-E,HF
0020Z0-E,HF
0020ZT-E,HF
0021HZ-E,HF
0021QB-E,HF
0022H4-E,HF
0022Z8-E,HF
002340-E,HF
0023D5-E,HF
0023W3-E,HF
00245B-E,HF
0024FZ-E,HF
0024G2-E,HF
0024GN-E,HF
0024Q4-E,HF
00253Y-E,HF
002544-E,HF
002656-E,HF
00266Z-E,HF
0026MR-E,HF
0027WG-E,HF
00285H-E,HF
0029TB-E,HF
0029VD-E,HF
0029W3-E,HF
002B0Y-E,HF
002B2T-E,HF
002BX9-E,HF
002C4W-E,HF
002C68-E,HF
002CS5-E,HF
002CZ9-E,HF
002DDZ-E,HF
002DFS-E,HF
002DKJ-E,HF
002DZN-E,HF
002F3R-E,HF
002F9P-E,HF
002FVQ-E,HF
002GF2-E,HF
002GFZ-E,HF
002GK8-E,HF
002GQZ-E,HF
002GTL-E,HF
002GZZ-E,HF
002H22-E,HF
002H4C-E,HF
002H97-E,HF
002HB5-E,HF
002HCW-E,HF
002HDR-E,HF
002HDY-E,HF
002HF7-E,HF
002HFC-E,HF
002HFD-E,HF
002HFS-E,HF
002HFX-E,HF
002HH9-E,HF
002HKH-E,HF
002HLM-E,HF
002HMF-E,HF
002HMH-E,HF
002HNM-E,HF
002HP1-E,HF
002HP7-E,HF
002HPR-E,HF
002HPZ-E,HF
002HQV-E,HF
002HR1-E,HF
002HR5-E,HF
002HR6-E,HF
002HRF-E,HF
002HRY-E,HF
002HSB-E,HF
002HT8-E,HF
002HVD-E,HF
002HVP-E,HF
002HW1-E,HF
002HWL-E,HF
002HWN-E,HF
002HXC-E,HF
002HXK-E,HF
002HXV-E,HF
002HZR-E,HF
002HZW-E,HF
002HZX-E,HF
002J17-E,HF
002J1R-E,HF
002J39-E,HF
002J3K-E,HF
002J3W-E,HF
002J41-E,HF
002J4S-E,HF
002J57-E,HF
002J5H-E,HF
002J5N-E,HF
002J6G-E,HF
002J7Z-E,HF
002J85-E,HF
002J87-E,HF
002JCR-E,HF
002JJY-E,HF
002JKF-E,HF
002JKP-E,HF
002JL6-E,HF
002JLJ-E,HF
002JZ5-E,HF
002K07-E,HF
002K0C-E,HF
002K35-E,HF
002K5H-E,HF
002KCX-E,HF
002KFT-E,HF
002KJS-E,HF
002L82-E,HF
002LHN-E,HF
002LRJ-E,HF
002LTL-E,HF
002LY0-E,HF
002M54-E,HF
002MW6-E,HF
002NGP-E,HF
002NS3-E,HF
002NVS-E,HF
002P3C-E,HF
002P8N-E,HF
002P9V-E,HF
002PCB-E,HF
002PDZ-E,HF
002PFM-E,HF
002PTG-E,HF
002QKC-E,HF
002RW3-E,HF
002S10-E,HF
002S5Q-E,HF
002SBB-E,HF
002SQ3-E,HF
002SQC-E,HF
002SXM-E,HF
002T0B-E,HF
002T26-E,HF
002T2S-E,HF
002T3G-E,HF
002T44-E,HF
002T49-E,HF
002T5P-E,HF
002T62-E,HF
002T68-E,HF
002T6T-E,HF
002T7Z-E,HF
002T9S-E,HF
002TCB-E,HF
002TCM-E,HF
002TH3-E,HF
002THM-E,HF
002TJ0-E,HF
002TL6-E,HF
002TNC-E,HF
002TNZ-E,HF
002TQ2-E,HF
002TRD-E,HF
002TTR-E,HF
002TWC-E,HF
002TWV-E,HF
002TX2-E,HF
002TXY-E,HF
002TYF-E,HF
002V00-E,HF
002V70-E,HF
002V8D-E,HF
002VFW-E,HF
002VM0-E,HF
002VWN-E,HF
002W0N-E,HF
002W0R-E,HF
002WC9-E,HF
002WJL-E,HF
002XFZ-E,HF
002XHS-E,HF
002Y0Z-E,HF
002Y31-E,HF
002Y6P-E,HF
002ZJ6-E,HF
002ZZ8-E,HF
003042-E,HF
00318B-E,HF
0031Z8-E,HF
003261-E,HF
0032VC-E,HF
0033CR-E,HF
0033N2-E,HF
0033SG-E,HF
0033TD-E,HF
0033YG-E,HF
0034FT-E,HF
0034JJ-E,HF
0034XZ-E,HF
0034Z2-E,HF
0034ZP-E,HF
00351Q-E,HF
003536-E,HF
003538-E,HF
00353F-E,HF
00353R-E,HF
00353S-E,HF
003546-E,HF
00357X-E,HF
0035C1-E,HF
0035CN-E,HF
0035G1-E,HF
0035G5-E,HF
0035G6-E,HF
0035GR-E,HF
0035H3-E,HF
0035J6-E,HF
0035K7-E,HF
0035KC-E,HF
0035LK-E,HF
0035PV-E,HF
0035Q7-E,HF
0035QZ-E,HF
0035RP-E,HF
0035RS-E,HF
0035TM-E,HF
0035W9-E,HF
0035YP-E,HF
003654-E,HF
003659-E,HF
00365Q-E,HF
00368T-E,HF
0036G4-E,HF
0036JX-E,HF
0036ND-E,HF
0036VB-E,HF
0037CW-E,HF
0037W1-E,HF
00382L-E,HF
003845-E,HF
0038K2-E,HF
0038R8-E,HF
0038TJ-E,HF
00399P-E,HF
003BXF-E,HF
003C2C-E,HF
003C4B-E,HF
003C5H-E,HF
003CLY-E,HF
003CM3-E,HF
003DHL-E,HF
003G6W-E,HF
003G7K-E,HF
003GDK-E,HF
003GWP-E,HF
003H1V-E,HF
003H7V-E,HF
003HDJ-E,HF
003HKC-E,HF
003HRN-E,HF
003HTK-E,HF
003HVP-E,HF
003HW3-E,HF
003HWX-E,HF
003HX7-E,HF
003HZL-E,HF
003JL7-E,HF
003JWX-E,HF
003JWZ-E,HF
003K1L-E,HF
003KFM-E,HF
003KG6-E,HF
003KGS-E,HF
003KJ9-E,HF
003KJW-E,HF
003KKR-E,HF
003KPH-E,HF
003KS8-E,HF
003KSP-E,HF
003KTD-E,HF
003KW1-E,HF
003KW9-E,HF
003KXB-E,HF
003KZ8-E,HF
003L03-E,HF
003L64-E,HF
003L68-E,HF
003L6S-E,HF
003L6W-E,HF
003L78-E,HF
003L9S-E,HF
003LBB-E,HF
003LC7-E,HF
003LFF-E,HF
003LFW-E,HF
003LFX-E,HF
003LG6-E,HF
003LGJ-E,HF
003LGP-E,HF
003LH5-E,HF
003LHX-E,HF
003LJ9-E,HF
003LJH-E,HF
003MJ7-E,HF
003NB6-E,HF
003Q8H-E,HF
003QRT-E,HF
003RGV-E,HF
003RQ7-E,HF
003S0G-E,HF
003S1P-E,HF
003S9D-E,HF
003SK9-E,HF
003SZ5-E,HF
003TB5-E,HF
003TKT-E,HF
003VCN-E,HF
003VFJ-E,HF
003VX1-E,HF
003WL1-E,HF
003XR9-E,HF
003XSV-E,HF
003XXP-E,HF
003Y75-E,HF
003YQX-E,HF
003Z1Q-E,HF
003Z2H-E,HF
00403M-E,HF
00405R-E,HF
0040VL-E,HF
0040W1-E,HF
004150-E,HF
004180-E,HF
004254-E,HF
0043R8-E,HF
0044GC-E,HF
0046K9-E,HF
0046ZB-E,HF
0047KD-E,HF
004831-E,HF
004912-E,HF
00491B-E,HF
00491P-E,HF
00494J-E,HF
00495Q-E,HF
00497R-E,HF
00497Y-E,HF
0049B4-E,HF
0049C0-E,HF
0049F1-E,HF
0049F3-E,HF
0049F6-E,HF
0049GS-E,HF
0049H1-E,HF
0049H2-E,HF
0049H3-E,HF
0049J3-E,HF
0049JC-E,HF
0049JL-E,HF
0049KQ-E,HF
0049LM-E,HF
0049M3-E,HF
0049M7-E,HF
0049MJ-E,HF
0049MY-E,HF
0049Q0-E,HF
0049Q5-E,HF
0049S1-E,HF
004B2X-E,HF
004B84-E,HF
004BVK-E,HF
004C1M-E,HF
004CRQ-E,HF
004CWJ-E,HF
004DND-E,HF
004DNR-E,HF
004F2T-E,HF
004F6D-E,HF
004FZQ-E,HF
004G1S-E,HF
004G3H-E,HF
004HXH-E,HF
004HYR-E,HF
004JBF-E,HF
004L7S-E,HF
004M55-E,HF
004MGF-E,HF
004P6T-E,HF
004P7D-E,HF
004VP1-E,HF
004VPF-E,HF
004W5T-E,HF
004XBB-E,HF
004XTV-E,HF
004Z9Q-E,HF
004ZNB-E,HF
0050WJ-E,HF
0051F7-E,HF
0051Y2-E,HF
0055SF-E,HF
0056HS-E,HF
0057F6-E,HF
0058K3-E,HF
005C4L-E,HF
005DP6-E,HF
005DVM-E,HF
005F4C-E,HF
005FSL-E,HF
005G4F-E,HF
005GHT-E,HF
005GKR-E,HF
005GLC-E,HF
005GP2-E,HF
005GTF-E,HF
005GTL-E,HF
005GV1-E,HF
005GW1-E,HF
005GXL-E,HF
005GZS-E,HF
005H2S-E,HF
005H2X-E,HF
005H33-E,HF
005H80-E,HF
005H8H-E,HF
005H8M-E,HF
005H9H-E,HF
005HCX-E,HF
005HF1-E,HF
005HG5-E,HF
005HJ5-E,HF
005HJL-E,HF
005HKP-E,HF
005HKW-E,HF
005HLD-E,HF
005HMP-E,HF
005HMS-E,HF
005HMY-E,HF
005HRD-E,HF
005HRL-E,HF
005HSK-E,HF
005HSZ-E,HF
005HT6-E,HF
005HTX-E,HF
005HWD-E,HF
005HWP-E,HF
005HZN-E,HF
005JP0-E,HF
005KRT-E,HF
005KW5-E,HF
005L3D-E,HF
005L4S-E,HF
005LMM-E,HF
005LSM-E,HF
005LZB-E,HF
005M32-E,HF
005NBK-E,HF
005PRW-E,HF
005PSX-E,HF
005QDX-E,HF
005T39-E,HF
005TJL-E,HF
005TYS-E,HF
005V98-E,HF
005VB4-E,HF
005VK6-E,HF
005VN3-E,HF
005VRG-E,HF
005VV0-E,HF
005WCB-E,HF
005XZF-E,HF
005Y4G-E,HF
005YQ3-E,HF
005Z5Z-E,HF
006357-E,HF
00637N-E,HF
0064TH-E,HF
0065LH-E,HF
0067VL-E,HF
00697M-E,HF
0069K5-E,HF
006BDV-E,HF
006CGL-E,HF
006CZJ-E,HF
006F00-E,HF
006FBL-E,HF
006GLS-E,HF
006H7Z-E,HF
006HJ2-E,HF
006L4V-E,HF
006LDS-E,HF
006LHB-E,HF
006LHL-E,HF
006LJ6-E,HF
006LJW-E,HF
006LKV-E,HF
006LL6-E,HF
006P27-E,HF
006PM4-E,HF
006PT7-E,HF
006QMC-E,HF
006QVS-E,HF
006R8W-E,HF
006RB4-E,HF
006SL3-E,HF
006SPG-E,HF
006SZN-E,HF
006T00-E,HF
006TXS-E,HF
006VH7-E,HF
006VHQ-E,HF
006VJG-E,HF
006VJP-E,HF
006VN5-E,HF
006VP8-E,HF
006VPG-E,HF
006VXS-E,HF
006VY5-E,HF
006VZS-E,HF
006W17-E,HF
006W8M-E,HF
006WGQ-E,HF
006WK6-E,HF
006WL9-E,HF
006WLN-E,HF
006WN9-E,HF
006WP4-E,HF
006WPN-E,HF
006WQQ-E,HF
006WRP-E,HF
006WRS-E,HF
006WSJ-E,HF
006WSY-E,HF
006WTG-E,HF
006WTZ-E,HF
006WV4-E,HF
006WV6-E,HF
006WVY-E,HF
006WX3-E,HF
006WX7-E,HF
006WXR-E,HF
006WY8-E,HF
006WY9-E,HF
006WYB-E,HF
006X0R-E,HF
006X5F-E,HF
006X8Z-E,HF
006XGH-E,HF
006YJK-E,HF
006YNK-E,HF
006Z9C-E,HF
006ZVW-E,HF
00707J-E,HF
0070QQ-E,HF
00719G-E,HF
0071PS-E,HF
0072N5-E,HF
0073CD-E,HF
0073HF-E,HF
00741R-E,HF
0074DB-E,HF
00767Y-E,HF
0076BM-E,HF
0076GK-E,HF
0076JN-E,HF
0076JZ-E,HF
0076PM-E,HF
0077GV-E,HF
0077X0-E,HF
007841-E,HF
00786C-E,HF
0078CF-E,HF
0078M6-E,HF
0078X0-E,HF
0079GT-E,HF
0079W2-E,HF
0079ZH-E,HF
007B3P-E,HF
007BGZ-E,HF
007BMN-E,HF
007C9Q-E,HF
007CKF-E,HF
007FNT-E,HF
007GJJ-E,HF
007GTR-E,HF
007HQD-E,HF
007JH3-E,HF
007JJP-E,HF
007K4T-E,HF
007KGB-E,HF
007L92-E,HF
007LC4-E,HF
007LCD-E,HF
007LXB-E,HF
007M8J-E,HF
007MRD-E,HF
007MXW-E,HF
007MYL-E,HF
007NLL-E,HF
007NVY-E,HF
007NY0-E,HF
007PBK-E,HF
007PT5-E,HF
007PW2-E,HF
007Q68-E,HF
007QYS-E,HF
007RFP-E,HF
007RG6-E,HF
007RJ3-E,HF
007RLK-E,HF
007RLP-E,HF
007RMF-E,HF
007RTB-E,HF
007S3T-E,HF
007S8F-E,HF
007SH0-E,HF
007SNB-E,HF
007SND-E,HF
007STG-E,HF
007T4G-E,HF
007TNR-E,HF
007TVQ-E,HF
007TVS-E,HF
007V12-E,HF
007VTN-E,HF
007W06-E,HF
007WSN-E,HF
007WT8-E,HF
007WTC-E,HF
007WV3-E,HF
007WVB-E,HF
007X2H-E,HF
007X4M-E,HF
007X4P-E,HF
007XNK-E,HF
007XV3-E,HF
007YBN-E,HF
007YC3-E,HF
007YF5-E,HF
007YMX-E,HF
007YNL-E,HF
007YNP-E,HF
007YQ9-E,HF
007Z4T-E,HF
007Z50-E,HF
007Z6X-E,HF
007Z70-E,HF
007ZG3-E,HF
007ZM5-E,HF
007ZM8-E,HF
007ZN0-E,HF
007ZNQ-E,HF
007ZNR-E,HF
007ZP8-E,HF
007ZQ1-E,HF
007ZQ4-E,HF
007ZR0-E,HF
007ZS6-E,HF
007ZV4-E,HF
007ZYJ-E,HF
00804J-E,HF
008058-E,HF
00809H-E,HF
0080C3-E,HF
0080C8-E,HF
0080C9-E,HF
0080CR-E,HF
0080DP-E,HF
0080DW-E,HF
0080F7-E,HF
0080FD-E,HF
0080FN-E,HF
0080FP-E,HF
0080FX-E,HF
0080FY-E,HF
0080GP-E,HF
0080GW-E,HF
0080GZ-E,HF
0080H6-E,HF
0080HJ-E,HF
0080HR-E,HF
0080HX-E,HF
0080J3-E,HF
0080JG-E,HF
0080JJ-E,HF
0080JR-E,HF
0080JT-E,HF
0080JX-E,HF
0080KW-E,HF
0080KZ-E,HF
0080LC-E,HF
0080LQ-E,HF
0080MF-E,HF
0080MR-E,HF
0080MS-E,HF
0080MX-E,HF
0080MY-E,HF
0080N0-E,HF
0080N2-E,HF
0080NC-E,HF
0080ND-E,HF
0080PF-E,HF
0080PJ-E,HF
0080PL-E,HF
0080QG-E,HF
0080QJ-E,HF
0080QM-E,HF
0080QN-E,HF
0080QS-E,HF
0080QT-E,HF
0080QY-E,HF
0080TW-E,HF
0080WQ-E,HF
0080Z3-E,HF
008136-E,HF
0081HB-E,HF
008225-E,HF
0082QH-E,HF
0082XP-E,HF
00832N-E,HF
00835D-E,HF
00835F-E,HF
00838H-E,HF
0083RB-E,HF
0083XW-E,HF
0084M1-E,HF
00863D-E,HF
00865N-E,HF
0086PT-E,HF
00883R-E,HF
0088KV-E,HF
0088Q5-E,HF
0088SH-E,HF
0088SM-E,HF
0088SN-E,HF
0088T0-E,HF
0088YJ-E,HF
0089D2-E,HF
0089FK-E,HF
008B50-E,HF
008BHF-E,HF
008BKH-E,HF
008BP5-E,HF
008C1Y-E,HF
008D5M-E,HF
008D6M-E,HF
008G02-E,HF
008J9X-E,HF
008JFR-E,HF
008K1S-E,HF
008KYZ-E,HF
008L90-E,HF
008LX4-E,HF
008NMB-E,HF
008PXD-E,HF
008RMJ-E,HF
008RML-E,HF
008RXJ-E,HF
008RY4-E,HF
008S66-E,HF
008SQ7-E,HF
008T13-E,HF
008T7R-E,HF
008TB5-E,HF
008TPG-E,HF
008WFK-E,HF
008WK8-E,HF
008XCG-E,HF
008XLG-E,HF
008XMG-E,HF
008Y5F-E,HF
008YQP-E,HF
008YRV-E,HF
008YYQ-E,HF
008Z3D-E,HF
008ZBK-E,HF
008ZD5-E,HF
008ZHM-E,HF
008ZTJ-E,HF
008ZVF-E,HF
008ZVQ-E,HF
008ZWX-E,HF
008ZYC-E,HF
008ZZH-E,HF
00902S-E,HF
009043-E,HF
0090BQ-E,HF
0090G9-E,HF
0090HN-E,HF
0090HS-E,HF
0090LH-E,HF
0090M5-E,HF
0090MB-E,HF
0090MY-E,HF
0090N1-E,HF
0090NC-E,HF
0090NQ-E,HF
0090NS-E,HF
0090P5-E,HF
0090P7-E,HF
0090P8-E,HF
0090PD-E,HF
0090PP-E,HF
0090Q3-E,HF
0090Q5-E,HF
0090QQ-E,HF
0090QV-E,HF
0090QX-E,HF
0090RF-E,HF
0090RH-E,HF
0090RN-E,HF
0090S1-E,HF
0090SR-E,HF
0090TK-E,HF
0090Y9-E,HF
0090ZL-E,HF
009161-E,HF
00917C-E,HF
0091MB-E,HF
0091ML-E,HF
0091SK-E,HF
00925W-E,HF
0093H5-E,HF
0093HC-E,HF
0095QQ-E,HF
0096YS-E,HF
00977J-E,HF
00978H-E,HF
0097P5-E,HF
0097Z6-E,HF
00985B-E,HF
009880-E,HF
0098BM-E,HF
0098C0-E,HF
0098FZ-E,HF
0098P9-E,HF
009C6S-E,HF
009C7F-E,HF
009CH4-E,HF
009D0Z-E,HF
009DHP-E,HF
009DQ0-E,HF
009F19-E,HF
009FTX-E,HF
009FV1-E,HF
009G1P-E,HF
009GS4-E,HF
009H95-E,HF
009JJ8-E,HF
009JPB-E,HF
009JPV-E,HF
009KD3-E,HF
009KG1-E,HF
009KZJ-E,HF
009LDC-E,HF
009MNR-E,HF
009MSH-E,HF
009N4W-E,HF
009PVC-E,HF
009Q6F-E,HF
009RD4-E,HF
009S70-E,HF
009SJV-E,HF
009SSH-E,HF
009VJ4-E,HF
009VM4-E,HF
009WLR-E,HF
009X9X-E,HF
009XF7-E,HF
009XT0-E,HF
009XWX-E,HF
009XX0-E,HF
009Y2D-E,HF
009Y3C-E,HF
009Y5G-E,HF
009YCH-E,HF
009YG7-E,HF
009YQP-E,HF
009YS4-E,HF
009Z0Y-E,HF
009Z68-E,HF
009Z9H-E,HF
009ZDN-E,HF
009ZLP-E,HF
009ZM9-E,HF
009ZPQ-E,HF
009ZVL-E,HF
009ZW1-E,HF
009ZWN-E,HF
009ZY7-E,HF
009ZZ4-E,HF
009ZZC-E,HF
009ZZY-E,HF
00B000-E,HF
00B002-E,HF
00B005-E,HF
00B016-E,HF
00B01Y-E,HF
00B0BQ-E,HF
00B0DF-E,HF
00B0NH-E,HF
00B10N-E,HF
00B143-E,HF
00B182-E,HF
00B218-E,HF
00B3WK-E,HF
00B53X-E,HF
00B5F9-E,HF
00B5R3-E,HF
00B6HM-E,HF
00B705-E,HF
00B8CH-E,HF
00B9K7-E,HF
00B9L2-E,HF
00BBJQ-E,HF
00BC1Y-E,HF
00BCTJ-E,HF
00BF4F-E,HF
00BFVW-E,HF
00BJ6W-E,HF
00BJ81-E,HF
00BJCT-E,HF
00BK5H-E,HF
00BK65-E,HF
00BKYH-E,HF
00BL9L-E,HF
00BQ8H-E,HF
00BQCM-E,HF
00BQGV-E,HF
00BQKX-E,HF
00BQNJ-E,HF
00BQT2-E,HF
00BQW2-E,HF
00BQWG-E,HF
00BQWT-E,HF
00BQX9-E,HF
00BQXD-E,HF
00BQXH-E,HF
00BQY3-E,HF
00BQYN-E,HF
00BQZR-E,HF
00BR1G-E,HF
00BR1V-E,HF
00BR22-E,HF
00BR3X-E,HF
00BRMS-E,HF
00BRN3-E,HF
00BSMS-E,HF
00BY6Q-E,HF
00BZN0-E,HF
00C18R-E,HF
00C287-E,HF
00C34S-E,HF
00C3H6-E,HF
00C3Z4-E,HF
00C5B5-E,HF
00C5G2-E,HF
00C5HK-E,HF
00C5SC-E,HF
00C66S-E,HF
00C6KG-E,HF
00C6MJ-E,HF
00C6P0-E,HF
00C7XH-E,HF
00C94T-E,HF
00C958-E,HF
00CB29-E,HF
00CC1P-E,HF
00CC9C-E,HF
00CDP3-E,HF
00CDP5-E,HF
00CDZ7-E,HF
00CF4G-E,HF
00CF4P-E,HF
00CF5H-E,HF
00CF62-E,HF
00CF76-E,HF
00CF8J-E,HF
00CF9G-E,HF
00CFB2-E,HF
00CFBL-E,HF
00CFBZ-E,HF
00CFFK-E,HF
00CFLC-E,HF
00CFYZ-E,HF
00CGV8-E,HF
00CHRB-E,HF
00CJFT-E,HF
00CL4Z-E,HF
00CLJ7-E,HF
00CLT0-E,HF
00CM87-E,HF
00CN1J-E,HF
00CN52-E,HF
00CNJ9-E,HF
00CP8L-E,HF
00CV27-E,HF
00CWC2-E,HF
00CX87-E,HF
00CXC6-E,HF
00D0DV-E,HF
00D0S1-E,HF
00D0T6-E,HF
00D0ZW-E,HF
00D13C-E,HF
00D16Q-E,HF
00D183-E,HF
00D18N-E,HF
00D19V-E,HF
00D1B4-E,HF
00D1BB-E,HF
00D1CM-E,HF
00D1CQ-E,HF
00D1D1-E,HF
00D1DJ-E,HF
00D1DP-E,HF
00D1FG-E,HF
00D1G3-E,HF
00D1G6-E,HF
00D1W8-E,HF
00D2V7-E,HF
00D4Q3-E,HF
00D6G1-E,HF
00D6QM-E,HF
00D703-E,HF
00D9DM-E,HF
00DCYR-E,HF
00DD87-E,HF
00DFS2-E,HF
00DH1M-E,HF
00DJSZ-E,HF
00DL0S-E,HF
00DNML-E,HF
00DQTF-E,HF
00DQWY-E,HF
00DR00-E,HF
00DR2Y-E,HF
00DR43-E,HF
00DR49-E,HF
00DR5M-E,HF
00DR64-E,HF
00DR6L-E,HF
00DRDB-E,HF
00DRTS-E,HF
00DW19-E,HF
00DXQT-E,HF
00DXTN-E,HF
00DXWK-E,HF
00DY0S-E,HF
00DY12-E,HF
00DY1H-E,HF
00DY2K-E,HF
00DYNX-E,HF
00DZ9M-E,HF
00DZNQ-E,HF
00F26Z-E,HF
00F29S-E,HF
00F5LJ-E,HF
00F6MN-E,HF
00F8BC-E,HF
00F9SK-E,HF
00FB38-E,HF
00FBQB-E,HF
00FC48-E,HF
00FC4L-E,HF
00FC58-E,HF
00FC7R-E,HF
00FC7W-E,HF
00FC86-E,HF
00FC8N-E,HF
00FC8S-E,HF
00FC8X-E,HF
00FC9C-E,HF
00FC9D-E,HF
00FCTT-E,HF
00FFRX-E,HF
00FHHL-E,HF
00FJ8Z-E,HF
00FJYM-E,HF
00FKVY-E,HF
00FLVQ-E,HF
00FRKJ-E,HF
00FRPW-E,HF
00FRWD-E,HF
00FT6T-E,HF
00FTFP-E,HF
00FXB3-E,HF
00FY7G-E,HF
00FYV6-E,HF
00FYXV-E,HF
00FYYR-E,HF
00FYZ2-E,HF
00FZ09-E,HF
00FZ3W-E,HF
00G0JD-E,HF
00G3T4-E,HF
00G8LL-E,HF
00GB5D-E,HF
00GF8H-E,HF
00GM3T-E,HF
00GM5P-E,HF
00GM89-E,HF
00GMBD-E,HF
00GMDP-E,HF
05F71M-E,HF
05F7KZ-E,HF
05F7RH-E,HF
05FBN5-E,HF
05FBN6-E,HF
05FFWJ-E,HF
05FJPQ-E,HF
05FKWJ-E,HF
05FL7T-E,HF
05FP6M-E,HF
05FQYT-E,HF
05FVP3-E,HF
05FVPH-E,HF
05FWDD-E,HF
05FWHV-E,HF
05FY84-E,HF
05FY87-E,HF
05G23H-E,HF
05G3GW-E,HF
05G3LM-E,HF
05G4VT-E,HF
05G580-E,HF
05G59L-E,HF
05G5CV-E,HF
05G9KW-E,HF
05GC1C-E,HF
05GF1C-E,HF
05GK8L-E,HF
05GP4R-E,HF
05GR9P-E,HF
05GVXQ-E,HF
05GVY2-E,HF
05GWBD-E,HF
05GYJN-E,HF
05H951-E,HF
05HBQ0-E,HF
05HGTD-E,HF
05HGZK-E,HF
05HH5M-E,HF
05HH6P-E,HF
05HHXC-E,HF
05HHZS-E,HF
05HKBN-E,HF
05HKX7-E,HF
05HL1Z-E,HF
05HLG8-E,HF
05HN0Z-E,HF
05HND2-E,HF
05HQ6V-E,HF
05HSYM-E,HF
05HV8V-E,HF
05J6KR-E,HF
05J6NP-E,HF
05J7JW-E,HF
05J7PZ-E,HF
05J91S-E,HF
05J91X-E,HF
05J922-E,HF
05J92G-E,HF
05JPBV-E,HF
05JVGZ-E,HF
05JYP1-E,HF
05JZ54-E,HF
05JZ60-E,HF
05JZFC-E,HF
05K05R-E,HF
05K159-E,HF
05K28D-E,HF
05K2RP-E,HF
05K36L-E,HF
05K5S9-E,HF
05K5XJ-E,HF
05K5XN-E,HF
05K5Y4-E,HF
05K5Y9-E,HF
05K5YJ-E,HF
05K5YM-E,HF
05K5YT-E,HF
05K5ZH-E,HF
05K5ZS-E,HF
05K5ZV-E,HF
05K603-E,HF
05K605-E,HF
05K60F-E,HF
05K60H-E,HF
05K60K-E,HF
05K60S-E,HF
05K60T-E,HF
05K67X-E,HF
05K6C5-E,HF
05K6C9-E,HF
05K6CL-E,HF
05K6CM-E,HF
05K6D2-E,HF
05K6G9-E,HF
05K6GD-E,HF
05K6GF-E,HF
05K6H1-E,HF
05K7RT-E,HF
05K7RX-E,HF
05K7S2-E,HF
05K7S6-E,HF
05K7SH-E,HF
05K7T2-E,HF
05K834-E,HF
05K835-E,HF
05K83B-E,HF
05K83C-E,HF
05K83G-E,HF
05K84C-E,HF
05K84Z-E,HF
05K887-E,HF
05K88G-E,HF
05K88Y-E,HF
05K89D-E,HF
05K89H-E,HF
05K8B4-E,HF
05K8B6-E,HF
05K8BB-E,HF
05K8BK-E,HF
05K8BZ-E,HF
05K8C2-E,HF
05K8C5-E,HF
05K8CB-E,HF
05K8CQ-E,HF
05K8CT-E,HF
05K8CX-E,HF
05K8CZ-E,HF
05K8D9-E,HF
05K8HP-E,HF
05K8HY-E,HF
05K8J2-E,HF
05K8J8-E,HF
05K8JF-E,HF
05K8JK-E,HF
05K8JX-E,HF
05K8K0-E,HF
05K8K2-E,HF
05K8KH-E,HF
05K8KL-E,HF
05K8KT-E,HF
05K8KX-E,HF
05K8L2-E,HF
05K8LB-E,HF
05K8LF-E,HF
05K92W-E,HF
05KBDS-E,HF
05KBVS-E,HF
05KBXY-E,HF
05KBY3-E,HF
05KBY9-E,HF
05KBYD-E,HF
05KBYL-E,HF
05KBYP-E,HF
05KBYR-E,HF
05KBZ6-E,HF
05KBZC-E,HF
05KBZH-E,HF
05KBZS-E,HF
05KCPB-E,HF
05KCPG-E,HF
05KCPT-E,HF
05KCPY-E,HF
05KCQV-E,HF
05KCRC-E,HF
05KCRH-E,HF
05KCRQ-E,HF
05KF8L-E,HF
05KJTQ-E,HF
05KK7Y-E,HF
05KKZH-E,HF
05KL82-E,HF
05KLWK-E,HF
05KMB7-E,HF
05KMC1-E,HF
05KMDR-E,HF
05KN20-E,HF
05KNTK-E,HF
05KP9Z-E,HF
05KSF3-E,HF
05KSKY-E,HF
05KV0T-E,HF
05KVKH-E,HF
05KVRR-E,HF
05KZRG-E,HF
05L379-E,HF
05L8BJ-E,HF
05LCXL-E,HF
05LH85-E,HF
05LH9R-E,HF
05LHCY-E,HF
05LHMV-E,HF
05LHTK-E,HF
05LHWV-E,HF
05LJ1N-E,HF
05LJ4M-E,HF
05LJ6W-E,HF
05LJFN-E,HF
05LJKH-E,HF
05LJQW-E,HF
05LJY7-E,HF
05LKB7-E,HF
05LKDR-E,HF
05LKXG-E,HF
05LLL1-E,HF
05LLWK-E,HF
05LMDV-E,HF
05LMKK-E,HF
05LMMM-E,HF
05LMVL-E,HF
05LMXG-E,HF
05LN0Y-E,HF
05LN8P-E,HF
05LPMR-E,HF
05LPNY-E,HF
05LPPB-E,HF
05LPS2-E,HF
05LPVC-E,HF
05LPX4-E,HF
05LQCQ-E,HF
05LQD8-E,HF
05LQGQ-E,HF
05LQLM-E,HF
05LQN3-E,HF
05LQPK-E,HF
05LQS4-E,HF
05LQTZ-E,HF
05LQW5-E,HF
05LQYM-E,HF
05LR04-E,HF
05LRSR-E,HF
05LT6S-E,HF
05LX27-E,HF
05LXW1-E,HF
05LYG4-E,HF
05LZ0F-E,HF
05LZ2T-E,HF
05LZ6B-E,HF
05LZGF-E,HF
05M11N-E,HF
05M1CG-E,HF
05M1W2-E,HF
05M299-E,HF
05M29W-E,HF
05M2FB-E,HF
05M3FP-E,HF
05M440-E,HF
05M4F7-E,HF
05M4F8-E,HF
05M4J7-E,HF
05M4JK-E,HF
05M4KB-E,HF
05M4N6-E,HF
05M5HM-E,HF
05M5L6-E,HF
05M6J7-E,HF
05M6QC-E,HF
05M6WB-E,HF
05M79V-E,HF
05M7NG-E,HF
05M7QG-E,HF
05M7RL-E,HF
05M89W-E,HF
05M8C5-E,HF
05M8CM-E,HF
05M8L1-E,HF
05M8PR-E,HF
05M8RP-E,HF
05M9BT-E,HF
05MB6V-E,HF
05MB9R-E,HF
05MBBG-E,HF
05MBF8-E,HF
05MBNW-E,HF
05MBXF-E,HF
05MC1F-E,HF
05MC53-E,HF
05MCG8-E,HF
05MCHG-E,HF
05MCJQ-E,HF
05MCST-E,HF
05MCSY-E,HF
05MCT6-E,HF
05MDQC-E,HF
05MF77-E,HF
05MFDN-E,HF
05MFGZ-E,HF
05MGD9-E,HF
05MGJ0-E,HF
05MGKV-E,HF
05MGQ3-E,HF
05MGVF-E,HF
05MGX1-E,HF
05MHBK-E,HF
05MHLG-E,HF
05MK7L-E,HF
05ML13-E,HF
05MLDQ-E,HF
05MLVF-E,HF
05MMGH-E,HF
05MMZ1-E,HF
05MN2G-E,HF
05MPTC-E,HF
05MPYQ-E,HF
05MQ39-E,HF
05MQC5-E,HF
05MRGH-E,HF
05MS0W-E,HF
05MS25-E,HF
05MS4Z-E,HF
05MS55-E,HF
05MS70-E,HF
05MWZT-E,HF
05MX0W-E,HF
05MX2F-E,HF
05MX8B-E,HF
05MY56-E,HF
05MYV6-E,HF
05MZDV-E,HF
05MZFK-E,HF
05MZG2-E,HF
05MZH1-E,HF
05N0RG-E,HF
05N0Y3-E,HF
05N145-E,HF
05N14Q-E,HF
05N1K1-E,HF
05N1ZB-E,HF
05N2HB-E,HF
05N2ZZ-E,HF
05N322-E,HF
05N33T-E,HF
05N34T-E,HF
05N67H-E,HF
05N82P-E,HF
05N8S5-E,HF
05NB2Y-E,HF
05NSJY-E,HF
05NT78-E,HF
05NYQL-E,HF
05NYRV-E,HF
05NYYY-E,HF
05P1MT-E,HF
05P5Y5-E,HF
05P9B1-E,HF
05PCML-E,HF
05PDB6-E,HF
05PFQH-E,HF
05PFTR-E,HF
05PHRW-E,HF
05PHVB-E,HF
05PJQN-E,HF
05PKKS-E,HF
05PKWF-E,HF
05PLDK-E,HF
05PNG5-E,HF
05PQ4G-E,HF
05PQQB-E,HF
05PWRC-E,HF
05PZ2W-E,HF
05Q0J3-E,HF
05QHGG-E,HF
05QL3J-E,HF
05QR6B-E,HF
05QS1J-E,HF
05R3FC-E,HF
05RDCD-E,HF
05RGB9-E,HF
05S4W7-E,HF
05S9ZQ-E,HF
05SD7M-E,HF
05SD7R-E,HF
05SKFJ-E,HF
05SV3G-E,HF
05T3GL-E,HF
05T81J-E,HF
05TBQH-E,HF
05TJKV-E,HF
05TMXQ-E,HF
05TTDZ-E,HF
05TV5N-E,HF
05TV5S-E,HF
05TV6B-E,HF
05TW49-E,HF
05TWK1-E,HF
05TX8L-E,HF
05TYS0-E,HF
05TYX3-E,HF
05TZGC-E,HF
05V1DH-E,HF
05V27Z-E,HF
05V3R4-E,HF
05V3TW-E,HF
05V9J2-E,HF
05VB2P-E,HF
05VBYQ-E,HF
05VD6R-E,HF
05VF1L-E,HF
05VGXQ-E,HF
05VJKZ-E,HF
05VKRN-E,HF
05VKY6-E,HF
05VRNL-E,HF
05VRQZ-E,HF
05VVVL-E,HF
05VW12-E,HF
05VZL2-E,HF
05W0TX-E,HF
05W1K8-E,HF
05W660-E,HF
05W967-E,HF
05W9J8-E,HF
05WPF9-E,HF
05WRYJ-E,HF
05WXLP-E,HF
05WYL8-E,HF
05X00W-E,HF
05X0D7-E,HF
05X2D5-E,HF
05X2K0-E,HF
05X31R-E,HF
05X4B3-E,HF
05X4PZ-E,HF
05X5JN-E,HF
05X9GN-E,HF
05XB0H-E,HF
05XF79-E,HF
05XF7M-E,HF
05XG85-E,HF
05YH0M-E,HF
05YJXZ-E,HF
05YLL6-E,HF
05YLNR-E,HF
05YNSM-E,HF
05YNVG-E,HF
05YVNX-E,HF
05YVQ5-E,HF
05YWS8-E,HF
05YXMP-E,HF
05YXPS-E,HF
05YXVB-E,HF
05YYV0-E,HF
05Z480-E,HF
05Z6PB-E,HF
05Z73Y-E,HF
05Z7MF-E,HF
05Z8FN-E,HF
05Z8NZ-E,HF
05Z9G0-E,HF
05Z9N2-E,HF
05ZG69-E,HF
05ZGT2-E,HF
05ZJ3F-E,HF
05ZJ7L-E,HF
05ZL2G-E,HF
05ZLFZ-E,HF
05ZLG0-E,HF
05ZLT6-E,HF
05ZM12-E,HF
05ZM3Q-E,HF
05ZP1Z-E,HF
05ZRS8-E,HF
05ZT6S-E,HF
05ZVCF-E,HF
05ZZ9N-E,HF
0600JN-E,HF
0600XQ-E,HF
06028X-E,HF
0602PF-E,HF
0603C7-E,HF
0604ZV-E,HF
060524-E,HF
0605CZ-E,HF
0609P3-E,HF
060CW2-E,HF
060DL2-E,HF
060JBL-E,HF
060JD9-E,HF
060JF3-E,HF
060LRN-E,HF
060LWY-E,HF
060MC4-E,HF
060P4P-E,HF
060R5H-E,HF
060SNS-E,HF
060TMH-E,HF
060TXW-E,HF
060V4X-E,HF
060V5C-E,HF
060XN7-E,HF
060Y48-E,HF
060Y60-E,HF
060Y75-E,HF
060YMK-E,HF
060YRJ-E,HF
060ZVC-E,HF
060ZWB-E,HF
0610DP-E,HF
0610R6-E,HF
061170-E,HF
0611B0-E,HF
0612K9-E,HF
0612YR-E,HF
06132L-E,HF
0613CZ-E,HF
0613FC-E,HF
0613KJ-E,HF
0613TK-E,HF
0614JJ-E,HF
0614Q5-E,HF
0614RQ-E,HF
061541-E,HF
0615SD-E,HF
06160Z-E,HF
0616LX-E,HF
0617HS-E,HF
0618F5-E,HF
0618X0-E,HF
061B3B-E,HF
061B56-E,HF
061B8C-E,HF
061BFK-E,HF
061BG0-E,HF
061C78-E,HF
061CFS-E,HF
061FSN-E,HF
061GC2-E,HF
061HFP-E,HF
061HG0-E,HF
061J5G-E,HF
061J6J-E,HF
061JQP-E,HF
061KJ3-E,HF
061KR9-E,HF
061KRY-E,HF
061L4X-E,HF
061LYL-E,HF
061PG5-E,HF
061QCX-E,HF
061S3X-E,HF
061S67-E,HF
061TW2-E,HF
061VHS-E,HF
061VJS-E,HF
061WR5-E,HF
061WXR-E,HF
061XTX-E,HF
061YMB-E,HF
061ZB6-E,HF
06211J-E,HF
0621NF-E,HF
0621ZQ-E,HF
0623RS-E,HF
06242R-E,HF
0624NJ-E,HF
0624RS-E,HF
0629X5-E,HF
062D8L-E,HF
062FP5-E,HF
062HF0-E,HF
062HGS-E,HF
062HYN-E,HF
062J7J-E,HF
062J7Y-E,HF
062J8Q-E,HF
062JHG-E,HF
062JHL-E,HF
062JJN-E,HF
062JKD-E,HF
062JLS-E,HF
062JQ0-E,HF
062JQB-E,HF
062KP4-E,HF
062N78-E,HF
062PNL-E,HF
062Q90-E,HF
062RJR-E,HF
0631NZ-E,HF
0634S8-E,HF
0639C0-E,HF
063BX9-E,HF
063FYY-E,HF
063L6X-E,HF
063VVC-E,HF
063Y1C-E,HF
0640H0-E,HF
0644J8-E,HF
064S4S-E,HF
0652FR-E,HF
065BC2-E,HF
065CP5-E,HF
065H24-E,HF
065KFC-E,HF
065N3P-E,HF
065RBN-E,HF
065W46-E,HF
065WRP-E,HF
065WXF-E,HF
0662DT-E,HF
06645S-E,HF
0666G4-E,HF
0666J2-E,HF
066BKC-E,HF
066BR3-E,HF
066FT6-E,HF
066J79-E,HF
066XHG-E,HF
066ZQW-E,HF
0670F5-E,HF
0670MN-E,HF
0671LY-E,HF
0674BH-E,HF
06781X-E,HF
0679F1-E,HF
0679Q9-E,HF
067CKB-E,HF
067DW4-E,HF
067DXT-E,HF
067JGS-E,HF
067JKF-E,HF
067K7S-E,HF
067KCR-E,HF
067L8Z-E,HF
067MHK-E,HF
067ML1-E,HF
067NSF-E,HF
067NY8-E,HF
067SKK-E,HF
068288-E,HF
0683H9-E,HF
06875L-E,HF
06877W-E,HF
0688PQ-E,HF
068921-E,HF
068JQ8-E,HF
068LKY-E,HF
068RJW-E,HF
068XTW-E,HF
068YSV-E,HF
068YX5-E,HF
0690KL-E,HF
06915J-E,HF
0692H7-E,HF
069316-E,HF
069330-E,HF
0693BG-E,HF
0693D1-E,HF
069468-E,HF
069491-E,HF
0695F0-E,HF
0695F7-E,HF
0696MM-E,HF
069C5J-E,HF
069KJ0-E,HF
069LN0-E,HF
069RMS-E,HF
069T4D-E,HF
06B2FS-E,HF
06B3CQ-E,HF
06B4MS-E,HF
06BCQ4-E,HF
06BGK5-E,HF
06BHZ7-E,HF
06BX57-E,HF
06BX7C-E,HF
06C0X2-E,HF
06C57R-E,HF
06C583-E,HF
06C593-E,HF
06C59W-E,HF
06C5QC-E,HF
06C5QW-E,HF
06C71N-E,HF
06C8G5-E,HF
06CC60-E,HF
06CHY1-E,HF
06CK7C-E,HF
06CK7H-E,HF
06CK7L-E,HF
06CLPC-E,HF
06CMXJ-E,HF
06CNKZ-E,HF
06CP7V-E,HF
06CT77-E,HF
06CTVJ-E,HF
06CWQS-E,HF
06CX6Z-E,HF
06D0LX-E,HF
06D1JD-E,HF
06D2TF-E,HF
06D2ZQ-E,HF
06D4F9-E,HF
06D5FQ-E,HF
06D6MW-E,HF
06D6NP-E,HF
06D6SC-E,HF
06D6TR-E,HF
06D804-E,HF
06DC0F-E,HF
06DCTW-E,HF
06DCVD-E,HF
06DFNV-E,HF
06DGKL-E,HF
06DK4J-E,HF
06DKZ2-E,HF
06DL3M-E,HF
06DMWB-E,HF
06DN37-E,HF
06DNYG-E,HF
06DQ77-E,HF
06DS4G-E,HF
06DTK5-E,HF
06DVK0-E,HF
06DVS5-E,HF
06DVSQ-E,HF
06DVWQ-E,HF
06DVYT-E,HF
06DVYW-E,HF
06DW12-E,HF
06DX4J-E,HF
06DX5Q-E,HF
06DX8K-E,HF
06DX8Y-E,HF
06DYPF-E,HF
06DZTX-E,HF
06DZV7-E,HF
06DZYB-E,HF
06F058-E,HF
06F0Y2-E,HF
06F0YC-E,HF
06F0YW-E,HF
06F12M-E,HF
06F1ZD-E,HF
06F21N-E,HF
06F221-E,HF
06F24Q-E,HF
06F260-E,HF
06F277-E,HF
06F27B-E,HF
06F283-E,HF
06F317-E,HF
06F31P-E,HF
06F322-E,HF
06F323-E,HF
06F33G-E,HF
06F346-E,HF
06F3TY-E,HF
06F3YS-E,HF
06F40K-E,HF
06F4TJ-E,HF
06F4V4-E,HF
06F4WP-E,HF
06F4XN-E,HF
06F506-E,HF
06F5LM-E,HF
06F5NC-E,HF
06F5PK-E,HF
06F5QP-E,HF
06F61S-E,HF
06F6CG-E,HF
06F752-E,HF
06F76W-E,HF
06F88T-E,HF
06F898-E,HF
06F8HG-E,HF
06F956-E,HF
06F969-E,HF
06F96Z-E,HF
06F981-E,HF
06F99T-E,HF
06F9BN-E,HF
06F9HC-E,HF
06FBKQ-E,HF
06FBLN-E,HF
06FBM3-E,HF
06FBM8-E,HF
06FBRP-E,HF
06FC9W-E,HF
06FCBV-E,HF
06FCFN-E,HF
06FDBN-E,HF
06FDD0-E,HF
06FFTQ-E,HF
06FFW3-E,HF
06FGWG-E,HF
06FGX2-E,HF
06FGXR-E,HF
06FH12-E,HF
06FH29-E,HF
06FH40-E,HF
06FJ4J-E,HF
06FJ4M-E,HF
06FJ6L-E,HF
06FJ6W-E,HF
06FJ6Z-E,HF
06FJZY-E,HF
06FK1N-E,HF
06FKV1-E,HF
06FKV8-E,HF
06FKX1-E,HF
06FKXG-E,HF
06FKYF-E,HF
06FKYS-E,HF
06FKZT-E,HF
06FLNV-E,HF
06FLQK-E,HF
06FLST-E,HF
06FMQF-E,HF
06FMRK-E,HF
06FNGC-E,HF
06FNQ0-E,HF
06FPHQ-E,HF
06FPLZ-E,HF
06FPMT-E,HF
06FPNH-E,HF
06FPNT-E,HF
06FPNV-E,HF
06FQFX-E,HF
06FQGL-E,HF
06FQK8-E,HF
06FQNM-E,HF
06FRC3-E,HF
06FRCX-E,HF
06FRHG-E,HF
06FRJ7-E,HF
06FRJH-E,HF
06FRN2-E,HF
06FS7H-E,HF
06FSBG-E,HF
06FSCX-E,HF
06FSG7-E,HF
06FSGP-E,HF
06FSH7-E,HF
06FSJ5-E,HF
06FSK2-E,HF
06FSL4-E,HF
06FTDW-E,HF
06FTFS-E,HF
06FTFV-E,HF
06FTGJ-E,HF
06FTJS-E,HF
06FTL0-E,HF
06FTL6-E,HF
06FTMZ-E,HF
06FV63-E,HF
06FV7L-E,HF
06FV8J-E,HF
06FV9C-E,HF
06FV9Y-E,HF
06FVB5-E,HF
06FVC4-E,HF
06FVF2-E,HF
06FVF4-E,HF
06FVH7-E,HF
06FVJ2-E,HF
06FVJP-E,HF
06FVJR-E,HF
06FVLV-E,HF
06FVMD-E,HF
06FVMZ-E,HF
06FW7F-E,HF
06FW7W-E,HF
06FW9L-E,HF
06FWB2-E,HF
06FX4Q-E,HF
06FX5Y-E,HF
06FXF0-E,HF
06FXGH-E,HF
06FXHS-E,HF
06FXJ5-E,HF
06FY8H-E,HF
06FY93-E,HF
06FZZY-E,HF
06G00H-E,HF
06G00Z-E,HF
06G01X-E,HF
06G03J-E,HF
06G03S-E,HF
06G050-E,HF
06G061-E,HF
06G06W-E,HF
06G071-E,HF
06G078-E,HF
06G149-E,HF
06G170-E,HF
06G192-E,HF
06G1C4-E,HF
06G25Q-E,HF
06G296-E,HF
06G29J-E,HF
06G2CH-E,HF
06G2DB-E,HF
06G2DT-E,HF
06G36B-E,HF
06G36N-E,HF
06G37X-E,HF
06G3B0-E,HF
06G3BY-E,HF
06G3C7-E,HF
06G3F7-E,HF
06G41N-E,HF
06G41Q-E,HF
06G429-E,HF
06G43J-E,HF
06G43K-E,HF
06G44H-E,HF
06G44Z-E,HF
06G452-E,HF
06G45T-E,HF
06G46L-E,HF
06G475-E,HF
06G4W5-E,HF
06G51K-E,HF
06G547-E,HF
06G54P-E,HF
06G550-E,HF
06G5RX-E,HF
06G5Y5-E,HF
06G5ZF-E,HF
06G6MV-E,HF
06G6N1-E,HF
06G6NX-E,HF
06G6P4-E,HF
06G6P8-E,HF
06G6PY-E,HF
06G6QH-E,HF
06G6QV-E,HF
06G6RP-E,HF
06G6SC-E,HF
06G6SJ-E,HF
06G6SK-E,HF
06G6T9-E,HF
06G6VF-E,HF
06G7HP-E,HF
06G7JJ-E,HF
06G7JQ-E,HF
06G7KC-E,HF
06G7KQ-E,HF
06G7NF-E,HF
06G7PP-E,HF
06G7QJ-E,HF
06G7QL-E,HF
06G7RG-E,HF
06G7SJ-E,HF
06G8BQ-E,HF
06G8CG-E,HF
06G8CT-E,HF
06G8DH-E,HF
06G8FN-E,HF
06G8FQ-E,HF
06G8GP-E,HF
06G8GV-E,HF
06G8HB-E,HF
06G8HD-E,HF
06G8J7-E,HF
06G8JB-E,HF
06G8JN-E,HF
06G8JS-E,HF
06GBQC-E,HF
06GDSQ-E,HF
06GDWX-E,HF
06GF5Q-E,HF
06GFBL-E,HF
06GH1G-E,HF
06GL6L-E,HF
06GMDP-E,HF
06GMDQ-E,HF
06GMFC-E,HF
06GPR2-E,HF
06GTSX-E,HF
06GTVV-E,HF
06GTW4-E,HF
06GWLZ-E,HF
06H1G4-E,HF
06H2BJ-E,HF
06H2D7-E,HF
06H2G0-E,HF
06H2GX-E,HF
06H7WG-E,HF
06H7ZB-E,HF
06H84H-E,HF
06H95X-E,HF
06HCJC-E,HF
06HDQ8-E,HF
06HFJD-E,HF
06HFQ7-E,HF
06HJ0X-E,HF
06HKWC-E,HF
06HP6T-E,HF
06HP6W-E,HF
06HPY0-E,HF
06HR2W-E,HF
06HSWT-E,HF
06HTL0-E,HF
06HXVL-E,HF
06HYHD-E,HF
06HZ6P-E,HF
06HZ73-E,HF
06HZGZ-E,HF
06HZHB-E,HF
06HZRM-E,HF
06HZY0-E,HF
06J01L-E,HF
06J1LJ-E,HF
06J23V-E,HF
06J2G2-E,HF
06J2TD-E,HF
06J2WN-E,HF
06J2XM-E,HF
06J2YL-E,HF
06J31S-E,HF
06J340-E,HF
06J34T-E,HF
06J3MG-E,HF
06J3W8-E,HF
06J4M6-E,HF
06J4Y6-E,HF
06J5NL-E,HF
06J5SY-E,HF
06J5TM-E,HF
06J5V5-E,HF
06J5XW-E,HF
06J5YX-E,HF
06J5YZ-E,HF
06J605-E,HF
06J63N-E,HF
06J6XZ-E,HF
06J71W-E,HF
06J8WH-E,HF
06J8YK-E,HF
06J9PT-E,HF
06J9W8-E,HF
06JB7Z-E,HF
06JBCN-E,HF
06JC6S-E,HF
06JC86-E,HF
06JC8K-E,HF
06JCFR-E,HF
06JCHD-E,HF
06JF94-E,HF
06JFPB-E,HF
06JJNY-E,HF
06JLHN-E,HF
06JLSS-E,HF
06JLT9-E,HF
06JMLF-E,HF
06JMVD-E,HF
06JNYN-E,HF
06JPNL-E,HF
06JQHT-E,HF
06JQMD-E,HF
06JQNQ-E,HF
06JQQR-E,HF
06JR1S-E,HF
06JR1T-E,HF
06JR3V-E,HF
06JRHQ-E,HF
06JRM3-E,HF
06JRMW-E,HF
06JRTP-E,HF
06JSPR-E,HF
06JSSD-E,HF
06JSXC-E,HF
06JT7Z-E,HF
06JV7C-E,HF
06JXBB-E,HF
06JXYK-E,HF
06K1V3-E,HF
06K278-E,HF
06K2VZ-E,HF
06K2W3-E,HF
06K338-E,HF
06K3N1-E,HF
06K3SC-E,HF
06K3TH-E,HF
06K4Y1-E,HF
06K629-E,HF
06K62V-E,HF
06K7JG-E,HF
06K7KX-E,HF
06K7SY-E,HF
06K917-E,HF
06K960-E,HF
06KFMH-E,HF
06KGDM-E,HF
06KJ6H-E,HF
06KJBZ-E,HF
06KK4L-E,HF
06KMPY-E,HF
06KR04-E,HF
06KXZ8-E,HF
06KY7Y-E,HF
06L09B-E,HF
06L09F-E,HF
06L0D5-E,HF
06L0NB-E,HF
06L0XW-E,HF
06L2BM-E,HF
06L2YZ-E,HF
06L32G-E,HF
06L38R-E,HF
06L39S-E,HF
06L3DB-E,HF
06L3NS-E,HF
06L810-E,HF
06L96H-E,HF
06LB33-E,HF
06LBMS-E,HF
06LBWH-E,HF
06LBXL-E,HF
06LC2T-E,HF
06LDJF-E,HF
06LDLY-E,HF
06LF9H-E,HF
06LFR7-E,HF
06LGP1-E,HF
06LGRY-E,HF
06LGV7-E,HF
06LGVT-E,HF
06LGWN-E,HF
06LGX2-E,HF
06LGYM-E,HF
06LJ05-E,HF
06LJND-E,HF
06LJP0-E,HF
06LJQY-E,HF
06LJSW-E,HF
06LJYG-E,HF
06LK73-E,HF
06LL05-E,HF
06LL8B-E,HF
06LLQB-E,HF
06LPM1-E,HF
06LQF0-E,HF
06LRK3-E,HF
06LSCX-E,HF
06LT3B-E,HF
06LX9Z-E,HF
06LXRG-E,HF
06LXXB-E,HF
06LZML-E,HF
06M2FL-E,HF
06M342-E,HF
06M38P-E,HF
06M3BC-E,HF
06M6JV-E,HF
06M6ML-E,HF
06M7GN-E,HF
06M999-E,HF
06MBF8-E,HF
06MBJG-E,HF
06MBJV-E,HF
06MBWZ-E,HF
06MDV0-E,HF
06MDVX-E,HF
06MFWQ-E,HF
06MFXC-E,HF
06MGYB-E,HF
06MJ2W-E,HF
06MK4W-E,HF
06ML83-E,HF
06MMN1-E,HF
06MMPJ-E,HF
06MR33-E,HF
06MRM0-E,HF
06MTDS-E,HF
06MTFP-E,HF
06MTKS-E,HF
06MTRQ-E,HF
06MV87-E,HF
06MV96-E,HF
06MVJX-E,HF
06MVQ9-E,HF
06MWDJ-E,HF
06MWRY-E,HF
06MXB4-E,HF
06MYRW-E,HF
06N1WD-E,HF
06N1YX-E,HF
06N2GG-E,HF
06N2M6-E,HF
06N2ZM-E,HF
06N2ZS-E,HF
06N377-E,HF
06N4K3-E,HF
06N51C-E,HF
06N5L3-E,HF
06N5ZY-E,HF
06N604-E,HF
06N71X-E,HF
06N7BN-E,HF
06N7F6-E,HF
06N86C-E,HF
06N86F-E,HF
06N87K-E,HF
06N8G4-E,HF
06N8G5-E,HF
06N8LM-E,HF
06N9LN-E,HF
06NBVJ-E,HF
06NCF4-E,HF
06NCVP-E,HF
06ND23-E,HF
06ND5B-E,HF
06NDLY-E,HF
06NDRD-E,HF
06NFNW-E,HF
06NHPF-E,HF
06NHWQ-E,HF
06NK08-E,HF
06NP5M-E,HF
06NPTJ-E,HF
06NPTK-E,HF
06NQQG-E,HF
06NRJC-E,HF
06NRPQ-E,HF
06NSH6-E,HF
06NT57-E,HF
06NTSY-E,HF
06NXCR-E,HF
06NXTZ-E,HF
06NXVC-E,HF
06NXWC-E,HF
06NY9J-E,HF
06NY9K-E,HF
06NY9M-E,HF
06NY9N-E,HF
06NY9R-E,HF
06NYB1-E,HF
06NYBB-E,HF
06NYBF-E,HF
06NYFK-E,HF
06NYHW-E,HF
06NYKR-E,HF
06NYPD-E,HF
06P0GB-E,HF
06P3G7-E,HF
06P3J0-E,HF
06P4FQ-E,HF
06P4RN-E,HF
06P561-E,HF
06P5DT-E,HF
06P6QV-E,HF
06P6S2-E,HF
06P6TG-E,HF
06P7SV-E,HF
06P7VF-E,HF
06P7YY-E,HF
06P93S-E,HF
06PBDC-E,HF
06PBFD-E,HF
06PBFN-E,HF
06PBHZ-E,HF
06PBJ0-E,HF
06PBKV-E,HF
06PBP4-E,HF
06PCW9-E,HF
06PCX4-E,HF
06PCXT-E,HF
06PDSG-E,HF
06PF0Y-E,HF
06PF3D-E,HF
06PG2B-E,HF
06PGCJ-E,HF
06PGLW-E,HF
06PJQQ-E,HF
06PJTV-E,HF
06PJX7-E,HF
06PL0D-E,HF
06PMJ3-E,HF
06PMMN-E,HF
06PQD6-E,HF
06PRWL-E,HF
06PRZC-E,HF
06PVVJ-E,HF
06PVZW-E,HF
06PW2S-E,HF
06PX8N-E,HF
06Q025-E,HF
06Q02N-E,HF
06Q03B-E,HF
06Q04B-E,HF
06Q0BH-E,HF
06Q1HK-E,HF
06Q2T5-E,HF
06Q2Y1-E,HF
06Q32R-E,HF
06Q4J1-E,HF
06Q6TX-E,HF
06Q9DX-E,HF
06Q9GW-E,HF
06Q9M3-E,HF
06Q9PH-E,HF
06Q9XD-E,HF
06Q9XQ-E,HF
06QCC8-E,HF
06QCF9-E,HF
06QCH6-E,HF
06QFVZ-E,HF
06QH8P-E,HF
06QHLT-E,HF
06QJVS-E,HF
06QK2X-E,HF
06QK35-E,HF
06QK7N-E,HF
06QL8R-E,HF
06QLN0-E,HF
06QLPL-E,HF
06QMP9-E,HF
06QMPQ-E,HF
06QNT9-E,HF
06QP2N-E,HF
06QP5X-E,HF
06QP7V-E,HF
06QQHF-E,HF
06QQKM-E,HF
06QQSN-E,HF
06QQSS-E,HF
06QS0X-E,HF
06QS9Y-E,HF
06QT4H-E,HF
06QTJ8-E,HF
06QTT3-E,HF
06QXC1-E,HF
06QXGL-E,HF
06QY9Y-E,HF
06QZ0B-E,HF
06QZ16-E,HF
06QZ6N-E,HF
06QZ80-E,HF
06R0FF-E,HF
06R0FP-E,HF
06R0JN-E,HF
06R0K3-E,HF
06R0LB-E,HF
06R0N0-E,HF
06R0N2-E,HF
06R0NV-E,HF
06R0P4-E,HF
06R0Q6-E,HF
06R0QP-E,HF
06R1BC-E,HF
06R1DB-E,HF
06R1Z6-E,HF
06R1ZP-E,HF
06R213-E,HF
06R219-E,HF
06R21L-E,HF
06R24T-E,HF
06R253-E,HF
06R39D-E,HF
06R3GP-E,HF
06R3JY-E,HF
06R4RJ-E,HF
06R4Z5-E,HF
06R52M-E,HF
06R6S7-E,HF
06R6WS-E,HF
06R80P-E,HF
06R8GM-E,HF
06R93C-E,HF
06R9TB-E,HF
06R9TM-E,HF
06RC05-E,HF
06RH62-E,HF
06RHRT-E,HF
06RJJ9-E,HF
06RJLL-E,HF
06RK4B-E,HF
06RK4T-E,HF
06RK8Z-E,HF
06RK9H-E,HF
06RKCC-E,HF
06RLSJ-E,HF
06RM16-E,HF
06RNJW-E,HF
06RPJ5-E,HF
06RPNN-E,HF
06RSK9-E,HF
06RSNS-E,HF
06RSNY-E,HF
06RVVY-E,HF
06RXN6-E,HF
06RY33-E,HF
06RYQ9-E,HF
06RZ59-E,HF
06RZWF-E,HF
06S15D-E,HF
06S1B7-E,HF
06S2SC-E,HF
06S4YD-E,HF
06S4Z8-E,HF
06S50H-E,HF
06S50N-E,HF
06S54X-E,HF
06S765-E,HF
06S885-E,HF
06SB7B-E,HF
06SBFD-E,HF
06SD19-E,HF
06SDKZ-E,HF
06SDM3-E,HF
06SDMC-E,HF
06SFC1-E,HF
06SFX9-E,HF
06SG40-E,HF
06SHN3-E,HF
06SHPN-E,HF
06SN3L-E,HF
06SND5-E,HF
06SNGL-E,HF
06SNVD-E,HF
06SPL4-E,HF
06SPNJ-E,HF
06SPRZ-E,HF
06SPT8-E,HF
06SRH3-E,HF
06SSB7-E,HF
06SSBL-E,HF
06SSFS-E,HF
06SSGP-E,HF
06SSHD-E,HF
06SSQS-E,HF
06ST0B-E,HF
06SV7N-E,HF
06SW6P-E,HF
06SWSG-E,HF
06SWZY-E,HF
06SX31-E,HF
06SYK3-E,HF
06SYNF-E,HF
06T05Y-E,HF
06T084-E,HF
06T09T-E,HF
06T17L-E,HF
06T1FQ-E,HF
06T260-E,HF
06T268-E,HF
06T26S-E,HF
06T3SC-E,HF
06T56R-E,HF
06T6FC-E,HF
06T6QM-E,HF
06TGLH-E,HF
06TH28-E,HF
06TK46-E,HF
06TKG7-E,HF
06TLSG-E,HF
06TLT1-E,HF
06TM15-E,HF
06TMNK-E,HF
06TPRG-E,HF
06TQ43-E,HF
06TTN8-E,HF
06TTQ5-E,HF
06TWDK-E,HF
06TWG7-E,HF
06TY54-E,HF
06V17F-E,HF
06V1MM-E,HF
06V1QP-E,HF
06V2RZ-E,HF
06V330-E,HF
06V348-E,HF
06V4TZ-E,HF
06V52S-E,HF
06V5TK-E,HF
06V64R-E,HF
06V67Y-E,HF
06V7TV-E,HF
06V96H-E,HF
06V9K3-E,HF
06V9NQ-E,HF
06V9P8-E,HF
06VC24-E,HF
06VH82-E,HF
06VHC8-E,HF
06VHF4-E,HF
06VK8T-E,HF
06VNHM-E,HF
06VP6Q-E,HF
06VR0C-E,HF
06VSK4-E,HF
06VTHJ-E,HF
06VVX3-E,HF
06VWQJ-E,HF
06VXNW-E,HF
06W233-E,HF
06W28M-E,HF
06W4Q0-E,HF
06W65Z-E,HF
06W6CT-E,HF
06W6LN-E,HF
06W7HR-E,HF
06W8L3-E,HF
06W8LV-E,HF
06WBBC-E,HF
06WBD8-E,HF
06WDP5-E,HF
06WDVB-E,HF
06WDVD-E,HF
06WJW0-E,HF
06WK0C-E,HF
06WK47-E,HF
06WM5J-E,HF
06WNYB-E,HF
06WP2T-E,HF
06WQC4-E,HF
06WSM2-E,HF
06WSSP-E,HF
06WSTY-E,HF
06WVYL-E,HF
06WW1Z-E,HF
06WZBK-E,HF
06X382-E,HF
06X39Q-E,HF
06X3CD-E,HF
06X3F1-E,HF
06X75Y-E,HF
06X8B1-E,HF
06X9BW-E,HF
06X9JS-E,HF
06XC90-E,HF
06XCBM-E,HF
06XCC9-E,HF
06XD0L-E,HF
06XD1V-E,HF
06XF2C-E,HF
06XGYG-E,HF
06XJ93-E,HF
06XKS4-E,HF
06XLYP-E,HF
06XM2Q-E,HF
06XNDV-E,HF
06XNGP-E,HF
06XNKK-E,HF
06XPQM-E,HF
06XR8S-E,HF
06XR94-E,HF
06XSY7-E,HF
06XV1B-E,HF
06XVDW-E,HF
06XWQB-E,HF
06XY1G-E,HF
06XYCZ-E,HF
06XYP5-E,HF
06Y012-E,HF
06Y02T-E,HF
06Y250-E,HF
06Y548-E,HF
06Y5DT-E,HF
06Y5HH-E,HF
06Y5JG-E,HF
06Y5K6-E,HF
06Y5KN-E,HF
06Y6S4-E,HF
06Y6SC-E,HF
06Y7HN-E,HF
06Y8L9-E,HF
06YB09-E,HF
06YCHV-E,HF
06YCKX-E,HF
06YDJ3-E,HF
06YGK1-E,HF
06YGN2-E,HF
06YHBS-E,HF
06YHX8-E,HF
06YHYJ-E,HF
06YJ70-E,HF
06YJ7W-E,HF
06YJ8C-E,HF
06YL09-E,HF
06YMNN-E,HF
06YNXC-E,HF
06YP0Q-E,HF
06YQ82-E,HF
06YS9Y-E,HF
06YSD1-E,HF
06YSDZ-E,HF
06YTRS-E,HF
06YV02-E,HF
06YWDQ-E,HF
06YWGR-E,HF
06YWGY-E,HF
06YY2P-E,HF
06YZJK-E,HF
06YZNL-E,HF
06Z0ZS-E,HF
06Z1JV-E,HF
06Z35N-E,HF
06Z4PV-E,HF
06Z4RT-E,HF
06Z6HY-E,HF
06Z84X-E,HF
06Z8C1-E,HF
06ZB6X-E,HF
06ZB8S-E,HF
06ZBFD-E,HF
06ZCJ9-E,HF
06ZCXL-E,HF
06ZD2R-E,HF
06ZD2V-E,HF
06ZJ65-E,HF
06ZJ9Z-E,HF
06ZJB3-E,HF
06ZL17-E,HF
06ZL59-E,HF
06ZM70-E,HF
06ZMQB-E,HF
06ZPH4-E,HF
06ZPQG-E,HF
06ZS7G-E,HF
06ZT4M-E,HF
06ZV9Z-E,HF
06ZW14-E,HF
06ZXP1-E,HF
06ZZGK-E,HF
06ZZXD-E,HF
07004X-E,HF
07019H-E,HF
0704F0-E,HF
0706KJ-E,HF
0706LN-E,HF
070720-E,HF
0708MJ-E,HF
0708WG-E,HF
070BP8-E,HF
070BRY-E,HF
070C7X-E,HF
070CBH-E,HF
070CD2-E,HF
070FVH-E,HF
070HFH-E,HF
070HJB-E,HF
070PDL-E,HF
070R4W-E,HF
070R70-E,HF
070R82-E,HF
070RDV-E,HF
070RF6-E,HF
070RF8-E,HF
070W8G-E,HF
070WRL-E,HF
070WS8-E,HF
070WW3-E,HF
070X1X-E,HF
070X2P-E,HF
070ZDZ-E,HF
0711KH-E,HF
0713SG-E,HF
07149L-E,HF
0714CY-E,HF
0714FS-E,HF
071933-E,HF
07197Y-E,HF
071CC0-E,HF
071CC7-E,HF
071CFL-E,HF
071G5L-E,HF
071HDG-E,HF
071J68-E,HF
071JG3-E,HF
071L1Q-E,HF
071L2Q-E,HF
071L5C-E,HF
071LC6-E,HF
071MX2-E,HF
071N8G-E,HF
071P8W-E,HF
071QNV-E,HF
071RYN-E,HF
071RZY-E,HF
071S0M-E,HF
071S1S-E,HF
071VYD-E,HF
071WX3-E,HF
071XKH-E,HF
071XP2-E,HF
071ZM9-E,HF
0721Z4-E,HF
07221D-E,HF
07244N-E,HF
07249B-E,HF
0726QC-E,HF
0727T5-E,HF
0728GC-E,HF
0728GP-E,HF
0728KV-E,HF
072D86-E,HF
072D8M-E,HF
072DCN-E,HF
072DK1-E,HF
072DSP-E,HF
072GB4-E,HF
072GK5-E,HF
072H6M-E,HF
072HF3-E,HF
072HQ4-E,HF
072JSD-E,HF
072K1J-E,HF
072KHN-E,HF
072KPC-E,HF
072LS9-E,HF
072LVC-E,HF
072LWM-E,HF
072M59-E,HF
072M6V-E,HF
072NK6-E,HF
072NS6-E,HF
072S3Y-E,HF
072S5F-E,HF
072S80-E,HF
072S9P-E,HF
072SJV-E,HF
072THY-E,HF
072V9F-E,HF
072VC4-E,HF
072VDH-E,HF
072VDV-E,HF
072VS9-E,HF
072VTM-E,HF
072XV2-E,HF
072XVP-E,HF
072XWT-E,HF
072Y04-E,HF
072ZGG-E,HF
072ZPN-E,HF
072ZXM-E,HF
07300K-E,HF
07317C-E,HF
07318J-E,HF
0731ZD-E,HF
07321M-E,HF
0733X1-E,HF
0733XZ-E,HF
07340Z-E,HF
07352D-E,HF
07364S-E,HF
073861-E,HF
07387Z-E,HF
0739WW-E,HF
0739X0-E,HF
0739XC-E,HF
0739ZZ-E,HF
073CNW-E,HF
073CT1-E,HF
073HKS-E,HF
073HN6-E,HF
073HQQ-E,HF
073HSB-E,HF
073JY7-E,HF
073K0X-E,HF
073L50-E,HF
073LT2-E,HF
073NCY-E,HF
073NKT-E,HF
073NLD-E,HF
073NLL-E,HF
073S1X-E,HF
073STJ-E,HF
073VLD-E,HF
073WG0-E,HF
073WL9-E,HF
073XH0-E,HF
07402J-E,HF
0741TP-E,HF
0741TW-E,HF
0743C0-E,HF
074676-E,HF
0746BN-E,HF
0746Y7-E,HF
0748KK-E,HF
074B57-E,HF
074BF5-E,HF
074CP0-E,HF
074F2K-E,HF
074GKQ-E,HF
074GQV-E,HF
074GR7-E,HF
074GR9-E,HF
074J28-E,HF
074J58-E,HF
074J6K-E,HF
074J9H-E,HF
074KK8-E,HF
074KKR-E,HF
074M2C-E,HF
074MH4-E,HF
074MNC-E,HF
074MND-E,HF
074MNN-E,HF
074MQH-E,HF
074P83-E,HF
074QK5-E,HF
074QM0-E,HF
074QM5-E,HF
074QRB-E,HF
074QRT-E,HF
074S0F-E,HF
074S1J-E,HF
074S7Q-E,HF
074S8C-E,HF
074T9X-E,HF
074TTR-E,HF
074TYJ-E,HF
074VJW-E,HF
074VZF-E,HF
074W69-E,HF
074WBM-E,HF
074XQB-E,HF
074Z48-E,HF
074Z7J-E,HF
074ZG5-E,HF
074ZGH-E,HF
07515P-E,HF
0752FP-E,HF
0753FQ-E,HF
0753FY-E,HF
0753Q7-E,HF
0753WK-E,HF
075405-E,HF
075539-E,HF
07557B-E,HF
07557C-E,HF
07557G-E,HF
0756WR-E,HF
0758SW-E,HF
07594L-E,HF
075BNG-E,HF
075DM4-E,HF
075DYZ-E,HF
075DZM-E,HF
075G26-E,HF
075GK9-E,HF
075GLG-E,HF
075GLS-E,HF
075GT2-E,HF
075GVV-E,HF
075JJP-E,HF
075JN7-E,HF
075JS7-E,HF
075JTN-E,HF
075K1Q-E,HF
075K2P-E,HF
075K33-E,HF
075K36-E,HF
075LH5-E,HF
075LHR-E,HF
075LMF-E,HF
075LNW-E,HF
075NMB-E,HF
075NRN-E,HF
075NT7-E,HF
075QCJ-E,HF
075QFB-E,HF
075QSK-E,HF
075QTF-E,HF
075R09-E,HF
075R4P-E,HF
075RKL-E,HF
075RM4-E,HF
075RS0-E,HF
075RS3-E,HF
075RT2-E,HF
075RWB-E,HF
075RWW-E,HF
075RXJ-E,HF
075TYC-E,HF
075V05-E,HF
075V13-E,HF
075V51-E,HF
075V79-E,HF
075VJ0-E,HF
075WRQ-E,HF
075WVX-E,HF
075WWN-E,HF
075WYZ-E,HF
075X0V-E,HF
075X0X-E,HF
075X1F-E,HF
075X1G-E,HF
075YT4-E,HF
075ZB2-E,HF
075ZDR-E,HF
075ZG9-E,HF
075ZL1-E,HF
0760MQ-E,HF
0760NK-E,HF
0760SK-E,HF
0760Y4-E,HF
0760YY-E,HF
076109-E,HF
07611D-E,HF
07613R-E,HF
07614R-E,HF
07615N-E,HF
07615Z-E,HF
076168-E,HF
07618Z-E,HF
0761M5-E,HF
0761P8-E,HF
0761P9-E,HF
0761QG-E,HF
0761T2-E,HF
0761TW-E,HF
0761VD-E,HF
0761X8-E,HF
07621P-E,HF
076226-E,HF
07624G-E,HF
0762Z1-E,HF
07635R-E,HF
0763DJ-E,HF
0763W3-E,HF
0763XJ-E,HF
0763YG-E,HF
0763YZ-E,HF
0763ZR-E,HF
076438-E,HF
07643H-E,HF
07644F-E,HF
07644X-E,HF
07645W-E,HF
07646K-E,HF
076484-E,HF
076488-E,HF
0765NT-E,HF
0765QW-E,HF
07661Y-E,HF
07664D-E,HF
07665B-E,HF
07666V-E,HF
07666Z-E,HF
07667C-E,HF
07667F-E,HF
07667N-E,HF
07668Y-E,HF
07669G-E,HF
0766B4-E,HF
0766DG-E,HF
0766MW-E,HF
0767DB-E,HF
0767SD-E,HF
0767SN-E,HF
0767WT-E,HF
0767Y0-E,HF
0767YG-E,HF
0767ZJ-E,HF
0767ZL-E,HF
07680N-E,HF
076829-E,HF
076835-E,HF
076838-E,HF
0768BR-E,HF
07690F-E,HF
07691Z-E,HF
0769G3-E,HF
0769N8-E,HF
0769PL-E,HF
0769PN-E,HF
0769PV-E,HF
0769PZ-E,HF
076C1V-E,HF
076CDL-E,HF
076CF4-E,HF
076CG0-E,HF
076CHG-E,HF
076CJG-E,HF
076CKD-E,HF
076CNF-E,HF
076CPL-E,HF
076DS1-E,HF
076DSW-E,HF
076DZW-E,HF
076F0F-E,HF
076FM6-E,HF
076FPF-E,HF
076FTL-E,HF
076GWP-E,HF
076GX0-E,HF
076GYD-E,HF
076H0F-E,HF
076H7H-E,HF
076H7K-E,HF
076HHB-E,HF
076HHW-E,HF
076HK3-E,HF
076HKG-E,HF
076HPF-E,HF
076HPK-E,HF
076HQ1-E,HF
076HRN-E,HF
076HST-E,HF
076HT4-E,HF
076HTV-E,HF
076HWW-E,HF
076HY4-E,HF
076K3G-E,HF
076K5G-E,HF
076K5J-E,HF
076KGP-E,HF
076KKC-E,HF
076KKW-E,HF
076KL1-E,HF
076KLZ-E,HF
076KNF-E,HF
076KP7-E,HF
076KPD-E,HF
076KPS-E,HF
076KRH-E,HF
076KWG-E,HF
076KXF-E,HF
076MCJ-E,HF
076MD0-E,HF
076MGJ-E,HF
076MGM-E,HF
076MHJ-E,HF
076MKD-E,HF
076MM9-E,HF
076MN5-E,HF
076MPF-E,HF
076MRB-E,HF
076NRY-E,HF
076NWM-E,HF
076NYW-E,HF
076P39-E,HF
076P3F-E,HF
076P63-E,HF
076P9W-E,HF
076PB2-E,HF
076PBH-E,HF
076PF1-E,HF
076PH0-E,HF
076PHW-E,HF
076PQ4-E,HF
076QVB-E,HF
076R1L-E,HF
076R3T-E,HF
076R4W-E,HF
076R77-E,HF
076RB5-E,HF
076RCW-E,HF
076RD9-E,HF
076RFX-E,HF
076RH0-E,HF
076RHL-E,HF
076RTF-E,HF
076T2Z-E,HF
076TPM-E,HF
076V6S-E,HF
076V7K-E,HF
076V86-E,HF
076V94-E,HF
076WNT-E,HF
076WVC-E,HF
076Y7S-E,HF
076ZJW-E,HF
076ZZX-E,HF
07705K-E,HF
07707C-E,HF
0770B4-E,HF
0770NZ-E,HF
0771L1-E,HF
0772W2-E,HF
07739X-E,HF
0774V8-E,HF
07767Z-E,HF
0776BL-E,HF
0776J0-E,HF
0777G5-E,HF
0777LG-E,HF
0777ZY-E,HF
0779BK-E,HF
0779XZ-E,HF
077CF5-E,HF
077CNQ-E,HF
077CV1-E,HF
077F0H-E,HF
077F8L-E,HF
077GLV-E,HF
077GWP-E,HF
077GXR-E,HF
077JG5-E,HF
077JK7-E,HF
077LS1-E,HF
077LZK-E,HF
077M1N-E,HF
077M51-E,HF
077NC5-E,HF
077NCD-E,HF
077V4M-E,HF
077V51-E,HF
077XYS-E,HF
077Y0T-E,HF
077Y80-E,HF
0781T7-E,HF
0781VV-E,HF
0781WM-E,HF
0781XG-E,HF
0781Z5-E,HF
0783N0-E,HF
0783VJ-E,HF
07868S-E,HF
0786CG-E,HF
0786NT-E,HF
078742-E,HF
078753-E,HF
07875H-E,HF
0788J8-E,HF
0788P7-E,HF
0788TH-E,HF
0788TM-E,HF
0788W4-E,HF
078B7V-E,HF
078BFM-E,HF
078CY3-E,HF
078CYW-E,HF
078CZ0-E,HF
078F6T-E,HF
078FDJ-E,HF
078FDM-E,HF
078FH5-E,HF
078FHX-E,HF
078GY9-E,HF
078GZ9-E,HF
078H48-E,HF
078H4L-E,HF
078JP9-E,HF
078KH0-E,HF
078L7D-E,HF
078PG1-E,HF
078Q91-E,HF
078QB7-E,HF
078QXY-E,HF
078R3K-E,HF
078SHQ-E,HF
078SQL-E,HF
078SR8-E,HF
078SYM-E,HF
078TQK-E,HF
078V99-E,HF
078VJN-E,HF
078VR1-E,HF
078X6H-E,HF
078X6P-E,HF
078X8L-E,HF
078XD2-E,HF
078XG0-E,HF
078XH0-E,HF
078XH2-E,HF
078XHG-E,HF
078YHP-E,HF
078Z0M-E,HF
0790RP-E,HF
0790T4-E,HF
0790TK-E,HF
0790VC-E,HF
0790XT-E,HF
0790YS-E,HF
079104-E,HF
07910D-E,HF
07910J-E,HF
0792D8-E,HF
0792KL-E,HF
0795SR-E,HF
0795SZ-E,HF
079723-E,HF
07972K-E,HF
079755-E,HF
07976N-E,HF
079841-E,HF
07984S-E,HF
0798PS-E,HF
0798TS-E,HF
07991J-E,HF
079BKH-E,HF
079BP6-E,HF
079DF5-E,HF
079DJQ-E,HF
079DKW-E,HF
079G2Z-E,HF
079GXV-E,HF
079GZ6-E,HF
079HDN-E,HF
079HKL-E,HF
079JC0-E,HF
079JL5-E,HF
079K2P-E,HF
079K6T-E,HF
079LVS-E,HF
079LVX-E,HF
079NNH-E,HF
079V0B-E,HF
079V0S-E,HF
079V2N-E,HF
079V3H-E,HF
079V49-E,HF
079V5Q-E,HF
079WKM-E,HF
079WLL-E,HF
079WNR-E,HF
079Z6F-E,HF
079ZWW-E,HF
079ZXM-E,HF
07B00K-E,HF
07B1XV-E,HF
07B3D9-E,HF
07B4ZM-E,HF
07B56W-E,HF
07B59S-E,HF
07B700-E,HF
07B71W-E,HF
07B733-E,HF
07B8TH-E,HF
07B8W9-E,HF
07BB9R-E,HF
07BBFB-E,HF
07BD3Q-E,HF
07BFXT-E,HF
07BFYV-E,HF
07BG2F-E,HF
07BG3V-E,HF
07BHQW-E,HF
07BHV9-E,HF
07BJPH-E,HF
07BKBX-E,HF
07BM3W-E,HF
07BM5J-E,HF
07BNT4-E,HF
07BNY3-E,HF
07BNYR-E,HF
07BQ34-E,HF
07BQK2-E,HF
07BTTC-E,HF
07BW9H-E,HF
07BWB4-E,HF
07C2NB-E,HF
07C2QN-E,HF
07C2QW-E,HF
07C33D-E,HF
07C4NG-E,HF
07C4NH-E,HF
07C95F-E,HF
07C96S-E,HF
07CD74-E,HF
07CDD0-E,HF
07CFVF-E,HF
07CG72-E,HF
07CHXH-E,HF
07CHYZ-E,HF
07CJ0J-E,HF
07CJ0X-E,HF
07CM6X-E,HF
07CM7L-E,HF
07CM92-E,HF
07CQHN-E,HF
07CQJR-E,HF
07CQSQ-E,HF
07CRNJ-E,HF
07CS0V-E,HF
07CTSN-E,HF
07CTYH-E,HF
07CYP9-E,HF
07CYS2-E,HF
07CYY4-E,HF
07CZ2V-E,HF
07D0SZ-E,HF
07D2WQ-E,HF
07D32F-E,HF
07D5DP-E,HF
07D7CH-E,HF
07D99D-E,HF
07DJPR-E,HF
07DLZG-E,HF
07DM22-E,HF
07DP6T-E,HF
07DPG9-E,HF
07DRLN-E,HF
07DRVK-E,HF
07DTQZ-E,HF
07DTR4-E,HF
07DTXS-E,HF
07DWH5-E,HF
07DY6B-E,HF
07DYRW-E,HF
07DYXK-E,HF
07DYXP-E,HF
07F0VF-E,HF
07F2D5-E,HF
07F2KH-E,HF
07F48M-E,HF
07F4H8-E,HF
07F4VM-E,HF
07F56B-E,HF
07F8MP-E,HF
07F92Y-E,HF
07F98R-E,HF
07FDNG-E,HF
07FK98-E,HF
07FLX8-E,HF
07FNJR-E,HF
07FQ7D-E,HF
07FSTV-E,HF
07FTBZ-E,HF
07FTKX-E,HF
07FZB7-E,HF
07FZB8-E,HF
07G00Z-E,HF
07G1VV-E,HF
07G21F-E,HF
07G260-E,HF
07G3LP-E,HF
07G3SP-E,HF
07G40P-E,HF
07G4LP-E,HF
07G4SG-E,HF
07G5PM-E,HF
07G68D-E,HF
07G69F-E,HF
07G6CC-E,HF
07G6CT-E,HF
07G6DM-E,HF
07G6GN-E,HF
07G6JV-E,HF
07G6S6-E,HF
07G8H4-E,HF
07GCHP-E,HF
07GCJM-E,HF
07GCL7-E,HF
07GCPM-E,HF
07GCSN-E,HF
07GFDZ-E,HF
07GFFC-E,HF
07GGGT-E,HF
07GGNM-E,HF
07GGP2-E,HF
07GHT7-E,HF
07GHW2-E,HF
07GHYT-E,HF
07GK9K-E,HF
07GKMH-E,HF
07GLYN-E,HF
07GQXH-E,HF
07GR08-E,HF
07GRLY-E,HF
07GSYJ-E,HF
07GTC6-E,HF
07GTDS-E,HF
07GTFJ-E,HF
07GVW6-E,HF
07GW2M-E,HF
07GWV2-E,HF
07GXJ2-E,HF
07GXN5-E,HF
07GYMP-E,HF
07GZ5T-E,HF
07GZHZ-E,HF
07H1ZD-E,HF
07H28H-E,HF
07H37X-E,HF
07H39Q-E,HF
07H52S-E,HF
07H82P-E,HF
07H91C-E,HF
07H9DX-E,HF
07HGKK-E,HF
07HGRV-E,HF
07HJ8H-E,HF
07HL20-E,HF
07HMVR-E,HF
07HPGB-E,HF
07HQK3-E,HF
07HQPS-E,HF
07HQTL-E,HF
07HRGT-E,HF
07HRVN-E,HF
07HRXP-E,HF
07HTMH-E,HF
07HTNG-E,HF
07HTPJ-E,HF
07HTPY-E,HF
07HVG5-E,HF
07HVX6-E,HF
07HW7K-E,HF
07HWBS-E,HF
07HXNN-E,HF
07HXYG-E,HF
07HZX2-E,HF
07J06W-E,HF
07J1YR-E,HF
07J3F0-E,HF
07J7S7-E,HF
07JB0C-E,HF
07JGNG-E,HF
07JGP5-E,HF
07JKQQ-E,HF
07JL5J-E,HF
07JMB2-E,HF
07JNWG-E,HF
07JPH2-E,HF
07JQKT-E,HF
07JQSL-E,HF
07JQT9-E,HF
07JS2V-E,HF
07JVT3-E,HF
07JZ1J-E,HF
07K0CY-E,HF
07K234-E,HF
07K3W4-E,HF
07K4PR-E,HF
07K5BN-E,HF
07K69Z-E,HF
07K6CV-E,HF
07K94H-E,HF
07K95R-E,HF
07K997-E,HF
07KBVJ-E,HF
07KDF3-E,HF
07KFSH-E,HF
07KFW4-E,HF
07KFXB-E,HF
07KFZ4-E,HF
07KG01-E,HF
07KGYT-E,HF
07KLH9-E,HF
07KLNP-E,HF
07KN8K-E,HF
07KP5G-E,HF
07KQ74-E,HF
07KSXX-E,HF
07KTLW-E,HF
07KTMR-E,HF
07KYFR-E,HF
07L180-E,HF
07L4PX-E,HF
07L676-E,HF
07L83B-E,HF
07L9H9-E,HF
07L9HY-E,HF
07LC27-E,HF
07LDL3-E,HF
07LDR5-E,HF
07LDS8-E,HF
07LGBG-E,HF
07LHYS-E,HF
07LHZF-E,HF
07LJC6-E,HF
07LJJ5-E,HF
07LMH6-E,HF
07LML0-E,HF
07LP99-E,HF
07LS58-E,HF
07LV0B-E,HF
07LVX2-E,HF
07LX1Y-E,HF
07LX2Y-E,HF
07LY03-E,HF
07LY1J-E,HF
07LZFL-E,HF
07M0CT-E,HF
07M0CY-E,HF
07M1B4-E,HF
07M22M-E,HF
07M22N-E,HF
07M2DQ-E,HF
07M3DK-E,HF
07M58C-E,HF
07M5B1-E,HF
07M680-E,HF
07M6NV-E,HF
07M6QW-E,HF
07M82Q-E,HF
07M8F5-E,HF
07M8H1-E,HF
07M8P9-E,HF
07M995-E,HF
07M9KQ-E,HF
07MB24-E,HF
07MB28-E,HF
07MB2R-E,HF
07MDTV-E,HF
07MH90-E,HF
07MJNJ-E,HF
07MJSZ-E,HF
07MJTH-E,HF
07ML56-E,HF
07ML9M-E,HF
07MMNR-E,HF
07MP6P-E,HF
07MRS2-E,HF
07MSXT-E,HF
07MZFC-E,HF
07N12P-E,HF
07N3Q9-E,HF
07N4RQ-E,HF
07N4XB-E,HF
07N77T-E,HF
07N80L-E,HF
07N8JQ-E,HF
07NCGG-E,HF
07NCRX-E,HF
07NCT7-E,HF
07NF0G-E,HF
07NF15-E,HF
07NG6L-E,HF
07NHL2-E,HF
07NMKB-E,HF
07NQQL-E,HF
07NQT5-E,HF
07NR21-E,HF
07NSDR-E,HF
07NSF5-E,HF
07NSG6-E,HF
07NTB1-E,HF
07NTPF-E,HF
07NTRZ-E,HF
07NTSD-E,HF
07NVN3-E,HF
07NWSV-E,HF
07NXP2-E,HF
07NYFB-E,HF
07NYH5-E,HF
07NYJB-E,HF
07NYJC-E,HF
07NYK7-E,HF
07NYQJ-E,HF
07NYQX-E,HF
07NZM0-E,HF
07NZSN-E,HF
07P0XQ-E,HF
07P417-E,HF
07P45P-E,HF
07PGV5-E,HF
07PHWR-E,HF
07PHZ2-E,HF
07PHZQ-E,HF
07PLCX-E,HF
07PVJB-E,HF
07QDVK-E,HF
07QV53-E,HF
07QZ4B-E,HF
07RKV7-E,HF
07RM25-E,HF
07S85M-E,HF
07S94F-E,HF
07SM9R-E,HF
07SNGN-E,HF
07T989-E,HF
07TPV8-E,HF
07TVMF-E,HF
07TY5X-E,HF
07VFQK-E,HF
07VGVF-E,HF
07VW4V-E,HF
07VY2L-E,HF
07WD07-E,HF
07WHDC-E,HF
07WT32-E,HF
07WT44-E,HF
07WVX0-E,HF
07X3T1-E,HF
07X8TL-E,HF
07X9CL-E,HF
07X9CM-E,HF
07XT7H-E,HF
07YYRQ-E,HF
07YYV4-E,HF
07Z925-E,HF
07Z926-E,HF
07Z931-E,HF
07Z9BJ-E,HF
07Z9M9-E,HF
07ZB12-E,HF
07ZBCV-E,HF
07ZM5B-E,HF
07ZMG9-E,HF
07ZMGB-E,HF
07ZMRQ-E,HF
07ZMV5-E,HF
07ZNP4-E,HF
07ZNQY-E,HF
07ZNV6-E,HF
07ZP22-E,HF
07ZP52-E,HF
07ZP7F-E,HF
07ZP8P-E,HF
07ZRNM-E,HF
07ZS2V-E,HF
07ZS2Y-E,HF
07ZVB6-E,HF
07ZVFJ-E,HF
07ZXJC-E,HF
07ZXMW-E,HF
07ZXXZ-E,HF
08017L-E,HF
0801MF-E,HF
0806WM-E,HF
0806X3-E,HF
080DM3-E,HF
080DWW-E,HF
080DZV-E,HF
080FCX-E,HF
080QHB-E,HF
080QHV-E,HF
080QMK-E,HF
080QSG-E,HF
080WBQ-E,HF
080WF0-E,HF
080Y08-E,HF
080Y65-E,HF
080YR9-E,HF
0810PL-E,HF
0810QX-E,HF
08115S-E,HF
0812HX-E,HF
0812X4-E,HF
081368-E,HF
0814RT-E,HF
08169G-E,HF
0816F4-E,HF
0816GG-E,HF
0817MY-E,HF
0818Q1-E,HF
081C0W-E,HF
081C1P-E,HF
081C3P-E,HF
081DFX-E,HF
081DHB-E,HF
081DV1-E,HF
081J7K-E,HF
081JCX-E,HF
081JDT-E,HF
081JJK-E,HF
081L83-E,HF
081N72-E,HF
081N8K-E,HF
081NBC-E,HF
081NLM-E,HF
081PX3-E,HF
081Q4L-E,HF
081QD3-E,HF
081QJJ-E,HF
081QN1-E,HF
081S64-E,HF
081TVL-E,HF
081VRS-E,HF
081VZJ-E,HF
081W06-E,HF
081W53-E,HF
081WDJ-E,HF
081WHD-E,HF
081X7B-E,HF
081Z8V-E,HF
081ZN3-E,HF
081ZV8-E,HF
08218L-E,HF
08238W-E,HF
0823H4-E,HF
0824W0-E,HF
0828LX-E,HF
0828T6-E,HF
082BQS-E,HF
082GX9-E,HF
082HZ4-E,HF
082L2Z-E,HF
082TMP-E,HF
082XCL-E,HF
082XP5-E,HF
08333P-E,HF
0833P9-E,HF
0833V7-E,HF
0838HW-E,HF
083P7K-E,HF
083R90-E,HF
083S81-E,HF
084998-E,HF
084CQ9-E,HF
084CYD-E,HF
084K1V-E,HF
084XRW-E,HF
0851L4-E,HF
0862Q7-E,HF
0862TP-E,HF
086CHS-E,HF
086D0J-E,HF
086DMQ-E,HF
086NH7-E,HF
086T7S-E,HF
086TBX-E,HF
086X32-E,HF
086X5T-E,HF
086Y9X-E,HF
08719J-E,HF
0871QW-E,HF
087FX9-E,HF
087L1W-E,HF
087LFH-E,HF
087Q6H-E,HF
087W73-E,HF
08804W-E,HF
0880M4-E,HF
088103-E,HF
08810P-E,HF
08810S-E,HF
08810W-E,HF
088285-E,HF
08856F-E,HF
08878N-E,HF
0887QN-E,HF
0888WM-E,HF
088G6X-E,HF
088GGG-E,HF
088JW4-E,HF
088S2D-E,HF
088SJ2-E,HF
088Z2M-E,HF
088Z81-E,HF
0897WG-E,HF
0897WP-E,HF
089JPF-E,HF
089MZY-E,HF
089NW7-E,HF
089W7L-E,HF
089Z5B-E,HF
08B18R-E,HF
08B245-E,HF
08B2DL-E,HF
08B53W-E,HF
08B6V1-E,HF
08B7C1-E,HF
08BJ0Z-E,HF
08BJ65-E,HF
08BJJ7-E,HF
08BPGN-E,HF
08BPH7-E,HF
08BPHX-E,HF
08BPJD-E,HF
08BR3G-E,HF
08BS3D-E,HF
08BSP5-E,HF
08BV88-E,HF
08BWQ4-E,HF
08C05N-E,HF
08C2RZ-E,HF
08C82F-E,HF
08CH79-E,HF
08D11X-E,HF
08D1H6-E,HF
08DF15-E,HF
08FC1H-E,HF
08FD53-E,HF
08FHH5-E,HF
08G04D-E,HF
08G10L-E,HF
08H4DT-E,HF
08H4JK-E,HF
08HG0C-E,HF
08XM77-E,HF
08XX8S-E,HF
094N24-E,HF
094N3M-E,HF
094N9N-E,HF
094NB6-E,HF
094NBY-E,HF
094RHD-E,HF
094RL2-E,HF
094WRG-E,HF
0951BL-E,HF
0954PJ-E,HF
0957TQ-E,HF
09582K-E,HF
095C6H-E,HF
095HWL-E,HF
097PRS-E,HF
097X26-E,HF
09BMN8-E,HF
09G8QK-E,HF
09GR71-E,HF
09GV46-E,HF
09H1HT-E,HF
09H1J3-E,HF
09H63S-E,HF
09H99Z-E,HF
09H9M4-E,HF
09HB8M-E,HF
09HFYV-E,HF
09HK56-E,HF
09HK7F-E,HF
09J0M4-E,HF
09J3KZ-E,HF
09J8VC-E,HF
09JGXK-E,HF
09JKX5-E,HF
09JPJJ-E,HF
09JSRP-E,HF
09JWVV-E,HF
09KBX1-E,HF
09KFKF-E,HF
09KFL4-E,HF
09KHMX-E,HF
09KRJV-E,HF
09L28J-E,HF
09L7PS-E,HF
09LF2Y-E,HF
09LGHB-E,HF
09LGJJ-E,HF
09LMB7-E,HF
09LQNJ-E,HF
09LRZR-E,HF
09M08B-E,HF
09M3MS-E,HF
09M7N1-E,HF
09MDYR-E,HF
09MTBF-E,HF
09N063-E,HF
09N3HL-E,HF
09N7R4-E,HF
09NGGM-E,HF
09NGGS-E,HF
09NJGM-E,HF
09NK0C-E,HF
09NLCG-E,HF
09NLXB-E,HF
09NMX6-E,HF
09NS5L-E,HF
09NVC8-E,HF
09NXFS-E,HF
09NXFY-E,HF
09P0KZ-E,HF
09P1XG-E,HF
09P2M3-E,HF
09P3YB-E,HF
09P47G-E,HF
09P4CT-E,HF
09P678-E,HF
09P6BC-E,HF
09P6FY-E,HF
09PBT9-E,HF
09PMFC-E,HF
09PNG3-E,HF
09PNZ6-E,HF
09PQQK-E,HF
09PRN4-E,HF
09PRSV-E,HF
09PST4-E,HF
09PTHZ-E,HF
09PYV9-E,HF
09PZ7Y-E,HF
09PZSN-E,HF
09Q11K-E,HF
09Q2HN-E,HF
09Q3J5-E,HF
09Q4YP-E,HF
09Q60D-E,HF
09Q7LF-E,HF
09Q8NR-E,HF
09Q940-E,HF
09QBZN-E,HF
09QCGP-E,HF
09QG8B-E,HF
09QH1W-E,HF
09R0LJ-E,HF
09RFC9-E,HF
09RGFL-E,HF
09RHRC-E,HF
09S0LL-E,HF
09S0MW-E,HF
09S2GQ-E,HF
09S3GD-E,HF
09S657-E,HF
09S686-E,HF
09S6DH-E,HF
09S81B-E,HF
09S8PL-E,HF
09S9SB-E,HF
09SBZJ-E,HF
09SCX6-E,HF
09SD3Q-E,HF
09SFMX-E,HF
09SGN1-E,HF
09SJ0H-E,HF
09SM4J-E,HF
09SM8X-E,HF
09SMC3-E,HF
09SMCN-E,HF
09SP4V-E,HF
09SPKH-E,HF
09SPMS-E,HF
09SPT7-E,HF
09SS82-E,HF
09SVHT-E,HF
09SW7B-E,HF
09SW8C-E,HF
09SYPY-E,HF
09SYTW-E,HF
09SZZM-E,HF
09T4YV-E,HF
09T507-E,HF
09TCCH-E,HF
09TWWG-E,HF
09TWYD-E,HF
09TZJ8-E,HF
09TZYL-E,HF
09V54N-E,HF
09VP2C-E,HF
09VV2G-E,HF
09W06F-E,HF
09W112-E,HF
09W175-E,HF
09W189-E,HF
09W4HK-E,HF
09W4JX-E,HF
09W4Q4-E,HF
09WJMM-E,HF
09X0SP-E,HF
09X0VG-E,HF
09X11B-E,HF
09X7JJ-E,HF
09X8H2-E,HF
09XW52-E,HF
09Y5L7-E,HF
09Y7JW-E,HF
09Y7L4-E,HF
09Y7WB-E,HF
09Y9XL-E,HF
09YD71-E,HF
09YDJM-E,HF
09YNNW-E,HF
09YSR8-E,HF
09Z0QM-E,HF
09Z4VS-E,HF
09Z602-E,HF
09Z715-E,HF
09Z93N-E,HF
09Z980-E,HF
09Z9ZV-E,HF
09ZD0R-E,HF
09ZF8X-E,HF
09ZH4J-E,HF
09ZL0C-E,HF
09ZMDD-E,HF
09ZNBB-E,HF
09ZQ2B-E,HF
09ZQ2W-E,HF
09ZTCK-E,HF
09ZTCW-E,HF
09ZTFT-E,HF
09ZTTF-E,HF
09ZZQC-E,HF
09ZZRH-E,HF
0B015B-E,HF
0B07WF-E,HF
0B0GCT-E,HF
0B0S0Y-E,HF
0B0WKF-E,HF
0B0YLN-E,HF
0B0ZDQ-E,HF
0B0ZHV-E,HF
0B0ZHX-E,HF
0B0ZK7-E,HF
0B0ZP1-E,HF
0B11QF-E,HF
0B159S-E,HF
0B15FM-E,HF
0B18HD-E,HF
0B1CM3-E,HF
0B1G8L-E,HF
0B1H54-E,HF
0B1H56-E,HF
0B1LPD-E,HF
0B1RGL-E,HF
0B1V22-E,HF
0B23CL-E,HF
0B278X-E,HF
0B2C16-E,HF
0B2F8Q-E,HF
0B2J8G-E,HF
0B2JL3-E,HF
0B2JNQ-E,HF
0B2JRY-E,HF
0B2M1H-E,HF
0B2MVZ-E,HF
0B2QDL-E,HF
0B2QFT-E,HF
0B2VV0-E,HF
0B2W6W-E,HF
0B2ZWX-E,HF
0B33R3-E,HF
0B33TG-E,HF
0B33TT-E,HF
0B3BCD-E,HF
0B3CQ7-E,HF
0B3L4X-E,HF
0B3PDW-E,HF
0B3PMD-E,HF
0B3RZD-E,HF
0B3T7V-E,HF
0B3X40-E,HF
0B40W6-E,HF
0B41C2-E,HF
0B479N-E,HF
0B48BW-E,HF
0B49MN-E,HF
0B4DY7-E,HF
0B4F6D-E,HF
0B4JS4-E,HF
0B4M7F-E,HF
0B546Z-E,HF
0B56R9-E,HF
0B5B7V-E,HF
0B5SDX-E,HF
0B5WTG-E,HF
0B5WY8-E,HF
0B5X12-E,HF
0B61N6-E,HF
0B65G6-E,HF
0B65RN-E,HF
0B6B7N-E,HF
0B6LG4-E,HF
0B6R2T-E,HF
0B6TPH-E,HF
0B6Y9Y-E,HF
0B6YC1-E,HF
0B6YDF-E,HF
0B6YDP-E,HF
0B6YF7-E,HF
0B6YFL-E,HF
0B6YMV-E,HF
0B716L-E,HF
0B7JYN-E,HF
0B7KMZ-E,HF
0B7NCX-E,HF
0B7VK9-E,HF
0B7ZJV-E,HF
0B7ZK0-E,HF
0B7ZQ4-E,HF
0B7ZQL-E,HF
0B7ZRS-E,HF
0B7ZTZ-E,HF
0B82T4-E,HF
0B87B2-E,HF
0B87N2-E,HF
0B8CPW-E,HF
0B8HNJ-E,HF
0B8J78-E,HF
0B8JFF-E,HF
0B8NCR-E,HF
0B8SDS-E,HF
0B8XKF-E,HF
0B906T-E,HF
0B95DL-E,HF
0B95F0-E,HF
0B99NB-E,HF
0B9KZ9-E,HF
0B9YSB-E,HF
0BB1HF-E,HF
0BB6Z3-E,HF
0BB7CH-E,HF
0BB7J3-E,HF
0BBCD9-E,HF
0BBH6H-E,HF
0BBQMD-E,HF
0BBQQ1-E,HF
0BBQR2-E,HF
0BBT4X-E,HF
0BBVPF-E,HF
0BBY4D-E,HF
0BBY6P-E,HF
0BBYD5-E,HF
0BBYXP-E,HF
0BC07Y-E,HF
0BC222-E,HF
0BC39B-E,HF
0BC3TG-E,HF
0BC4TS-E,HF
0BC4TV-E,HF
0BCB9S-E,HF
0BCHCC-E,HF
0BCHJ9-E,HF
0BCHR1-E,HF
0BCM5D-E,HF
0BCRPZ-E,HF
0BCTFP-E,HF
0BCTNT-E,HF
0BD9Q6-E,HF
0BDGK5-E,HF
0BDGV8-E,HF
0BDJSV-E,HF
0BDK9K-E,HF
0BDK9R-E,HF
0BDYWR-E,HF
0BF4WX-E,HF
0BF553-E,HF
0BF5C7-E,HF
0BFBK3-E,HF
0BFG6Y-E,HF
0BFMQG-E,HF
0BFMQK-E,HF
0BFR9P-E,HF
0BFVC6-E,HF
0BFVJK-E,HF
0BFVR7-E,HF
0BG133-E,HF
0BG13D-E,HF
0BG4VG-E,HF
0BG58Q-E,HF
0BG59V-E,HF
0BG96V-E,HF
0BGB17-E,HF
0BGG4V-E,HF
0BGM94-E,HF
0BGS2L-E,HF
0BGWDH-E,HF
0BGXBH-E,HF
0BH1ZN-E,HF
0BH2MY-E,HF
0BHCV7-E,HF
0BHPRQ-E,HF
0BHPSY-E,HF
0BHPVF-E,HF
0BHVKN-E,HF
0BJ3CZ-E,HF
0BJ5BJ-E,HF
0BJB0R-E,HF
0BJRKF-E,HF
0BJX4P-E,HF
0BK1F1-E,HF
0BK1HY-E,HF
0BK1JK-E,HF
0BK5D1-E,HF
0BK5F7-E,HF
0BK5GP-E,HF
0BK77T-E,HF
0BKHMW-E,HF
0BKHN2-E,HF
0BKKSM-E,HF
0BKL9T-E,HF
0BKLCG-E,HF
0BKPLM-E,HF
0BKPSK-E,HF
0BKPSL-E,HF
0BKRJ3-E,HF
0BKTGV-E,HF
0BKTLN-E,HF
0BKTNQ-E,HF
0BKWNV-E,HF
0BKYY3-E,HF
0BKZ3B-E,HF
0BKZ51-E,HF
0BKZ5J-E,HF
0BL1VC-E,HF
0BL1VM-E,HF
0BL1Z3-E,HF
0BL4FN-E,HF
0BL6KR-E,HF
0BL82G-E,HF
0BLBQC-E,HF
0BLC3X-E,HF
0BLGWV-E,HF
0BM1KY-E,HF
0BM3WJ-E,HF
0BM5DD-E,HF
0BM7VG-E,HF
0BM8P8-E,HF
0BM8W5-E,HF
0BM8WQ-E,HF
0BM8X1-E,HF
0BMJN6-E,HF
0BMK5H-E,HF
0BMK92-E,HF
0BMK9C-E,HF
0BMKB1-E,HF
0BMNJT-E,HF
0BMR8S-E,HF
0BMX0L-E,HF
0BMX3D-E,HF
0BMX4W-E,HF
0BN14Q-E,HF
0BN1FQ-E,HF
0BN1H4-E,HF
0BN4J8-E,HF
0BN96S-E,HF
0BNBY1-E,HF
0BND01-E,HF
0BNDV5-E,HF
0BNF18-E,HF
0BNJKR-E,HF
0BNJPB-E,HF
0BNK6Y-E,HF
0BNK71-E,HF
0BNQ7D-E,HF
0BNRQB-E,HF
0BP0BH-E,HF
0BP0M0-E,HF
0BP57Q-E,HF
0BPFSL-E,HF
0BPFWJ-E,HF
0BPK7V-E,HF
0BPKDZ-E,HF
0BPP76-E,HF
0BPRS1-E,HF
0BPRXT-E,HF
0BPSYW-E,HF
0BPWPM-E,HF
0BPXCB-E,HF
0BQ14L-E,HF
0BQ16F-E,HF
0BQ44C-E,HF
0BQ49K-E,HF
0BQ4FJ-E,HF
0BQ4GQ-E,HF
0BQ4W1-E,HF
0BQCDH-E,HF
0BQHBQ-E,HF
0BQLMM-E,HF
0BQM7D-E,HF
0BQQR2-E,HF
0BQWF6-E,HF
0BQZ98-E,HF
0BR0K2-E,HF
0BR2LC-E,HF
0BR454-E,HF
0BR4CF-E,HF
0BRBLP-E,HF
0BRBRT-E,HF
0BRD3Q-E,HF
0BRHK6-E,HF
0BRHKF-E,HF
0BRKVP-E,HF
0BRLQL-E,HF
0BRLZ0-E,HF
0BRM5B-E,HF
0BRPW9-E,HF
0BRR3Y-E,HF
0BRTHF-E,HF
0BRTS6-E,HF
0BRYHS-E,HF
0BRYVR-E,HF
0BRZ22-E,HF
0BSMW3-E,HF
0BSP3C-E,HF
0BSP7Y-E,HF
0BSPGC-E,HF
0BSPHL-E,HF
0BSTBR-E,HF
0BSX63-E,HF
0BT22Z-E,HF
0BT29K-E,HF
0BT2BL-E,HF
0BTCV6-E,HF
0BTNQH-E,HF
0BTSRZ-E,HF
0BV15B-E,HF
0BVDYB-E,HF
0BVF0B-E,HF
0BVT4J-E,HF
0BVT4M-E,HF
0BVX4T-E,HF
0BW8N6-E,HF
0BW8P3-E,HF
0BW8P4-E,HF
0BWHP9-E,HF
0BWMC9-E,HF
0BWP53-E,HF
0BWQ05-E,HF
0BWSQX-E,HF
0BWT48-E,HF
0BWYJ5-E,HF
0BX0TZ-E,HF
0BX5ZD-E,HF
0BX8SL-E,HF
0BXM11-E,HF
0BXVGH-E,HF
0BXVN0-E,HF
0BXVV1-E,HF
0BXYVL-E,HF
0BY9FG-E,HF
0BYDCW-E,HF
0BYDTT-E,HF
0BYJNB-E,HF
0BYMW2-E,HF
0BYQR2-E,HF
0BYYNL-E,HF
0BYYQ3-E,HF
0BZ403-E,HF
0BZ4MV-E,HF
0BZ56S-E,HF
0BZ6B9-E,HF
0BZF26-E,HF
0BZK6G-E,HF
0BZPCB-E,HF
0BZQ8D-E,HF
0BZQPF-E,HF
0BZQW4-E,HF
0BZSR4-E,HF
0BZXHR-E,HF
0BZXKW-E,HF
0BZXMB-E,HF
0BZXMJ-E,HF
0BZXQN-E,HF
0BZXT8-E,HF
0C000J-E,HF
0C00FG-E,HF
0C00WQ-E,HF
0C04SS-E,HF
0C072Z-E,HF
0C08J3-E,HF
0C0DB4-E,HF
0C0GQS-E,HF
0C0H1T-E,HF
0C0HJY-E,HF
0C0HK4-E,HF
0C0QXS-E,HF
0C0RL9-E,HF
0C0W1M-E,HF
0C12R2-E,HF
0C17MY-E,HF
0C17NN-E,HF
0C17TK-E,HF
0C19YB-E,HF
0C1B5W-E,HF
0C1CF8-E,HF
0C1CVJ-E,HF
0C1FCS-E,HF
0C1FP9-E,HF
0C1GLJ-E,HF
0C1LRY-E,HF
0C1PFP-E,HF
0C1R4Y-E,HF
0C1VHH-E,HF
0C1WXQ-E,HF
0C25Z3-E,HF
0C2BCS-E,HF
0C2DQT-E,HF
0C2F03-E,HF
0C2F3G-E,HF
0C2FM4-E,HF
0C2FYZ-E,HF
0C2K1R-E,HF
0C2MB6-E,HF
0C2R48-E,HF
0C2SQ0-E,HF
0C2W36-E,HF
0C2W4X-E,HF
0C2WH5-E,HF
0C2WHL-E,HF
0C2YPG-E,HF
0C2YTZ-E,HF
0C33QJ-E,HF
0C33ZJ-E,HF
0C35HS-E,HF
0C35WT-E,HF
0C35X3-E,HF
0C368K-E,HF
0C385N-E,HF
0C38NZ-E,HF
0C38YW-E,HF
0C396D-E,HF
0C3CK3-E,HF
0C3CN5-E,HF
0C3DGV-E,HF
0C3DH4-E,HF
0C3H54-E,HF
0C3H99-E,HF
0C3HB8-E,HF
0C3KJ7-E,HF
0C3LQ3-E,HF
0C3LRS-E,HF
0C3NJN-E,HF
0C3P7W-E,HF
0C3S0V-E,HF
0C3VZW-E,HF
0C3W4H-E,HF
0C3WV1-E,HF
0C422H-E,HF
0C438C-E,HF
0C46LK-E,HF
0C4GVP-E,HF
0C4H4Y-E,HF
0C4J10-E,HF
0C4KB4-E,HF
0C4LCF-E,HF
0C4LFP-E,HF
0C4P6S-E,HF
0C4SQ0-E,HF
0C4Y76-E,HF
0C4YBD-E,HF
0C4YHZ-E,HF
0C4Z0T-E,HF
0C4Z21-E,HF
0C51GB-E,HF
0C528Q-E,HF
0C52KL-E,HF
0C550G-E,HF
0C55JZ-E,HF
0C57JK-E,HF
0C58K8-E,HF
0C5GY7-E,HF
0C5MT2-E,HF
0C5QYX-E,HF
0C5QZP-E,HF
0C5TQ7-E,HF
0C5WHL-E,HF
0C5X0G-E,HF
0C5ZL7-E,HF
0C5ZM4-E,HF
0C651W-E,HF
0C67JR-E,HF
0C67JY-E,HF
0C67N0-E,HF
0C67Q5-E,HF
0C6923-E,HF
0C6B6Z-E,HF
0C6B9N-E,HF
0C6CDX-E,HF
0C6CFZ-E,HF
0C6CJW-E,HF
0C6FNP-E,HF
0C6G8W-E,HF
0C6GQL-E,HF
0C6J0K-E,HF
0C6KP1-E,HF
0C6KP6-E,HF
0C6M6N-E,HF
0C6MDH-E,HF
0C6SHS-E,HF
0C6SKL-E,HF
0C6SQG-E,HF
0C6T7M-E,HF
0C6TC0-E,HF
0C6VT5-E,HF
0C6VWP-E,HF
0C6XZR-E,HF
0C6YC3-E,HF
0C6YJJ-E,HF
0C719G-E,HF
0C71LH-E,HF
0C744D-E,HF
0C74BX-E,HF
0C76Z7-E,HF
0C77BR-E,HF
0C77DC-E,HF
0C79TJ-E,HF
0C7CSQ-E,HF
0C7FN4-E,HF
0C7FNX-E,HF
0C7G2V-E,HF
0C7G7G-E,HF
0C7J47-E,HF
0C7KN6-E,HF
0C7L71-E,HF
0C7MZF-E,HF
0C7NKH-E,HF
0C7PW1-E,HF
0C7Q2T-E,HF
0C7Q6T-E,HF
0C7Q9Y-E,HF
0C7RM3-E,HF
0C7RR7-E,HF
0C7T03-E,HF
0C7WLH-E,HF
0C7WTQ-E,HF
0C7ZHX-E,HF
0C7ZKL-E,HF
0C81KV-E,HF
0C8562-E,HF
0C85N5-E,HF
0C85N6-E,HF
0C87JT-E,HF
0C8C2M-E,HF
0C8C67-E,HF
0C8C8F-E,HF
0C8G2G-E,HF
0C8G8G-E,HF
0C8JJX-E,HF
0C8JXD-E,HF
0C8K3Z-E,HF
0C8KPD-E,HF
0C8LX5-E,HF
0C8P1T-E,HF
0C8Q8F-E,HF
0C8VFZ-E,HF
0C8W3G-E,HF
0C8W72-E,HF
0C8W8C-E,HF
0C8XV7-E,HF
0C8YLC-E,HF
0C8YMY-E,HF
0C8Z3W-E,HF
0C8Z72-E,HF
0C92P5-E,HF
0C9343-E,HF
0C947G-E,HF
0C9488-E,HF
0C94YD-E,HF
0C95PW-E,HF
0C96QH-E,HF
0C9716-E,HF
0C97ZN-E,HF
0C983C-E,HF
0C984V-E,HF
0C988X-E,HF
0C98BD-E,HF
0C98FN-E,HF
0C999H-E,HF
0C99JM-E,HF
0C99KT-E,HF
0C99SR-E,HF
0C9B00-E,HF
0C9B2N-E,HF
0C9B59-E,HF
0C9B73-E,HF
0C9B7C-E,HF
0C9B99-E,HF
0C9BCL-E,HF
0C9BDW-E,HF
0C9BF7-E,HF
0C9BJB-E,HF
0C9F89-E,HF
0C9HCX-E,HF
0C9J2T-E,HF
0C9JM6-E,HF
0C9JVW-E,HF
0C9KBB-E,HF
0C9KG7-E,HF
0C9M8Y-E,HF
0C9SK1-E,HF
0C9SW9-E,HF
0C9TDY-E,HF
0C9VYS-E,HF
0C9WCM-E,HF
0C9WD9-E,HF
0CB0HZ-E,HF
0CB2GC-E,HF
0CB2J7-E,HF
0CB6K8-E,HF
0CB6MQ-E,HF
0CB6NG-E,HF
0CB6NK-E,HF
0CB6S1-E,HF
0CB97W-E,HF
0CB9D0-E,HF
0CBD7P-E,HF
0CBD7R-E,HF
0CBGHH-E,HF
0CBGYX-E,HF
0CBJMD-E,HF
0CBJNJ-E,HF
0CBJNZ-E,HF
0CBJQW-E,HF
0CBMHR-E,HF
0CBMSQ-E,HF
0CBMVL-E,HF
0CBQFX-E,HF
0CBQLV-E,HF
0CBQMT-E,HF
0CBRW4-E,HF
0CBRWW-E,HF
0CBVHK-E,HF
0CBXNR-E,HF
0CC2B3-E,HF
0CC811-E,HF
0CCBJF-E,HF
0CCBRJ-E,HF
0CCBSN-E,HF
0CCFP6-E,HF
0CCFRD-E,HF
0CCG2R-E,HF
0CCJ6J-E,HF
0CCL96-E,HF
0CCP6M-E,HF
0CCRT4-E,HF
0CCTCP-E,HF
0CCVDG-E,HF
0CD3LG-E,HF
0CD4N6-E,HF
0CD6PZ-E,HF
0CD6SX-E,HF
0CD76C-E,HF
0CD8N1-E,HF
0CD9VQ-E,HF
0CDGH4-E,HF
0CDJKQ-E,HF
0CDJWL-E,HF
0CDNJP-E,HF
0CDRYW-E,HF
0CDTTP-E,HF
0CDX2T-E,HF
0CF05Q-E,HF
0CF346-E,HF
0CFF8Z-E,HF
0CFFFS-E,HF
0CFFNR-E,HF
0CFFPF-E,HF
0CFFPR-E,HF
0CFFQ4-E,HF
0CFFQ5-E,HF
0CFFS0-E,HF
0CFG6R-E,HF
0CFHJY-E,HF
0CFJ8F-E,HF
0CFJH5-E,HF
0CFJH6-E,HF
0CFJJ3-E,HF
0CFJJ6-E,HF
0CFK8H-E,HF
0CFKX8-E,HF
0CFM3Q-E,HF
0CFM4H-E,HF
0CFM4L-E,HF
0CFM4S-E,HF
0CFM58-E,HF
0CFMT1-E,HF
0CFPBL-E,HF
0CFPC2-E,HF
0CFPJ5-E,HF
0CFPJD-E,HF
0CFPK7-E,HF
0CFRV4-E,HF
0CFRVD-E,HF
0CFRVY-E,HF
0CFRWR-E,HF
0CFRWV-E,HF
0CFRX7-E,HF
0CFRXF-E,HF
0CFRY0-E,HF
0CFS1W-E,HF
0CFV5R-E,HF
0CFVCN-E,HF
0CFWHM-E,HF
0CFWHN-E,HF
0CFX7V-E,HF
0CFXJL-E,HF
0CFXMP-E,HF
0CFYYN-E,HF
0CG0MV-E,HF
0CG34L-E,HF
0CG5RK-E,HF
0CG5TT-E,HF
0CGBKK-E,HF
0CGBKV-E,HF
0CGJJ1-E,HF
0CGM6G-E,HF
0CGPY0-E,HF
0CGSJY-E,HF
0CGSVQ-E,HF
0CGW6M-E,HF
0CGW7M-E,HF
0CGWJ5-E,HF
0CGZ7Z-E,HF
0CGZ8Y-E,HF
0CH1DK-E,HF
0CH1V0-E,HF
0CH20R-E,HF
0CH5RK-E,HF
0CH7DV-E,HF
0CH7GM-E,HF
0CH7JD-E,HF
0CH7K2-E,HF
0CHF5F-E,HF
0CHJZD-E,HF
0CHK4F-E,HF
0CHLX3-E,HF
0CHNK2-E,HF
0CHPWY-E,HF
0CHWB5-E,HF
0CHYD0-E,HF
0CHYFQ-E,HF
0CHYKX-E,HF
0CHYMF-E,HF
0CHYR3-E,HF
0CHYSR-E,HF
0CHYTN-E,HF
0CHYYH-E,HF
0CJ0GC-E,HF
0CJ0YD-E,HF
0CJ22P-E,HF
0CJ2T1-E,HF
0CJ46B-E,HF
0CJ70L-E,HF
0CJ74W-E,HF
0CJC07-E,HF
0CJHR7-E,HF
0CJK9L-E,HF
0CJMJK-E,HF
0CJP06-E,HF
0CJVF4-E,HF
0CJWVK-E,HF
0CJXHR-E,HF
0CJZ86-E,HF
0CK1QN-E,HF
0CK1T4-E,HF
0CK264-E,HF
0CK3DF-E,HF
0CK3HY-E,HF
0CK3RL-E,HF
0CK40B-E,HF
0CK7TD-E,HF
0CK80Q-E,HF
0CK9HZ-E,HF
0CK9T7-E,HF
0CKBGQ-E,HF
0CKBJ0-E,HF
0CKFW5-E,HF
0CKG2F-E,HF
0CKGF5-E,HF
0CKMGF-E,HF
0CKQFV-E,HF
0CKQKJ-E,HF
0CKQMC-E,HF
0CKQS6-E,HF
0CKTR7-E,HF
0CKWG2-E,HF
0CKZ9W-E,HF
0CL3RD-E,HF
0CL627-E,HF
0CL7CS-E,HF
0CL7J6-E,HF
0CL81B-E,HF
0CL85G-E,HF
0CLB9Q-E,HF
0CLBFD-E,HF
0CLDSL-E,HF
0CLG18-E,HF
0CLKXD-E,HF
0CLQ1V-E,HF
0CLQ69-E,HF
0CLS9D-E,HF
0CLSDS-E,HF
0CLVRN-E,HF
0CLVRY-E,HF
0CLZ6Q-E,HF
0CM888-E,HF
0CM9VP-E,HF
0CMFNH-E,HF
0CMJ11-E,HF
0CMJ30-E,HF
0CMT5V-E,HF
0CN2JT-E,HF
0CN2KP-E,HF
0CNCMQ-E,HF
0CNG7Y-E,HF
0CNPMB-E,HF
0CP05Q-E,HF
0CP2TC-E,HF
0CP6TG-E,HF
0CPFB7-E,HF
0CPHG7-E,HF
0CPHJW-E,HF
0CPHSV-E,HF
0CPKLN-E,HF
0CPNFY-E,HF
0CPNLB-E,HF
0CPNMH-E,HF
0CPQGM-E,HF
0CPQL3-E,HF
0CPS9F-E,HF
0CPV4D-E,HF
0CPV5H-E,HF
0CPVJW-E,HF
0CPWHN-E,HF
0CPX3J-E,HF
0CPX42-E,HF
0CPX54-E,HF
0CQ0BY-E,HF
0CQ0NT-E,HF
0CQ34Y-E,HF
0CQ5W5-E,HF
0CQ6ZV-E,HF
0CQ7YT-E,HF
0CQ9FD-E,HF
0CQF5G-E,HF
0CQGD2-E,HF
0CQMG4-E,HF
0CQN1C-E,HF
0CQNB9-E,HF
0CQQYP-E,HF
0CQR8Q-E,HF
0CQR9J-E,HF
0CQV2Z-E,HF
0CQV61-E,HF
0CQWT7-E,HF
0CQXQ4-E,HF
0CR02T-E,HF
0CR0YC-E,HF
0CR1HK-E,HF
0CR267-E,HF
0CR53P-E,HF
0CR71F-E,HF
0CR76X-E,HF
0CR7HK-E,HF
0CR7M9-E,HF
0CR7NP-E,HF
0CR97Z-E,HF
0CRBRG-E,HF
0CRDHH-E,HF
0CRDVQ-E,HF
0CRHSD-E,HF
0CRKGB-E,HF
0CRKTX-E,HF
0CRKV0-E,HF
0CRLJV-E,HF
0CRRSX-E,HF
0CRTCC-E,HF
0CRV22-E,HF
0CRVMT-E,HF
0CRZF2-E,HF
0CS1TK-E,HF
0CS6NQ-E,HF
0CS8Z9-E,HF
0CS90D-E,HF
0CSCG6-E,HF
0CSCH4-E,HF
0CSDRP-E,HF
0CSJL7-E,HF
0CSJPM-E,HF
0CSKC6-E,HF
0CSKNT-E,HF
0CSSLN-E,HF
0CSWV1-E,HF
0CSXXF-E,HF
0CT008-E,HF
0CT0NG-E,HF
0CT1P4-E,HF
0CT1WT-E,HF
0CT33T-E,HF
0CT36Q-E,HF
0CT3N4-E,HF
0CT5VB-E,HF
0CTB5D-E,HF
0CTG0T-E,HF
0CTH2H-E,HF
0CTL73-E,HF
0CTLP6-E,HF
0CTM4W-E,HF
0CTNX3-E,HF
0CTP8T-E,HF
0CTP9Q-E,HF
0CTQKD-E,HF
0CTRBX-E,HF
0CTS26-E,HF
0CV14D-E,HF
0CV16L-E,HF
0CV1F2-E,HF
0CV244-E,HF
0CV2BR-E,HF
0CV362-E,HF
0CV3XR-E,HF
0CV42S-E,HF
0CV4DJ-E,HF
0CV4ZZ-E,HF
0CV6FP-E,HF
0CV6N7-E,HF
0CV78L-E,HF
0CV8ZV-E,HF
0CVC9C-E,HF
0CVHQ3-E,HF
0CVHT5-E,HF
0CVKJP-E,HF
0CVNK1-E,HF
0CVQZZ-E,HF
0CVRY7-E,HF
0CVSHF-E,HF
0CVSZS-E,HF
0CVWBB-E,HF
0CVX8C-E,HF
0CVXK6-E,HF
0CW0WG-E,HF
0CW1YR-E,HF
0CW25L-E,HF
0CW2RW-E,HF
0CW73N-E,HF
0CW7GX-E,HF
0CW85B-E,HF
0CW875-E,HF
0CW92P-E,HF
0CW99V-E,HF
0CWD3S-E,HF
0CWFNF-E,HF
0CWJBF-E,HF
0CWKDL-E,HF
0CWLXN-E,HF
0CWM98-E,HF
0CWN32-E,HF
0CWQYR-E,HF
0CWTM4-E,HF
0CWVKV-E,HF
0CWX66-E,HF
0CWXPS-E,HF
0CWY3H-E,HF
0CWZQG-E,HF
0CX0GC-E,HF
0CX0KX-E,HF
0CX0LK-E,HF
0CX21R-E,HF
0CX4QY-E,HF
0CX61T-E,HF
0CX8WY-E,HF
0CX9H8-E,HF
0CXJ7X-E,HF
0CXJRX-E,HF
0CXLJK-E,HF
0CXLVP-E,HF
0CXMQ7-E,HF
0CXP5V-E,HF
0CXSQ6-E,HF
0CXT03-E,HF
0CXV6P-E,HF
0CXVB5-E,HF
0CXW0S-E,HF
0CXWKW-E,HF
0CY2CH-E,HF
0CY2Q9-E,HF
0CY2VP-E,HF
0CY34C-E,HF
0CY37V-E,HF
0CY7Z3-E,HF
0CY9DS-E,HF
0CY9J5-E,HF
0CYCM8-E,HF
0CYGP6-E,HF
0CYHXJ-E,HF
0CYKJY-E,HF
0CYN10-E,HF
0CYNJY-E,HF
0CYQ2W-E,HF
0CYR7W-E,HF
0CYS9D-E,HF
0CYT5Y-E,HF
0CYT8T-E,HF
0CYTV4-E,HF
0CYVVG-E,HF
0CZ54L-E,HF
0CZ5F5-E,HF
0CZ7KJ-E,HF
0CZ8LR-E,HF
0CZBZM-E,HF
0CZFH6-E,HF
0CZKL1-E,HF
0CZKZK-E,HF
0CZNGR-E,HF
0CZPRT-E,HF
0CZQDM-E,HF
0CZR1K-E,HF
0CZS1X-E,HF
0CZW5P-E,HF
0D02PL-E,HF
0D0DDN-E,HF
0D0F33-E,HF
0D0JW7-E,HF
0D0KRP-E,HF
0D0MQM-E,HF
0D0MWX-E,HF
0D13ZR-E,HF
0D140K-E,HF
0D18YD-E,HF
0D1DJ7-E,HF
0D1XLM-E,HF
0D24V0-E,HF
0D2CSQ-E,HF
0D2L9X-E,HF
0D2M62-E,HF
0D2MF7-E,HF
0D2NBZ-E,HF
0D2Q7V-E,HF
0D2QP2-E,HF
0D2T0N-E,HF
0D2T8C-E,HF
0D2W9Q-E,HF
0D2XMS-E,HF
0D2XYP-E,HF
0D2ZQJ-E,HF
0D311C-E,HF
0D34HT-E,HF
0D34JJ-E,HF
0D397C-E,HF
0D39H9-E,HF
0D3B71-E,HF
0D3BXZ-E,HF
0D3C0H-E,HF
0D3CHG-E,HF
0D3J5S-E,HF
0D3J84-E,HF
0D3P98-E,HF
0D3S1Z-E,HF
0D3YF5-E,HF
0D3YNL-E,HF
0D40T7-E,HF
0D40V3-E,HF
0D42ZJ-E,HF
0D44TK-E,HF
0D4516-E,HF
0D4BZ5-E,HF
0D4C9Y-E,HF
0D4CCQ-E,HF
0D4F92-E,HF
0D4G1K-E,HF
0D4KMV-E,HF
0D4P81-E,HF
0D4P8J-E,HF
0D4QFL-E,HF
0D4QPJ-E,HF
0D4SKX-E,HF
0D4VJN-E,HF
0D4W3J-E,HF
0D51TH-E,HF
0D57W9-E,HF
0D5FXR-E,HF
0D5G7H-E,HF
0D5GSW-E,HF
0D5N6F-E,HF
0D5N8T-E,HF
0D5Q0R-E,HF
0D5RXG-E,HF
0D5TNF-E,HF
0D5X20-E,HF
0D5Z50-E,HF
0D5ZTF-E,HF
0D60Y0-E,HF
0D63G8-E,HF
0D63X5-E,HF
0D6445-E,HF
0D65WB-E,HF
0D6655-E,HF
0D69DP-E,HF
0D6F62-E,HF
0D6M5Z-E,HF
0D6P61-E,HF
0D6PCG-E,HF
0D6TV0-E,HF
0D6TW3-E,HF
0D6VK9-E,HF
0D6VL7-E,HF
0D6VPS-E,HF
0D6WYF-E,HF
0D6XTK-E,HF
0D72K5-E,HF
0D736F-E,HF
0D74CM-E,HF
0D74DX-E,HF
0D7CV8-E,HF
0D7D3S-E,HF
0D7DFH-E,HF
0D7HP6-E,HF
0D7L9V-E,HF
0D7MZC-E,HF
0D7PRC-E,HF
0D7RQL-E,HF
0D7RSM-E,HF
0D7RX7-E,HF
0D7TTY-E,HF
0D7VDK-E,HF
0D7WTX-E,HF
0D7WV9-E,HF
0D7WW7-E,HF
0D7YQQ-E,HF
0D7YQX-E,HF
0D82LB-E,HF
0D84GS-E,HF
0D851F-E,HF
0D86W9-E,HF
0D8CJ9-E,HF
0D8CVP-E,HF
0D8CVV-E,HF
0D8CZM-E,HF
0D8FLK-E,HF
0D8HB6-E,HF
0D8KKF-E,HF
0D8KLT-E,HF
0D8NVP-E,HF
0D8QRZ-E,HF
0D8SX5-E,HF
0D8T12-E,HF
0D8T1Y-E,HF
0D8WDB-E,HF
0D8ZZJ-E,HF
0D920R-E,HF
0D927V-E,HF
0D94N0-E,HF
0D95BM-E,HF
0D98TD-E,HF
0D9BNJ-E,HF
0D9BPG-E,HF
0D9H1N-E,HF
0D9HJ1-E,HF
0D9JF6-E,HF
0D9JWC-E,HF
0D9RSW-E,HF
0D9V67-E,HF
0D9VK3-E,HF
0D9VKG-E,HF
0D9Y8L-E,HF
0D9Z6Y-E,HF
0D9ZF7-E,HF
0DB6KL-E,HF
0DBFN1-E,HF
0DBG59-E,HF
0DBHJX-E,HF
0DBKMN-E,HF
0DBQ03-E,HF
0DBQ29-E,HF
0DBZPH-E,HF
0DBZQZ-E,HF
0DC4J0-E,HF
0DC62J-E,HF
0DCC6R-E,HF
0DCFB4-E,HF
0DCH8Z-E,HF
0DCKDX-E,HF
0DCKS5-E,HF
0DCL07-E,HF
0DCVTB-E,HF
0DCW39-E,HF
0DD9NR-E,HF
0DD9QT-E,HF
0DD9V2-E,HF
0DDB2M-E,HF
0DDB4W-E,HF
0DDB58-E,HF
0DDCKK-E,HF
0DDGB6-E,HF
0DDGDW-E,HF
0DDL1G-E,HF
0DDL82-E,HF
0DDNFR-E,HF
0DDRX5-E,HF
0DDT7W-E,HF
0DDVJM-E,HF
0DDX47-E,HF
0DDXJ6-E,HF
0DDXJR-E,HF
0DDZ1K-E,HF
0DDZBH-E,HF
0DF07Y-E,HF
0DF0D2-E,HF
0DF0JX-E,HF
0DF0NT-E,HF
0DF1QL-E,HF
0DF1WP-E,HF
0DF1WW-E,HF
0DF27P-E,HF
0DF2GS-E,HF
0DF2QB-E,HF
0DF37V-E,HF
0DF3X9-E,HF
0DF763-E,HF
0DFBV0-E,HF
0DFDSC-E,HF
0DFGQD-E,HF
0DFGRT-E,HF
0DFJNV-E,HF
0DFK55-E,HF
0DFMY6-E,HF
0DFPXQ-E,HF
0DFRWM-E,HF
0DFRXQ-E,HF
0DFWGT-E,HF
0DFXHM-E,HF
0DFYQ6-E,HF
0DG29L-E,HF
0DGF2K-E,HF
0DGFFT-E,HF
0DGFJ8-E,HF
0DGG0S-E,HF
0DGKFB-E,HF
0DGQPX-E,HF
0DGWQ3-E,HF
0DH163-E,HF
0DH16Y-E,HF
0DH18H-E,HF
0DH2SK-E,HF
0DH3CY-E,HF
0DH3Z6-E,HF
0DH422-E,HF
0DH5SG-E,HF
0DH6G8-E,HF
0DH8SC-E,HF
0DHJY1-E,HF
0DHMB4-E,HF
0DHPM7-E,HF
0DHPYH-E,HF
0DHT19-E,HF
0DJH6S-E,HF
0DJNPX-E,HF
0DJVNF-E,HF
0DK4C2-E,HF
0DKCRB-E,HF
0DKFSD-E,HF
0DKGY0-E,HF
0DKHYH-E,HF
0DKJC7-E,HF
0DKM9K-E,HF
0DKXBD-E,HF
0DL23J-E,HF
0DL4F5-E,HF
0DL6N9-E,HF
0DL8PJ-E,HF
0DL94W-E,HF
0DL95K-E,HF
0DL9GN-E,HF
0DL9NP-E,HF
0DL9V2-E,HF
0DL9WD-E,HF
0DLBF5-E,HF
0DLBFG-E,HF
0DLBFJ-E,HF
0DLBLC-E,HF
0DLBMZ-E,HF
0DLBNX-E,HF
0DLBTJ-E,HF
0DLBV9-E,HF
0DLBW7-E,HF
0DLBWL-E,HF
0DLBWY-E,HF
0DLC3Z-E,HF
0DLC64-E,HF
0DLDB0-E,HF
0DLDDH-E,HF
0DLDH8-E,HF
0DLDLY-E,HF
0DLDNG-E,HF
0DLDQX-E,HF
0DLDWR-E,HF
0DLDYC-E,HF
0DLF2C-E,HF
0DLF2X-E,HF
0DLG20-E,HF
0DLG28-E,HF
0DLG38-E,HF
0DLGGH-E,HF
0DLGH8-E,HF
0DLGRP-E,HF
0DLGXN-E,HF
0DLH8Y-E,HF
0DLHFJ-E,HF
0DLJDB-E,HF
0DLJF4-E,HF
0DLJS8-E,HF
0DLS0V-E,HF
0DM69G-E,HF
0DM7TY-E,HF
0DMC3K-E,HF
0DMF7Y-E,HF
0DMFPM-E,HF
0DMGTZ-E,HF
0DMHLG-E,HF
0DMLR4-E,HF
0DMLRH-E,HF
0DMNZJ-E,HF
0DMPC3-E,HF
0DMR4C-E,HF
0DMXN2-E,HF
0DMZG6-E,HF
0DN90G-E,HF
0DNBZ2-E,HF
0DNFYP-E,HF
0DNKV6-E,HF
0DNN2R-E,HF
0DNN38-E,HF
0DP3QZ-E,HF
0DPB7M-E,HF
0DPC4C-E,HF
0DPKJ5-E,HF
0DPSGV-E,HF
0DPVN9-E,HF
0DPVPJ-E,HF
0DPZGM-E,HF
0DQ064-E,HF
0DQ068-E,HF
0DQ08M-E,HF
0DQ09D-E,HF
0DQ0B4-E,HF
0DQ0HH-E,HF
0DQ0Z5-E,HF
0DQ3F7-E,HF
0DQ3SV-E,HF
0DQ8BC-E,HF
0DQJ5J-E,HF
0DQLFS-E,HF
0DQXRL-E,HF
0DR000-E,HF
0DR3G7-E,HF
0DR4XJ-E,HF
0DR6QX-E,HF
0DR6RX-E,HF
0DRBY0-E,HF
0DRGJ3-E,HF
0DRJLD-E,HF
0DRM24-E,HF
0DRQD4-E,HF
0DRR9G-E,HF
0DRXGH-E,HF
0DRZ8T-E,HF
0DS9XT-E,HF
0DSGM6-E,HF
0DSKLP-E,HF
0DSQJR-E,HF
0DSQQG-E,HF
0DSVTH-E,HF
0DSVVS-E,HF
0DSYT3-E,HF
0DSYV3-E,HF
0DT7H5-E,HF
0DTB74-E,HF
0DTJ6K-E,HF
0DTJFZ-E,HF
0DTMJG-E,HF
0DTMRQ-E,HF
0DTR4W-E,HF
0DTRZ3-E,HF
0DTTSQ-E,HF
0DTV5J-E,HF
0DTWNC-E,HF
0DTYS9-E,HF
0DTZDT-E,HF
0DV1TM-E,HF
0DV36X-E,HF
0DV738-E,HF
0DV797-E,HF
0DV7DB-E,HF
0DV7G7-E,HF
0DVFTP-E,HF
0DVFVB-E,HF
0DVFWG-E,HF
0DVLHQ-E,HF
0DVZ0X-E,HF
0DW3GD-E,HF
0DWK8B-E,HF
0DWKXT-E,HF
0DX2HB-E,HF
0DX2HL-E,HF
0DX2HX-E,HF
0DX2KF-E,HF
0DX2L7-E,HF
0DX2MY-E,HF
0DX51Q-E,HF
0DXMLM-E,HF
0DXPPX-E,HF
0DY130-E,HF
0DY1GP-E,HF
0DY1H1-E,HF
0DY1H2-E,HF
0DY1H9-E,HF
0DY1K4-E,HF
0DY2HX-E,HF
0DYBF3-E,HF
0DYDJR-E,HF
0DYKB2-E,HF
0DYW0V-E,HF
0DZ16B-E,HF
0DZ6W3-E,HF
0DZ7YS-E,HF
0DZ7Z6-E,HF
0DZ7ZV-E,HF
0DZ80K-E,HF
0DZ81B-E,HF
0DZ81F-E,HF
0DZL2G-E,HF
0DZWJF-E,HF
0F0934-E,HF
0F0949-E,HF
0F0N8J-E,HF
0F0PH0-E,HF
0F0YWQ-E,HF
0F0ZF1-E,HF
0F10HR-E,HF
0F1926-E,HF
0F1CZF-E,HF
0F1FNQ-E,HF
0F1N74-E,HF
0F1W42-E,HF
0F1W43-E,HF
0F21M3-E,HF
0F248R-E,HF
0F275Y-E,HF
0F60LS-E,HF
0F914C-E,HF
0F98L6-E,HF
0F9934-E,HF
0F99SJ-E,HF
0F9GSH-E,HF
0FB1V5-E,HF
0FB2TH-E,HF
0FB32B-E,HF
0FB5SK-E,HF
0FB6JQ-E,HF
0FB9C3-E,HF
0FBC7G-E,HF
0FBMPB-E,HF
0FBNTV-E,HF
0FBS7H-E,HF
0FC6H1-E,HF
0FC6J4-E,HF
0FCBZR-E,HF
0FCNZ5-E,HF
0FCP7M-E,HF
0FCZCD-E,HF
0FD0VB-E,HF
0FD20V-E,HF
0FDDTQ-E,HF
0FDFBW-E,HF
0FF2T2-E,HF
0FFGYW-E,HF
0FFKLT-E,HF
0FFSHH-E,HF
0FGGRM-E,HF
0FGNH9-E,HF
0FGQ80-E,HF
0FH12C-E,HF
0FH7T1-E,HF
0FH8RB-E,HF
0FHXBD-E,HF
0FJ0LS-E,HF
0FJ2BT-E,HF
0FJ3HH-E,HF
0FJ86G-E,HF
0FJCQC-E,HF
0FJGPP-E,HF
0FJGX1-E,HF
0FJJYG-E,HF
0FJKS3-E,HF
0FJVXQ-E,HF
0FJWF8-E,HF
0FJWG8-E,HF
0FJWKS-E,HF
0FJWQ5-E,HF
0FJWV5-E,HF
0FJWXW-E,HF
0FJWYQ-E,HF
0FJWZ2-E,HF
0FJX90-E,HF
0FJXHN-E,HF
0FJXJD-E,HF
0FJYSX-E,HF
0FJZ43-E,HF
0FJZG8-E,HF
0FJZYH-E,HF
0FK1SL-E,HF
0FK84Q-E,HF
0FKCCK-E,HF
0FKKT3-E,HF
0FKP7Y-E,HF
0FKR4G-E,HF
0FKV5Y-E,HF
0FL5G8-E,HF
0FL5H1-E,HF
0FLK24-E,HF
0FLMYQ-E,HF
0FLNGX-E,HF
0FLRQ6-E,HF
0FLST1-E,HF
0FLTPR-E,HF
0FM2PJ-E,HF
0FM6H2-E,HF
0FMB7C-E,HF
0FMDPG-E,HF
0FMDT6-E,HF
0FMDZJ-E,HF
0FMWFD-E,HF
0FMZ0Q-E,HF
0FN0TK-E,HF
0FN5XL-E,HF
0FN61F-E,HF
0FNN0Y-E,HF
0FNT77-E,HF
0FNZWR-E,HF
0FQ4Y8-E,HF
0FQ74D-E,HF
0FQ75K-E,HF
0FQVX4-E,HF
0FQYQC-E,HF
0FQZCH-E,HF
0FR0Q7-E,HF
0FR7GX-E,HF
0FR7KG-E,HF
0FRP7H-E,HF
0FRSLB-E,HF
0FS1QN-E,HF
0FSBYM-E,HF
0FTGSF-E,HF
0FTL79-E,HF
0FTP23-E,HF
0FTQY3-E,HF
0FTYCH-E,HF
0FV180-E,HF
0FV2WC-E,HF
0FV7K3-E,HF
0FVF3V-E,HF
0FVRTL-E,HF
0FVY22-E,HF
0FW06V-E,HF
0FW5F8-E,HF
0FW5X1-E,HF
0FW6GC-E,HF
0FW8W5-E,HF
0FWCVG-E,HF
0FWR1Y-E,HF
0FWR3G-E,HF
0FWWDY-E,HF
0FX0NL-E,HF
0FX310-E,HF
0FX7MD-E,HF
0FXJTS-E,HF
0FXSK2-E,HF
0FXT3F-E,HF
0FXVMZ-E,HF
0FXWRQ-E,HF
0FXX2X-E,HF
0FY3Q8-E,HF
0FY672-E,HF
0FY6PK-E,HF
0FYJ6L-E,HF
0FYLYX-E,HF
0FYR9H-E,HF
0FYS8L-E,HF
0FYWN4-E,HF
0FYZP5-E,HF
0FZ3D5-E,HF
0FZ678-E,HF
0FZFX1-E,HF
0FZTW5-E,HF
0G028H-E,HF
0G04PP-E,HF
0G04PQ-E,HF
0G07HF-E,HF
0G07MZ-E,HF
0G07Z7-E,HF
0G0L0N-E,HF
0G0N0Z-E,HF
0G15HV-E,HF
0G1HF0-E,HF
0G22LR-E,HF
0G239N-E,HF
0G27VT-E,HF
0G27WY-E,HF
0G2DGP-E,HF
0G2DKF-E,HF
0G2DKY-E,HF
0G2DLB-E,HF
0G2H4Z-E,HF
0G2MTH-E,HF
0G2PNL-E,HF
0G2W7S-E,HF
0G378R-E,HF
0G3790-E,HF
0G3B4N-E,HF
0G4MQ7-E,HF
0G4N35-E,HF
0G4WDM-E,HF
0G4WJB-E,HF
0G4YCD-E,HF
0G55VL-E,HF
0G564K-E,HF
0G56HQ-E,HF
0G56L6-E,HF
0G599X-E,HF
0G59M5-E,HF
0G5FSR-E,HF
0G5FZY-E,HF
0G5PYQ-E,HF
0G5QJY-E,HF
0G5QKT-E,HF
0G5T82-E,HF
0G5TGD-E,HF
0G5TGX-E,HF
0G601J-E,HF
0G61V5-E,HF
0G62BW-E,HF
0G62ZG-E,HF
0G64RX-E,HF
0G657X-E,HF
0G65M0-E,HF
0G65PT-E,HF
0G67ZV-E,HF
0G6873-E,HF
0G69SN-E,HF
0G6BBB-E,HF
0G6GJW-E,HF
0G6GV5-E,HF
0G6H0W-E,HF
0G6JPN-E,HF
0G6JVQ-E,HF
0G6JW8-E,HF
0G6MHL-E,HF
0G6SGC-E,HF
0G744W-E,HF
0G7756-E,HF
0G7L9L-E,HF
0G7PBY-E,HF
0G7S92-E,HF
0G8JZC-E,HF
0G8QP9-E,HF
0G8ZSP-E,HF
0G99GY-E,HF
0G9TWH-E,HF
0G9TYG-E,HF
0G9VCS-E,HF
0G9Y9M-E,HF
0G9YB3-E,HF
0G9YSY-E,HF
0GB4JZ-E,HF
0GBGKW-E,HF
0GBL08-E,HF
0GBNJK-E,HF
0GBWNX-E,HF
0GC0MD-E,HF
0GC3D1-E,HF
0GCB6M-E,HF
0GCB9G-E,HF
0GCFXS-E,HF
0GCNS6-E,HF
0GCW46-E,HF
0GCW49-E,HF
0GCW50-E,HF
0GCW6G-E,HF
0GCW6Z-E,HF
0GD1SM-E,HF
0GD43B-E,HF
0GD6S3-E,HF
0GD745-E,HF
0GD775-E,HF
0GDJ98-E,HF
0GDTHM-E,HF
0GDTWS-E,HF
0GDY8Q-E,HF
0GF0Z7-E,HF
0GF3H1-E,HF
0GF44Z-E,HF
0GF747-E,HF
0GF9PC-E,HF
0GF9SJ-E,HF
0GFD9R-E,HF
0GFF4C-E,HF
0GFY4W-E,HF
0GG4Q8-E,HF
0GG87J-E,HF
0GGDSC-E,HF
0GGXKR-E,HF
0GH9X2-E,HF
0GHB1Y-E,HF
0GHFKG-E,HF
0GJGRB-E,HF
0GJGWN-E,HF
0GJKXY-E,HF
0GJWP8-E,HF
0GJZ14-E,HF
0GJZP0-E,HF
0GJZS3-E,HF
0GK224-E,HF
0GK51F-E,HF
0GK598-E,HF
0GK5BD-E,HF
0GKBT1-E,HF
0GKKZK-E,HF
0GKL7P-E,HF
0GKNJQ-E,HF
0GKVFR-E,HF
0GKVGB-E,HF
0GL5F1-E,HF
0GLJ6R-E,HF
0GLJBC-E,HF
0GLJGJ-E,HF
0GLMP9-E,HF
0GLQ5K-E,HF
0GLQQQ-E,HF
0GLWNY-E,HF
0GMHV0-E,HF
0GMNF0-E,HF
0GMTGW-E,HF
0GMWFC-E,HF
0GN679-E,HF
0GPJ6G-E,HF
0GPP4W-E,HF
0GPPG7-E,HF
0GPRT1-E,HF
0GPW1X-E,HF
0GQ2RL-E,HF
0GQ652-E,HF
0GQ97R-E,HF
0GQCWB-E,HF
0GQRW7-E,HF
0GRZVT-E,HF
0GS2HX-E,HF
0GS62P-E,HF
0GS8R2-E,HF
0GSMSD-E,HF
0GSR47-E,HF
0GSTL8-E,HF
0GT3SX-E,HF
0GTVTV-E,HF
0GV6WN-E,HF
0GV73Z-E,HF
0GVBY1-E,HF
0GVJN4-E,HF
0GVJZS-E,HF
0GVNCM-E,HF
0GVNTN-E,HF
0GWNMN-E,HF
0GX5SV-E,HF
0GX5ZC-E,HF
0GXNP4-E,HF
0GXP7N-E,HF
0GXP9K-E,HF
0GXPBG-E,HF
0GXRDP-E,HF
0GXRGX-E,HF
0GXRKJ-E,HF
0GXRZC-E,HF
0GY7Z9-E,HF
0GYPYQ-E,HF
0GYRM3-E,HF
0GYXRY-E,HF
0GYXWC-E,HF
0GZ6RZ-E,HF
0GZGF0-E,HF
0H04BV-E,HF
0H082W-E,HF
0H0LLZ-E,HF
0H0SW0-E,HF
0H108L-E,HF
0H28JQ-E,HF
0H29W9-E,HF
0H29XH-E,HF
0H29XJ-E,HF
0H29ZT-E,HF
0H2LQZ-E,HF
0H2M3C-E,HF
0H2V2N-E,HF
0H35CJ-E,HF
0H3FG6-E,HF
0H43R1-E,HF
0H48BG-E,HF
0H51NW-E,HF
0H55J1-E,HF
0H75HG-E,HF
0H7YGQ-E,HF
0H8RXH-E,HF
0H9ZZF-E,HF
0HB8VR-E,HF
0HBHZ8-E,HF
0HBW1F-E,HF
0HD7CN-E,HF
0HDJJC-E,HF
0HDJQ2-E,HF
0HG20R-E,HF
0HGQGB-E,HF
0HH9K9-E,HF
0HHPBQ-E,HF
0HHPZW-E,HF
0HHQ17-E,HF
0HHQF6-E,HF
0HHQQJ-E,HF
0HHR0R-E,HF
0HHVRT-E,HF
0HJ0TX-E,HF
0HJ1SN-E,HF
0HJ56H-E,HF
0HJFY5-E,HF
0HJRX8-E,HF
0HJZ2P-E,HF
0HLGQW-E,HF
0HLGTW-E,HF
0HNGRN-E,HF
0HNKFV-E,HF
0HP39L-E,HF
0HQY53-E,HF
0HRHZ6-E,HF
0HV1FP-E,HF
0HWFTZ-E,HF
0HXD23-E,HF
0HXM80-E,HF
0HXSZ6-E,HF
0HXTTD-E,HF
0HZ0BL-E,HF
0HZ61B-E,HF
0HZVJ9-E,HF
0J1KWZ-E,HF
0J1L53-E,HF
0J1MPN-E,HF
0J1VCQ-E,HF
0J61CW-E,HF
0J75LD-E,HF
0J7DZ6-E,HF
0J8TM2-E,HF
0JB8DR-E,HF
0JBTSL-E,HF
0JC5FM-E,HF
0JCG5T-E,HF
0JD6WB-E,HF
0JDMH5-E,HF
0JFD1Z-E,HF
0JFL7Z-E,HF
0JFTRN-E,HF
0JG3D5-E,HF
0JH0J3-E,HF
0JJMWC-E,HF
0JJPVP-E,HF
0JJVWG-E,HF
0JKNVC-E,HF
0JL6TP-E,HF
0JLRL1-E,HF
0JLYHW-E,HF
0JMR6F-E,HF
0JQFMD-E,HF
0JR0FK-E,HF
0JR5S5-E,HF
0JRK8V-E,HF
0JS0B1-E,HF
0JTH47-E,HF
0JTMLR-E,HF
0JV4SN-E,HF
0JW7BS-E,HF
0JYPMF-E,HF
0JZ6RR-E,HF
0K0BLK-E,HF
0K0MLV-E,HF
0K12BC-E,HF
0K13GV-E,HF
0K6BK6-E,HF
0K6QP2-E,HF
0K8XPG-E,HF
0K9GK0-E,HF
0K9HC6-E,HF
0K9MWC-E,HF
0KBJRV-E,HF
0KDJ97-E,HF
0KFQWX-E,HF
0KGSBB-E,HF
0KHFY9-E,HF
0KJDGN-E,HF
0KJLW6-E,HF
0KMML5-E,HF
0KMXJJ-E,HF
0KPH2X-E,HF
0KQL2Z-E,HF
0KRLGV-E,HF
0KRWM6-E,HF
0KSW2H-E,HF
0KV2K7-E,HF
0KVXLY-E,HF
0L2CTC-E,HF
0L3RSH-E,HF
0L3X19-E,HF
0L6199-E,HF