factset_entity_id,Discrepancy Column,,,
00BP39-E,,,Number of Discrepancies,1
002HPZ-E,,,,
05LSZ7-E,,,,
0036PT-E,,,,
0BJ4DG-E,,,,
001WDR-E,,,,
00B00Z-E,,,,
05HHM8-E,,,,
0084T7-E,,,,
06HF52-E,,,,
0FSJCB-E,,,,
0B0T3M-E,,,,
0FWM04-E,,,,
0D8FLF-E,,,,
0D0MLJ-E,,,,
002J36-E,,,,
09K27Q-E,,,,
0DLBTN-E,,,,
000F48-E,,,,
05LVW3-E,,,,
003C59-E,,,,
0CJCDM-E,,,,
0616JF-E,,,,
07SP1C-E,,,,
000TSV-E,,,,
06QFGD-E,,,,
00C7S6-E,,,,
0041B9-E,,,,
003FPZ-E,,,,
05FW7T-E,,,,
0FB0M7-E,,,,
000CS6-E,,,,
000ZJZ-E,,,,
00BQQ7-E,,,,
00CF5D-E,,,,
0K6R76-E,,,,
0897XW-E,,,,
0FL12Y-E,,,,
006ZKQ-E,,,,
0044TS-E,,,,
06354F-E,,,,
0012SH-E,,,,
00371D-E,,,,
05VKRN-E,,,,
077B95-E,,,,
06T784-E,,,,
0035VM-E,,,,
076PV8-E,,,,
05J6J6-E,,,,
07V6GG-E,,,,
006SZW-E,,,,
0CFM3M-E,,,,
05TPF6-E,,,,
05FSHC-E,,,,
00D16B-E,,,,
00888R-E,,,,
007287-E,,,,
008NDQ-E,,,,
06HD4X-E,,,,
0HTPHV-E,,,,
0CGG94-E,,,,
00B80R-E,,,,
00F0KS-E,,,,
06PJ0J-E,,,,
0KJ9GF-E,,,,
0023BK-E,,,,
002HK2-E,,,,
06F323-E,,,,
009K94-E,,,,
0CP0LQ-E,,,,
00FC97-E,,,,
00CF7P-E,,,,
009ZN6-E,,,,
004WK9-E,,,,
002J8S-E,,,,
0790QT-E,,,,
002N2Z-E,,,,
0G1V0D-E,,,,
06RWJ6-E,,,,
003XST-E,,,,
003R3W-E,,,,
003RPB-E,,,,
006XRW-E,,,,
003BWY-E,,,,
05V3G2-E,,,,
0098XC-E,,,,
005HLX-E,,,,
002HMW-E,,,,
003T1Z-E,,,,
05H66N-E,,,,
06NXCK-E,,,,
05G7PL-E,,,,
07BXD5-E,,,,
002G6W-E,,,,
0DNJ84-E,,,,
06W6MD-E,,,,
0C84W4-E,,,,
0C97QM-E,,,,
00890T-E,,,,
0093MW-E,,,,
0DN5YT-E,,,,
00DYTR-E,,,,
0CB5ZJ-E,,,,
003N3Z-E,,,,
0G833F-E,,,,
09HPST-E,,,,
06L89J-E,,,,
07FB92-E,,,,
05LPYZ-E,,,,
06RSFN-E,,,,
00BR1S-E,,,,
0HW57L-E,,,,
006W0X-E,,,,
05FBK8-E,,,,
0C95KW-E,,,,
00D0Q3-E,,,,
09ZXDH-E,,,,
06XGH3-E,,,,
00GMBL-E,,,,
0FN0Y2-E,,,,
0C7RX5-E,,,,
004HVM-E,,,,
0020XP-E,,,,
00355P-E,,,,
065HXT-E,,,,
0DVZTT-E,,,,
002C9T-E,,,,
07GKVJ-E,,,,
0BH5FN-E,,,,
05K601-E,,,,
0J3RB9-E,,,,
0024QD-E,,,,
007XVT-E,,,,
0FNBV5-E,,,,
003Z74-E,,,,
002LZQ-E,,,,
06FDL7-E,,,,
073X4S-E,,,,
002JZQ-E,,,,
0DSLF0-E,,,,
00309Z-E,,,,
0GNCNL-E,,,,
0045D0-E,,,,
0021NV-E,,,,
009VBD-E,,,,
003PBV-E,,,,
07401Y-E,,,,
0DDXX8-E,,,,
00908K-E,,,,
000RBY-E,,,,
007L50-E,,,,
00FYXL-E,,,,
000KYY-E,,,,
000PJ2-E,,,,
06NNML-E,,,,
001BWL-E,,,,
07534Q-E,,,,
00D16N-E,,,,
0GHDZ5-E,,,,
0020J6-E,,,,
002TZ7-E,,,,
003JL0-E,,,,
0032BS-E,,,,
05PPM6-E,,,,
0081VN-E,,,,
06V8SN-E,,,,
0B77ZY-E,,,,
0KMSZR-E,,,,
00B74W-E,,,,
000Y5N-E,,,,
06J20G-E,,,,
0786W0-E,,,,
0080JJ-E,,,,
002HQ8-E,,,,
00FC9V-E,,,,
05HF97-E,,,,
002LKS-E,,,,
000VN3-E,,,,
001GH2-E,,,,
002D1S-E,,,,
0C2SDW-E,,,,
002B27-E,,,,
09B2QQ-E,,,,
0GW1BP-E,,,,
00DY7Z-E,,,,
002HXY-E,,,,
0011MF-E,,,,
00CHTS-E,,,,
006LJ8-E,,,,
00759R-E,,,,
0G7WV0-E,,,,
05F0Y5-E,,,,
05PR1X-E,,,,
078HM2-E,,,,
002PKG-E,,,,
0DSK3F-E,,,,
05FB9Q-E,,,,
063173-E,,,,
0JT136-E,,,,
002PC5-E,,,,
0CQ6WR-E,,,,
007QWK-E,,,,
00FDL5-E,,,,
00G3YD-E,,,,
008C2W-E,,,,
004N8C-E,,,,
0J3R9R-E,,,,
07M096-E,,,,
06RFQ7-E,,,,
002HCF-E,,,,
08D836-E,,,,
06RL19-E,,,,
008HXR-E,,,,
009ZBQ-E,,,,
007L5S-E,,,,
00GM9P-E,,,,
0090GR-E,,,,
00BSDK-E,,,,
002HZQ-E,,,,
001X1F-E,,,,
06ZPRF-E,,,,
06RC51-E,,,,
05FWM3-E,,,,
002GW8-E,,,,
00D10W-E,,,,
0CRC1Y-E,,,,
0FL13F-E,,,,
0JKJDR-E,,,,
001M1K-E,,,,
07PDC9-E,,,,
0DLS9C-E,,,,
07FRVT-E,,,,
05HHZZ-E,,,,
000LS1-E,,,,
067JZK-E,,,,
0JWJSH-E,,,,
0J1HZH-E,,,,
00G3TN-E,,,,
0BV10H-E,,,,
0CZ6BN-E,,,,
07FSTV-E,,,,
00DNYG-E,,,,
0019V6-E,,,,
002JCP-E,,,,
0090F1-E,,,,
00CF06-E,,,,
0C9BDT-E,,,,
00908M-E,,,,
0FBLBK-E,,,,
0083C9-E,,,,
008ZWR-E,,,,
0G37B1-E,,,,
006WRS-E,,,,
008FK8-E,,,,
0B8XKG-E,,,,
002B1T-E,,,,
00993N-E,,,,
0CM5MX-E,,,,
0BT27C-E,,,,
0HYLJ9-E,,,,
09G8HG-E,,,,
006WKJ-E,,,,
00GLYW-E,,,,
0DLC34-E,,,,
0DFJNL-E,,,,
0K9HC7-E,,,,
0G2H36-E,,,,
0C3QFM-E,,,,
0HJ8ZD-E,,,,
00419M-E,,,,
002G6F-E,,,,
0634YQ-E,,,,
063PY7-E,,,,
05G6HM-E,,,,
000W78-E,,,,
0BHVMQ-E,,,,
002VJ6-E,,,,
00353D-E,,,,
00B0HC-E,,,,
06QXX1-E,,,,
088FBK-E,,,,
05ZC37-E,,,,
0CG5VT-E,,,,
00F4V1-E,,,,
000CQ8-E,,,,
07L7PH-E,,,,
000JRF-E,,,,
0J3RB2-E,,,,
0C98FV-E,,,,
0B6CDY-E,,,,
008SDS-E,,,,
00FK4K-E,,,,
00BR1R-E,,,,
06FK3R-E,,,,
05ZWR5-E,,,,
09HLYQ-E,,,,
003G8D-E,,,,
0B6RGT-E,,,,
005HSK-E,,,,
06TP6S-E,,,,
0C2Y8X-E,,,,
004F8Y-E,,,,
00GMZ0-E,,,,
009ZDM-E,,,,
06773B-E,,,,
06VGMV-E,,,,
0G50KK-E,,,,
0H293G-E,,,,
00F27Q-E,,,,
0J3R9P-E,,,,
002GYV-E,,,,
00C8F3-E,,,,
002HWC-E,,,,
05HNR0-E,,,,
000VDR-E,,,,
007C7Q-E,,,,
080ZT8-E,,,,
002J2W-E,,,,
05N37V-E,,,,
00CJ62-E,,,,
006WK5-E,,,,
0DN5YR-E,,,,
0H1FJ2-E,,,,
05GGNX-E,,,,
099KC8-E,,,,
002GLJ-E,,,,
00B6NQ-E,,,,
009ZPL-E,,,,
00D101-E,,,,
0DM0SV-E,,,,
05K7X7-E,,,,
070YNG-E,,,,
002SM5-E,,,,
06B8S9-E,,,,
0036YL-E,,,,
0090PB-E,,,,
009B3W-E,,,,
005LH4-E,,,,
0CK3S6-E,,,,
07BP01-E,,,,
00C958-E,,,,
05FWH1-E,,,,
0BT278-E,,,,
06DH0D-E,,,,
0HMKPR-E,,,,
0020YX-E,,,,
0CGSD3-E,,,,
0HW51G-E,,,,
05Z72B-E,,,,
002LX8-E,,,,
0J3RBB-E,,,,
0023LL-E,,,,
003S5K-E,,,,
05LJC9-E,,,,
06F08W-E,,,,
00DQFD-E,,,,
0FM4BL-E,,,,
06VLK0-E,,,,
008JM2-E,,,,
002H5G-E,,,,
00G2BL-E,,,,
0019F9-E,,,,
001DX6-E,,,,
097QCS-E,,,,
000RFJ-E,,,,
05FWJG-E,,,,
05MM82-E,,,,
0HMKPZ-E,,,,
063P34-E,,,,
0G5TQR-E,,,,
0D9Z6Q-E,,,,
009ZNX-E,,,,
0CY9JM-E,,,,
003RL7-E,,,,
0C00QW-E,,,,
05NK94-E,,,,
0CBJS2-E,,,,
05KK0R-E,,,,
0027KF-E,,,,
09T509-E,,,,
0GC9VL-E,,,,
0JGYB3-E,,,,
002V75-E,,,,
0015D1-E,,,,
05N6LM-E,,,,
0JJNHW-E,,,,
0GWGG2-E,,,,
002SWZ-E,,,,
004DL5-E,,,,
07PSFP-E,,,,
06K458-E,,,,
0025VG-E,,,,
006QM6-E,,,,
003SJG-E,,,,
0CC815-E,,,,
003HJH-E,,,,
078BHY-E,,,,
05NWBC-E,,,,
0078BH-E,,,,
0J3R9D-E,,,,
0CVX9Z-E,,,,
072T09-E,,,,
0DJBVQ-E,,,,
0030B5-E,,,,
001K5G-E,,,,
00GM3Z-E,,,,
002GTJ-E,,,,
002H2H-E,,,,
05PD1Z-E,,,,
09R6KG-E,,,,
00C68W-E,,,,
003L2T-E,,,,
07499V-E,,,,
000KHW-E,,,,
001Q6P-E,,,,
0CWH11-E,,,,
0GKZWF-E,,,,
002QJF-E,,,,
0G7WVG-E,,,,
05NWCM-E,,,,
06NDWZ-E,,,,
009WVG-E,,,,
0GVFFK-E,,,,
068ZS5-E,,,,
002GTC-E,,,,
05J5GV-E,,,,
002YSD-E,,,,
06V4JV-E,,,,
05HR47-E,,,,
0B0MYY-E,,,,
002JS5-E,,,,
000WX2-E,,,,
001WLC-E,,,,
00384Z-E,,,,
0083NR-E,,,,
006NZ0-E,,,,
006WL5-E,,,,
002J9N-E,,,,
0D7GT9-E,,,,
00CFDL-E,,,,
009JLH-E,,,,
05J24Z-E,,,,
000P7W-E,,,,
06N8G7-E,,,,
009MNR-E,,,,
005DCW-E,,,,
06TLBF-E,,,,
002G02-E,,,,
000BQC-E,,,,
00CWD0-E,,,,
009DQF-E,,,,
001PHW-E,,,,
07ZT0Z-E,,,,
009XW1-E,,,,
0671MD-E,,,,
05GGL5-E,,,,
00BQYN-E,,,,
075L64-E,,,,
0073PD-E,,,,
064130-E,,,,
09Y7WB-E,,,,
05F2XR-E,,,,
002JJF-E,,,,
0C7VZM-E,,,,
0615BF-E,,,,
002HJV-E,,,,
0071ZM-E,,,,
07FRYN-E,,,,
008Z0W-E,,,,
002GX0-E,,,,
06JRQ7-E,,,,
06144H-E,,,,
0C9X8K-E,,,,
0DHD9L-E,,,,
0HW5BW-E,,,,
07N8Z6-E,,,,
0C9NFD-E,,,,
002SCN-E,,,,
000JND-E,,,,
0D9BRM-E,,,,
0DF3K1-E,,,,
002TX2-E,,,,
07WFXN-E,,,,
07L9JK-E,,,,
000SSF-E,,,,
002GLL-E,,,,
06TM39-E,,,,
0D77QJ-E,,,,
005F59-E,,,,
0JWJWF-E,,,,
07NW2S-E,,,,
0016NV-E,,,,
005KCT-E,,,,
0BBTCD-E,,,,
006SL3-E,,,,
00G591-E,,,,
09VFDK-E,,,,
0015RZ-E,,,,
0HW56D-E,,,,
000KYG-E,,,,
05G95Q-E,,,,
05FFQK-E,,,,
06RW2Z-E,,,,
0FC2SR-E,,,,
0D8KG7-E,,,,
0HW58Q-E,,,,
002HB3-E,,,,
05FGHN-E,,,,
07NCT3-E,,,,
06FBCZ-E,,,,
00FRFV-E,,,,
0HW5CJ-E,,,,
0DLDH5-E,,,,
0076ZG-E,,,,
0603VH-E,,,,
008FMQ-E,,,,
000F4S-E,,,,
0CKRNM-E,,,,
05FDPM-E,,,,
0DBQ50-E,,,,
06QQQD-E,,,,
0GM39V-E,,,,
006W5S-E,,,,
00D178-E,,,,
05NFLH-E,,,,
05GMTB-E,,,,
001XQN-E,,,,
05NWC1-E,,,,
00CFBW-E,,,,
05T1GC-E,,,,
0G2DJ3-E,,,,
05LTQW-E,,,,
08BW89-E,,,,
009Z8Z-E,,,,
06S5YN-E,,,,
001QSB-E,,,,
00C2F6-E,,,,
060PD1-E,,,,
00570H-E,,,,
001LLD-E,,,,
0C9CJT-E,,,,
05G28F-E,,,,
0085Q4-E,,,,
0HG234-E,,,,
05G69G-E,,,,
002XT5-E,,,,
002TJ5-E,,,,
05MCJM-E,,,,
05JLG6-E,,,,
001YQQ-E,,,,
08146F-E,,,,
002HBH-E,,,,
07PQ37-E,,,,
006WXQ-E,,,,
005GBC-E,,,,
002JZ5-E,,,,
0DKRLY-E,,,,
00DQSY-E,,,,
0CZFHW-E,,,,
081GCH-E,,,,
069LR3-E,,,,
0J3R9L-E,,,,
0C125Q-E,,,,
05FZDK-E,,,,
0F1PMB-E,,,,
0C366R-E,,,,
002Y34-E,,,,
06GN53-E,,,,
0G5T4H-E,,,,
05KK5Z-E,,,,
003K09-E,,,,
00DNP1-E,,,,
07PCNT-E,,,,
0022PM-E,,,,
00BF4K-E,,,,
00CG8W-E,,,,
0GVFFL-E,,,,
001ZFZ-E,,,,
0DFQXF-E,,,,
05J2D3-E,,,,
0629QY-E,,,,
000ZJT-E,,,,
07M5B1-E,,,,
0J3RB7-E,,,,
0C6TDJ-E,,,,
00DPGW-E,,,,
0BF6B5-E,,,,
001J2W-E,,,,
0D4RF1-E,,,,
00D17B-E,,,,
001WLZ-E,,,,
06T6J2-E,,,,
0J29HY-E,,,,
0703VH-E,,,,
0090KB-E,,,,
005HTX-E,,,,
007HD0-E,,,,
08HWXN-E,,,,
007KDG-E,,,,
00D6Z3-E,,,,
000DSG-E,,,,
006JDZ-E,,,,
002TZW-E,,,,
000CC1-E,,,,
0BWXCH-E,,,,
06TLC8-E,,,,
0KMH0S-E,,,,
002HK3-E,,,,
008913-E,,,,
008MY6-E,,,,
002F7R-E,,,,
002H67-E,,,,
008BSY-E,,,,
0D4V1N-E,,,,
0606KR-E,,,,
0D04XB-E,,,,
003HZ1-E,,,,
05JK6B-E,,,,
06TLBM-E,,,,
00205T-E,,,,
00CF72-E,,,,
001HQW-E,,,,
05J2KG-E,,,,
006WQM-E,,,,
07NF2M-E,,,,
07LN1X-E,,,,
05KJJC-E,,,,
009JXL-E,,,,
0FDTGC-E,,,,
0HMKPQ-E,,,,
002HSJ-E,,,,
002H05-E,,,,
0060P3-E,,,,
001ZQN-E,,,,
00CVG1-E,,,,
0H3ZDK-E,,,,
000CS1-E,,,,
000PGJ-E,,,,
0087GZ-E,,,,
0FSVG4-E,,,,
002JBT-E,,,,
086GKL-E,,,,
009S3D-E,,,,
003CM5-E,,,,
004958-E,,,,
009ZMC-E,,,,
0CQ6WJ-E,,,,
007RR1-E,,,,
06HD4W-E,,,,
06LRXS-E,,,,
09SL4M-E,,,,
0HW5C0-E,,,,
002LQM-E,,,,
000KR6-E,,,,
06HCR2-E,,,,
0C8B70-E,,,,
0089KX-E,,,,
074MLN-E,,,,
07L29P-E,,,,
0CKTT9-E,,,,
003TB0-E,,,,
07JNMW-E,,,,
00B2V4-E,,,,
006WXS-E,,,,
00CXD3-E,,,,
05FWC8-E,,,,
0D775L-E,,,,
05YJ0Y-E,,,,
000DRH-E,,,,
001CVX-E,,,,
0HMKPP-E,,,,
002GV2-E,,,,
0J425C-E,,,,
002HQX-E,,,,
0GT5LZ-E,,,,
000JR0-E,,,,
0FJ587-E,,,,
009SL8-E,,,,
0018T1-E,,,,
00D1CP-E,,,,
05HGZK-E,,,,
0D5W9S-E,,,,
07GKTZ-E,,,,
00B76C-E,,,,
05G667-E,,,,
0JWJSK-E,,,,
0CR987-E,,,,
000DST-E,,,,
05NZD3-E,,,,
002JZF-E,,,,
0030F2-E,,,,
05GG97-E,,,,
06NB22-E,,,,
0FJ8NF-E,,,,
000FFR-E,,,,
0G5QTW-E,,,,
001Y7K-E,,,,
062951-E,,,,
07FYDZ-E,,,,
067TYW-E,,,,
05LQHS-E,,,,
00BB6T-E,,,,
000SV2-E,,,,
001QHK-E,,,,
00209H-E,,,,
002M9R-E,,,,
0HW57S-E,,,,
000R4W-E,,,,
0BZPSD-E,,,,
05N0RF-E,,,,
0J3RB5-E,,,,
05HXKM-E,,,,
002MKZ-E,,,,
001TFX-E,,,,
0G2DJ1-E,,,,
003B64-E,,,,
000WV4-E,,,,
0041CX-E,,,,
002MSQ-E,,,,
0BTXBD-E,,,,
0021HZ-E,,,,
000XYB-E,,,,
05N3H9-E,,,,
06LFB1-E,,,,
00FYFV-E,,,,
0619FD-E,,,,
0035K2-E,,,,
0CCRXC-E,,,,
05HDZT-E,,,,
062LJP-E,,,,
0BWBM1-E,,,,
002B3M-E,,,,
0FRHKS-E,,,,
0BPXT0-E,,,,
0BKPPQ-E,,,,
000L8P-E,,,,
05H8Q7-E,,,,
0616LC-E,,,,
002JC4-E,,,,
0CM5K0-E,,,,
008RGH-E,,,,
0D4H0Y-E,,,,
00CF80-E,,,,
000CRY-E,,,,
002J3D-E,,,,
06QFY4-E,,,,
0GT07Z-E,,,,
00CFBB-E,,,,
000WXY-E,,,,
0BGFZL-E,,,,
002LY0-E,,,,
06RND3-E,,,,
09PS3T-E,,,,
0B8XS7-E,,,,
0090SL-E,,,,
0CKDCM-E,,,,
06KTXV-E,,,,
0H2ZKB-E,,,,
0FDXC9-E,,,,
002HF8-E,,,,
00CLZB-E,,,,
0J1JFZ-E,,,,
0HW5BN-E,,,,
0CJ05X-E,,,,
009JR9-E,,,,
0023C1-E,,,,
0098G4-E,,,,
000LBW-E,,,,
05G4JP-E,,,,
006X4J-E,,,,
002J6C-E,,,,
002TQ2-E,,,,
00FC7Q-E,,,,
0049KM-E,,,,
06V1QJ-E,,,,
09SFRT-E,,,,
07D3BV-E,,,,
089WD6-E,,,,
005JJ2-E,,,,
0JGV3T-E,,,,
002KJZ-E,,,,
00D1FV-E,,,,
002GHK-E,,,,
0KMSSN-E,,,,
089108-E,,,,
05HYY8-E,,,,
00FF6P-E,,,,
077GBV-E,,,,
05FWFX-E,,,,
0C0PH1-E,,,,
008GRP-E,,,,
0BB07D-E,,,,
002Y81-E,,,,
05HDM5-E,,,,
001J5L-E,,,,
0CGPGV-E,,,,
00CT7N-E,,,,
00D1BZ-E,,,,
0C42VK-E,,,,
06FY3H-E,,,,
0052RX-E,,,,
0090PW-E,,,,
05FB9L-E,,,,
008ZBC-E,,,,
00CLFJ-E,,,,
007XK0-E,,,,
06P52T-E,,,,
07HPWT-E,,,,
0GGPMF-E,,,,
0766J2-E,,,,
07FDB9-E,,,,
0058W5-E,,,,
00CF3B-E,,,,
0090D2-E,,,,
0G25JH-E,,,,
05J7V0-E,,,,
002RD3-E,,,,
0DPH88-E,,,,
0035HP-E,,,,
002HMK-E,,,,
06M5V7-E,,,,
06RW33-E,,,,
05FH21-E,,,,
000SWB-E,,,,
05YGYZ-E,,,,
09R138-E,,,,
0G6ZRW-E,,,,
000JFZ-E,,,,
0HRH8L-E,,,,
0049B5-E,,,,
001HM3-E,,,,
002T52-E,,,,
00FYX8-E,,,,
0CN2TP-E,,,,
006LJ7-E,,,,
0018JD-E,,,,
0FLWBW-E,,,,
0037NP-E,,,,
05FWG9-E,,,,
00B2PP-E,,,,
0HW5CN-E,,,,
003C3P-E,,,,
00DR45-E,,,,
0CYFMB-E,,,,
05WLRQ-E,,,,
0D49LK-E,,,,
00BR1Q-E,,,,
0CBD59-E,,,,
0G2DF8-E,,,,
009JSM-E,,,,
062FGN-E,,,,
0HG1QB-E,,,,
002J95-E,,,,
001JW2-E,,,,
0BW44V-E,,,,
00D562-E,,,,
002YFC-E,,,,
00GM66-E,,,,
0GW2SB-E,,,,
00FJFD-E,,,,
083X1L-E,,,,
00C18H-E,,,,
0JKJF4-E,,,,
0CKJQC-E,,,,
000Q6V-E,,,,
0DYT9P-E,,,,
0GR9K6-E,,,,
0DY5RF-E,,,,
002GVZ-E,,,,
0HW5C8-E,,,,
0035MV-E,,,,
085BSC-E,,,,
005HVR-E,,,,
09YVCC-E,,,,
06041J-E,,,,
0CM9WL-E,,,,
00FZLH-E,,,,
0090QZ-E,,,,
0DMBH2-E,,,,
000PWG-E,,,,
00B77X-E,,,,
0J1L53-E,,,,
002YBT-E,,,,
06K54C-E,,,,
002H59-E,,,,
005K51-E,,,,
001XTZ-E,,,,
000LDT-E,,,,
05JYHP-E,,,,
007BH8-E,,,,
003587-E,,,,
003N6X-E,,,,
0056X0-E,,,,
002J3X-E,,,,
05MWSM-E,,,,
000DW8-E,,,,
008BV4-E,,,,
003KTD-E,,,,
061Z9Z-E,,,,
0G0L3Q-E,,,,
05L7PY-E,,,,
0GZ6SN-E,,,,
00701V-E,,,,
05X53F-E,,,,
0DFLDS-E,,,,
001F3N-E,,,,
005FVM-E,,,,
00BL94-E,,,,
002HN5-E,,,,
073S3Q-E,,,,
00FZ4N-E,,,,
002GVW-E,,,,
071Z1M-E,,,,
001XY8-E,,,,
00312L-E,,,,
002T1W-E,,,,
0042B1-E,,,,
0037W1-E,,,,
005N16-E,,,,
06KFSS-E,,,,
000FMM-E,,,,
0KMSSM-E,,,,
0DN5YS-E,,,,
06SDTW-E,,,,
009JJ8-E,,,,
09HTBB-E,,,,
06QTHJ-E,,,,
0610ZM-E,,,,
0J1HZM-E,,,,
0JWJSJ-E,,,,
0FRB2M-E,,,,
00103F-E,,,,
080JWZ-E,,,,
002JPT-E,,,,
000WRW-E,,,,
099XQ3-E,,,,
05N0TS-E,,,,
002LC2-E,,,,
001R53-E,,,,
002HLL-E,,,,
002HM2-E,,,,
0CYLP6-E,,,,
0JKPGF-E,,,,
05LQSN-E,,,,
06GTV0-E,,,,
07L4KJ-E,,,,
05LSYX-E,,,,
05HX15-E,,,,
0JR5WT-E,,,,
07LLF2-E,,,,
0GV6Y6-E,,,,
003JHG-E,,,,
06MCJG-E,,,,
00DQWX-E,,,,
0FJR64-E,,,,
06HCMD-E,,,,
062NNP-E,,,,
003M0H-E,,,,
09HT7H-E,,,,
002TJL-E,,,,
064Q40-E,,,,
06L8TW-E,,,,
008KYM-E,,,,
05HWHM-E,,,,
002HYH-E,,,,
05FRZ3-E,,,,
009ZNJ-E,,,,
0C6TDC-E,,,,
000Y63-E,,,,
0762F0-E,,,,
0035DC-E,,,,
00D1BF-E,,,,
0052QN-E,,,,
00819Z-E,,,,
005HLT-E,,,,
000PPL-E,,,,
0D7518-E,,,,
0C9CZ8-E,,,,
06PT5M-E,,,,
0J3R9M-E,,,,
002XNG-E,,,,
071JSG-E,,,,
001KKG-E,,,,
0020XT-E,,,,
0J1JG1-E,,,,
08GS3G-E,,,,
009ZDN-E,,,,
003C2X-E,,,,
06VP5Y-E,,,,
004W8W-E,,,,
00353S-E,,,,
0CZZR7-E,,,,
002LTX-E,,,,
08VKTK-E,,,,
00DXSQ-E,,,,
0C56R7-E,,,,
003S2S-E,,,,
07NXRP-E,,,,
0G2DK9-E,,,,
08BN4R-E,,,,
0J3R8F-E,,,,
0G2H7W-E,,,,
08HWW5-E,,,,
05FWJ7-E,,,,
0090P5-E,,,,
00GFT7-E,,,,
0CGFL2-E,,,,
00197H-E,,,,
05FRV9-E,,,,
0DF8RB-E,,,,
05KWK8-E,,,,
0DLF7L-E,,,,
0D5GHN-E,,,,
009ZTC-E,,,,
06FX2C-E,,,,
00CDTJ-E,,,,
0810PR-E,,,,
0BNMCL-E,,,,
00BPY8-E,,,,
06NRS4-E,,,,
002KM6-E,,,,
005HRH-E,,,,
0G27W9-E,,,,
002LG6-E,,,,
0B7VY4-E,,,,
0684NG-E,,,,
009VJ4-E,,,,
05NSLM-E,,,,
05FVQ8-E,,,,
0851TT-E,,,,
00BSZH-E,,,,
077KFY-E,,,,
05GDTT-E,,,,
0DGF8M-E,,,,
00D1V9-E,,,,
0011TZ-E,,,,
009K09-E,,,,
00C4PF-E,,,,
0080W9-E,,,,
064J3H-E,,,,
06RQF1-E,,,,
00G577-E,,,,
05HWL2-E,,,,
0FSW30-E,,,,
07727Q-E,,,,
06D7WM-E,,,,
0CN45L-E,,,,
06MRD1-E,,,,
006CFD-E,,,,
001Y60-E,,,,
0CHDF3-E,,,,
0CX94S-E,,,,
002GBK-E,,,,
00C389-E,,,,
0D5MR3-E,,,,
0018P9-E,,,,
0BT2BZ-E,,,,
001K09-E,,,,
05LNPH-E,,,,
0036WG-E,,,,
07JXG6-E,,,,
0092XT-E,,,,
0BZV00-E,,,,
0HW5CH-E,,,,
004GH5-E,,,,
081376-E,,,,
05GR9Q-E,,,,
001QYT-E,,,,
05V9F2-E,,,,
05SJ9R-E,,,,
064G80-E,,,,
0HK407-E,,,,
0J3RB1-E,,,,
000JVP-E,,,,
003L68-E,,,,
00B728-E,,,,
0D29CG-E,,,,
006WT8-E,,,,
006JC5-E,,,,
05KCG7-E,,,,
06Y2X0-E,,,,
00DJR1-E,,,,
005HLV-E,,,,
088VNT-E,,,,
001DYS-E,,,,
002SNL-E,,,,
003LKD-E,,,,
0DMLSL-E,,,,
0KM8J1-E,,,,
05J93H-E,,,,
0076HF-E,,,,
003GNF-E,,,,
00FYYH-E,,,,
065184-E,,,,
05HB4B-E,,,,
0010ZH-E,,,,
0CWD0X-E,,,,
06K6SY-E,,,,
00290F-E,,,,
00D0GG-E,,,,
05SBQS-E,,,,
00GLMH-E,,,,
06NT3S-E,,,,
05H4CV-E,,,,
0GXYF6-E,,,,
063F8J-E,,,,
00728B-E,,,,
09YWYN-E,,,,
08DRV0-E,,,,
0C3HM7-E,,,,
001XLG-E,,,,
0017XH-E,,,,
00D4XK-E,,,,
05S2V8-E,,,,
05FK8K-E,,,,
00G8N5-E,,,,
002N6S-E,,,,
002XM1-E,,,,
06FXG2-E,,,,
005HLW-E,,,,
001H24-E,,,,
061BL0-E,,,,
05KRQ7-E,,,,
002HHH-E,,,,
00DCR0-E,,,,
06R3TW-E,,,,
074GYC-E,,,,
08HWDQ-E,,,,
07FRVY-E,,,,
001N60-E,,,,
08851B-E,,,,
0DL8PZ-E,,,,
06BGGV-E,,,,
05H7ST-E,,,,
07P6SC-E,,,,
069Z8R-E,,,,
05F9FT-E,,,,
0HB99G-E,,,,
0JT6D5-E,,,,
06121G-E,,,,
002HNV-E,,,,
06NN3W-E,,,,
00DQZF-E,,,,
06C3MP-E,,,,
0859TB-E,,,,
002HJD-E,,,,
0JGNQD-E,,,,
09JCHS-E,,,,
0043RM-E,,,,
05KWWF-E,,,,
0FGJJF-E,,,,
0DF5MY-E,,,,
0FM0LM-E,,,,
0C9KJ1-E,,,,
00FHTP-E,,,,
002HYF-E,,,,
00CDTG-E,,,,
006WY3-E,,,,
0035SL-E,,,,
05JZMM-E,,,,
06TXNG-E,,,,
00DQM1-E,,,,
05MMZ1-E,,,,
05Z727-E,,,,
06Y13C-E,,,,
06L8YY-E,,,,
002L09-E,,,,
05G24X-E,,,,
05KM36-E,,,,
004DV2-E,,,,
05HKJF-E,,,,
0B8XSG-E,,,,
063477-E,,,,
001Q8G-E,,,,
00DX33-E,,,,
006GH2-E,,,,
00BR1W-E,,,,
007VSC-E,,,,
0GMZLR-E,,,,
0C90T2-E,,,,
072LZ4-E,,,,
06SG4W-E,,,,
0HW588-E,,,,
0030B0-E,,,,
0C7YDS-E,,,,
00DNXF-E,,,,
0FMWKG-E,,,,
05HZBK-E,,,,
009BLC-E,,,,
00B81J-E,,,,
003JS5-E,,,,
002H8J-E,,,,
000F1B-E,,,,
000R3K-E,,,,
05FWK6-E,,,,
0636K6-E,,,,
09TPQX-E,,,,
06ZJFS-E,,,,
09H102-E,,,,
0J3RB0-E,,,,
074F6L-E,,,,
0CYDL3-E,,,,
002GR1-E,,,,
0CH3QC-E,,,,
000P2Z-E,,,,
07NFFR-E,,,,
00CJ63-E,,,,
000WX9-E,,,,
071XLL-E,,,,
084Y8V-E,,,,
0C3H7J-E,,,,
002FXW-E,,,,
0616DB-E,,,,
0033W3-E,,,,
06JRPL-E,,,,
0J3R9H-E,,,,
009QLG-E,,,,
0010XG-E,,,,
05NHGY-E,,,,
0D2ZRC-E,,,,
06R9F8-E,,,,
07KRC6-E,,,,
001NGJ-E,,,,
07L7G9-E,,,,
001NZM-E,,,,
09TNRK-E,,,,
0FQ94Z-E,,,,
00CFBC-E,,,,
001MQV-E,,,,
0B0ZJG-E,,,,
002T49-E,,,,
08D62L-E,,,,
002ZC8-E,,,,
00BQTH-E,,,,
001685-E,,,,
07FBX9-E,,,,
0BZBFK-E,,,,
05SX63-E,,,,
0JKJDB-E,,,,
00CDTH-E,,,,
06RP7F-E,,,,
00GMDP-E,,,,
0040ST-E,,,,
06XLVZ-E,,,,
002KX1-E,,,,
00CW7C-E,,,,
06ZGKF-E,,,,
001MHL-E,,,,
05G277-E,,,,
06TWQF-E,,,,
0020TB-E,,,,
000DQ8-E,,,,
0011TB-E,,,,
00CDYQ-E,,,,
009RRL-E,,,,
00FK7Z-E,,,,
007WTZ-E,,,,
07JF2W-E,,,,
0080JP-E,,,,
00B0DK-E,,,,
00DY8D-E,,,,
05HWNG-E,,,,
076FCD-E,,,,
05J5WD-E,,,,
0DX2GR-E,,,,
084463-E,,,,
006LC5-E,,,,
07MMRM-E,,,,
00B014-E,,,,
002J17-E,,,,
05FB9N-E,,,,
05H830-E,,,,
06WLJZ-E,,,,
0G27YR-E,,,,
00CF7L-E,,,,
007DP1-E,,,,
05Z5MM-E,,,,
00427F-E,,,,
005Y4F-E,,,,
00B5FR-E,,,,
05HF96-E,,,,
003FX5-E,,,,
05FBPK-E,,,,
0064XP-E,,,,
06YKNM-E,,,,
004HYG-E,,,,
0G4N0N-E,,,,
05H8YJ-E,,,,
0044GX-E,,,,
0FG1QV-E,,,,
0FL5H4-E,,,,
00CDP7-E,,,,
0DQGF5-E,,,,
05G7GP-E,,,,
000RGR-E,,,,
05KH9S-E,,,,
0H1LL1-E,,,,
000CKZ-E,,,,
0G6V7X-E,,,,
09R0S8-E,,,,
006L3Q-E,,,,
002HS7-E,,,,
0037RS-E,,,,
05HGD5-E,,,,
0017BR-E,,,,
0G27YQ-E,,,,
002Q2X-E,,,,
0011FZ-E,,,,
00C99N-E,,,,
002Z1L-E,,,,
05G6QB-E,,,,
078BX5-E,,,,
002HWH-E,,,,
006W1V-E,,,,
06F4Y0-E,,,,
078LSN-E,,,,
05Z7F5-E,,,,
00CFBP-E,,,,
006GL6-E,,,,
0KMSSL-E,,,,
0HW5B0-E,,,,
0C9BDZ-E,,,,
0G4T5R-E,,,,
05JLR3-E,,,,
0032PQ-E,,,,
06NT2G-E,,,,
002HBW-E,,,,
002HD7-E,,,,
0CQXG0-E,,,,
061PKK-E,,,,
0J3R9J-E,,,,
0D7F0B-E,,,,
002J64-E,,,,
060YNV-E,,,,
05YNCT-E,,,,
0DDRX4-E,,,,
000KH7-E,,,,
05HF3X-E,,,,
00G8NF-E,,,,
000JQL-E,,,,
003QPZ-E,,,,
00B0L6-E,,,,
0040PY-E,,,,
002H83-E,,,,
002JHP-E,,,,
002K8F-E,,,,
0020T3-E,,,,
007VVJ-E,,,,
001ZYS-E,,,,
001RVZ-E,,,,
06PNG3-E,,,,
07L3CW-E,,,,
05HYTK-E,,,,
07M7WX-E,,,,
000CKX-E,,,,
066LYY-E,,,,
07B957-E,,,,
073TXY-E,,,,
0HW58V-E,,,,
006LBN-E,,,,
000ZSZ-E,,,,
0072PH-E,,,,
002CV8-E,,,,
002L8N-E,,,,
002HL4-E,,,,
06THGS-E,,,,
09K281-E,,,,
0DW0NT-E,,,,
0HTYS6-E,,,,
0FZ9LT-E,,,,
0GGMB0-E,,,,
002HDS-E,,,,
0032V1-E,,,,
001Q7H-E,,,,
07MY72-E,,,,
00B00P-E,,,,
005MZ5-E,,,,
06Y11T-E,,,,
0657GW-E,,,,
00D177-E,,,,
05SJM3-E,,,,
05GDR8-E,,,,
05FW22-E,,,,
003LCZ-E,,,,
0DFWJ3-E,,,,
009HST-E,,,,
07NF3Q-E,,,,
06GJBB-E,,,,
000P5T-E,,,,
002J79-E,,,,
05MJZS-E,,,,
00B4HP-E,,,,
005RYT-E,,,,
0CKNM9-E,,,,
0DVFS3-E,,,,
0DGQPG-E,,,,
007TT7-E,,,,
0010D8-E,,,,
0FNHDG-E,,,,
0JKJDK-E,,,,
06HT6K-E,,,,
009ZY5-E,,,,
00CDTX-E,,,,
002V2B-E,,,,
07C70N-E,,,,
002PV7-E,,,,
000ZDR-E,,,,
005LZB-E,,,,
0080FX-E,,,,
0HX5ZP-E,,,,
009ZMV-E,,,,
00C5B5-E,,,,
0JJVJ1-E,,,,
000LNN-E,,,,
003LK8-E,,,,
06D5R5-E,,,,
002J1F-E,,,,
003KV8-E,,,,
003S1N-E,,,,
0FDPZ8-E,,,,
05FM60-E,,,,
09K289-E,,,,
063XGX-E,,,,
061P05-E,,,,
0D2VJM-E,,,,
05V3H8-E,,,,
0CLKJ3-E,,,,
00DXTF-E,,,,
002JZP-E,,,,
06KNY8-E,,,,
0HW5B5-E,,,,
002HY4-E,,,,
002HPJ-E,,,,
071212-E,,,,
05NG3Q-E,,,,
0035BS-E,,,,
06S5PY-E,,,,
0HW561-E,,,,
0J3R9Q-E,,,,
07KCZP-E,,,,
00C292-E,,,,
0CKJN9-E,,,,
002MRC-E,,,,
0BY9JN-E,,,,
061M0F-E,,,,
001DV1-E,,,,
003L9F-E,,,,
07LZFX-E,,,,
002H8R-E,,,,
009ZQJ-E,,,,
06MKF0-E,,,,
000Y8X-E,,,,
06L899-E,,,,
06VWCM-E,,,,
0DMPC3-E,,,,
00577M-E,,,,
00DMKR-E,,,,
002HML-E,,,,
0B6RG9-E,,,,
083QQM-E,,,,
002DGD-E,,,,
00CDTD-E,,,,
097KJB-E,,,,
0GMCV3-E,,,,
00B40F-E,,,,
09JZJK-E,,,,
05SNHZ-E,,,,
008F16-E,,,,
002GVL-E,,,,
06MXDQ-E,,,,
0FG9D4-E,,,,
05HZ3N-E,,,,
002LWB-E,,,,
003HY8-E,,,,
002G6T-E,,,,
001DCG-E,,,,
0871J1-E,,,,
0G2DF6-E,,,,
00DQNH-E,,,,
0G4TGF-E,,,,
05FZ6C-E,,,,
06LD2Z-E,,,,
009SLW-E,,,,
009R5N-E,,,,
0C46V6-E,,,,
004VZM-E,,,,
006SHP-E,,,,
05H6VP-E,,,,
00C72Q-E,,,,
06173S-E,,,,
007WRG-E,,,,
06LK0R-E,,,,
001R78-E,,,,
05HZMT-E,,,,
008SDY-E,,,,
001BXX-E,,,,
009D8B-E,,,,
002JKD-E,,,,
06F89Y-E,,,,
0035P5-E,,,,
0HQ5F7-E,,,,
0HW56N-E,,,,
060V1L-E,,,,
0FLL57-E,,,,
007QCP-E,,,,
0JJMWC-E,,,,
006LFJ-E,,,,
0GCW8G-E,,,,
0DD7N3-E,,,,
073WB9-E,,,,
0020T2-E,,,,
003NSG-E,,,,
05FQH5-E,,,,
00DK4B-E,,,,
05NDQP-E,,,,
07CYC8-E,,,,
000P2N-E,,,,
0FSTTK-E,,,,
005RNY-E,,,,
06NXCX-E,,,,
002H6V-E,,,,
05SMJ3-E,,,,
000N01-E,,,,
09MXH8-E,,,,
0FJY9G-E,,,,
0BKXRK-E,,,,
0C9GZ0-E,,,,
002HWT-E,,,,
00BQNB-E,,,,
05SJMD-E,,,,
05KT15-E,,,,
0035DS-E,,,,
0J3RB6-E,,,,
05ZVF6-E,,,,
0032TR-E,,,,
00BDRP-E,,,,
05FRVF-E,,,,
05JP9H-E,,,,
05YL2X-E,,,,
001K97-E,,,,
00D15B-E,,,,
05DZJ1-E,,,,
0JKJDX-E,,,,
076YPG-E,,,,
05N7P1-E,,,,
002HV1-E,,,,
05HJNG-E,,,,
0GGG49-E,,,,
0012Q8-E,,,,
000WHF-E,,,,
009RLD-E,,,,
006L7M-E,,,,
0HW576-E,,,,
0C7LDR-E,,,,
05TYNN-E,,,,
06P6YK-E,,,,
0GFYFD-E,,,,
009R9M-E,,,,
05LBNT-E,,,,
05JH4Q-E,,,,
0B5R22-E,,,,
0013QC-E,,,,
000SX3-E,Data not None,,,
0G27Z2-E,,,,
0084YK-E,,,,
000W64-E,,,,
00D2Q1-E,,,,
002HN4-E,,,,
0JWJW9-E,,,,
004J0V-E,,,,
00FYSV-E,,,,
09ZMDD-E,,,,
004DY4-E,,,,
05G7YM-E,,,,
00BL93-E,,,,
000KRC-E,,,,
002V9J-E,,,,
07C4NH-E,,,,
004BVL-E,,,,
000CPH-E,,,,
002K39-E,,,,
0K9C9R-E,,,,
0DLBVW-E,,,,
000CKL-E,,,,
00D1FK-E,,,,
00BR90-E,,,,
000XSK-E,,,,
00C3P1-E,,,,
0022H5-E,,,,
0076ZC-E,,,,